# RA Dec z
46.779184 17.427149 0.895671
38.341993 21.332640 0.890859
60.328914 27.633102 0.896342
59.878885 29.723867 0.885252
64.529393 24.618838 0.895637
36.520230 21.653455 0.895796
61.330787 29.691169 0.886846
44.466447 32.012232 0.899008
40.244900 16.737595 0.893120
51.692088 23.703171 0.890084
58.891175 19.306191 0.891131
68.410871 27.809771 0.885414
46.412475 31.675328 0.896481
72.625841 28.747383 0.893420
51.350523 29.760786 0.894297
60.564990 17.650734 0.893642
52.817943 23.651685 0.890868
57.579558 25.301237 0.891942
56.521927 19.905919 0.890835
58.617053 31.532454 0.896809
47.334932 26.076907 0.897924
70.121479 26.782201 0.886117
50.825172 19.582748 0.898300
50.455456 26.215050 0.894500
47.965299 24.746200 0.885069
37.317307 21.726869 0.899076
41.271194 18.916712 0.887495
54.905754 21.607557 0.890892
72.180856 32.331030 0.890125
47.867717 24.626083 0.894087
75.031634 27.185047 0.898999
62.859061 15.767610 0.887895
64.341553 30.930119 0.898787
61.191896 31.513812 0.889420
73.029784 24.017136 0.890197
50.515341 16.872967 0.890639
51.158366 31.372331 0.887159
56.716079 24.726686 0.892693
70.580224 24.217653 0.890217
47.804544 29.662264 0.886585
50.521229 25.063227 0.890912
66.287869 17.936019 0.892238
44.293499 26.157473 0.896800
74.831047 29.037358 0.887311
64.319542 31.266443 0.891295
63.395951 20.598774 0.894439
47.752982 28.683721 0.894384
62.270476 16.052915 0.896864
66.031809 28.698973 0.895316
47.683488 14.334648 0.891386
72.590517 24.609446 0.897927
48.517815 28.557899 0.885754
69.434563 26.929821 0.888787
66.147760 19.624078 0.894392
59.801583 14.589509 0.893899
48.225159 22.115444 0.888800
56.655913 28.715467 0.894860
39.942367 21.906521 0.892712
60.654254 21.473474 0.892023
40.580405 20.973502 0.897387
55.256301 18.433964 0.891605
57.031286 27.875409 0.885663
36.276497 19.015839 0.894902
47.764436 20.705395 0.894538
60.840050 24.224542 0.887873
46.723133 20.806270 0.893725
69.207893 27.895777 0.891790
45.798914 31.423739 0.885773
58.107291 25.067385 0.898922
59.645648 24.111016 0.887842
63.044603 17.858348 0.885815
63.731413 23.868504 0.896480
75.371212 27.077792 0.894348
65.300364 18.831436 0.885040
52.566404 30.550982 0.890659
38.945511 17.088959 0.889944
75.725600 26.958174 0.898474
66.503981 27.131235 0.897091
61.920016 15.568383 0.896324
45.042303 28.256192 0.891304
45.300038 20.430164 0.896685
37.861579 27.501636 0.885536
73.951744 23.839141 0.889938
72.712350 28.005402 0.899171
57.632366 20.319337 0.886861
44.349531 17.994574 0.888058
54.284371 15.470352 0.889624
57.120156 19.819757 0.888070
57.611180 29.744451 0.893751
64.797325 25.780946 0.899847
51.031593 26.808833 0.892562
48.907992 31.297685 0.895506
72.978784 31.756629 0.897051
56.577374 26.455518 0.890640
50.610667 22.962864 0.899325
70.926513 23.825417 0.898534
48.359683 13.821033 0.887111
58.253805 22.304010 0.885727
61.871198 29.371993 0.891640
61.660250 21.021278 0.899144
62.689884 26.393878 0.893405
67.267519 28.970985 0.895044
58.457640 17.482969 0.899593
53.184741 24.836778 0.889377
41.646142 18.765426 0.889732
43.578726 18.310028 0.893165
60.776147 27.771819 0.891850
59.875559 24.908011 0.888553
66.296203 15.865743 0.890811
40.364335 28.239162 0.898605
52.180675 15.333655 0.894001
56.386613 32.527300 0.893517
46.632556 17.674195 0.888222
59.313321 14.732407 0.887365
39.288937 27.790895 0.889514
60.996255 31.424851 0.898497
47.531634 19.155015 0.897769
52.624018 26.619519 0.895445
55.964058 14.654114 0.890862
42.435473 22.298881 0.898627
48.169659 20.539060 0.893856
47.041334 24.392341 0.897777
53.109772 15.143613 0.890618
72.291314 28.932592 0.896889
42.885100 23.063664 0.892224
52.699330 26.195676 0.893549
61.411068 29.669043 0.887411
40.239896 26.138678 0.886647
49.166498 15.826790 0.892442
53.630296 16.057620 0.886398
52.744024 17.132748 0.886706
57.808423 32.173378 0.893847
68.730614 30.963583 0.898104
50.831346 22.007129 0.887686
61.434272 21.693195 0.891664
37.803000 24.684581 0.896923
56.852156 24.895306 0.891909
64.509915 20.894792 0.891438
43.014845 23.469198 0.894769
65.965280 18.205705 0.889083
42.620577 29.406909 0.899601
55.140138 20.151210 0.886820
46.336705 18.823513 0.892437
55.613930 24.291485 0.897708
47.771191 28.613888 0.885091
47.464973 26.032247 0.888019
48.940506 15.142687 0.889122
68.357940 25.346724 0.885966
58.888274 22.671971 0.891301
70.627778 31.282024 0.894660
65.742207 21.485478 0.891679
49.293943 14.518531 0.889867
66.789667 27.646311 0.894459
36.681792 23.480478 0.897550
71.385067 30.837289 0.892696
52.378255 17.950727 0.899645
69.140458 25.996350 0.895554
42.643935 23.192842 0.896573
59.641472 25.988297 0.899607
58.842139 29.514713 0.899997
49.182471 14.808698 0.899609
64.556146 29.899111 0.899641
71.664388 26.341636 0.899303
72.422958 28.516801 0.886360
43.553405 29.052406 0.899423
64.053622 18.112907 0.896404
43.716893 31.307073 0.899033
48.744109 29.517970 0.894556
59.933365 24.904834 0.898191
42.656807 20.453737 0.887889
61.341290 18.082032 0.893429
45.302858 25.989652 0.887446
37.930202 25.975219 0.886140
50.183641 27.037802 0.885337
69.987116 29.563415 0.887322
36.114048 19.266032 0.890496
43.578001 26.750213 0.896573
36.758519 20.847600 0.899542
54.149996 16.616823 0.894298
62.656604 24.434421 0.894064
62.822207 26.929149 0.894831
62.084750 24.176703 0.892760
58.846582 16.013285 0.887982
75.970210 29.891095 0.890926
52.843456 16.042799 0.899950
56.589164 20.947426 0.898400
49.015961 19.271711 0.899265
40.760987 25.568551 0.897608
56.463357 16.061383 0.889486
50.366756 22.548042 0.896072
44.047099 24.489315 0.895205
52.591687 27.248885 0.889120
73.726484 27.025646 0.897730
47.428970 32.351897 0.894854
52.258874 29.757434 0.899537
58.507813 18.106110 0.885067
56.908034 26.629136 0.886592
74.494067 25.615783 0.898603
57.447471 18.446381 0.899572
64.880139 21.438448 0.893139
73.468796 31.524081 0.885831
43.513670 20.660171 0.893465
37.030704 17.967134 0.889499
55.235970 16.472314 0.899394
60.704057 19.395290 0.899296
45.811552 16.420390 0.886287
65.363171 17.147449 0.891143
38.508809 22.115329 0.893868
46.452924 27.878755 0.886943
59.296741 16.295146 0.891497
64.000690 25.680153 0.887044
40.506336 17.139409 0.894715
56.207359 14.217523 0.885455
43.325953 19.875337 0.893781
62.984139 22.835547 0.886813
36.767315 28.513353 0.898882
74.519288 23.616067 0.898967
56.851654 26.994578 0.895044
48.142522 23.060587 0.891892
36.010267 19.269302 0.892127
57.705033 14.946064 0.895590
40.921138 28.653208 0.892785
56.064437 29.284436 0.889077
44.014498 16.808268 0.892977
65.834595 18.633718 0.887908
46.931008 17.969256 0.896906
74.125156 31.113095 0.895256
61.064549 14.425610 0.890151
75.073512 30.242768 0.892120
75.747605 24.415197 0.899639
42.168983 20.255409 0.888303
53.096561 25.223531 0.888652
61.129190 25.375228 0.893604
66.790017 30.563293 0.895878
42.607530 22.528830 0.898403
67.045631 25.695238 0.887093
67.603692 29.107519 0.889625
58.339142 18.887421 0.886906
66.195259 29.618962 0.886212
60.088502 17.945376 0.885995
54.281544 17.226479 0.897308
42.182440 17.983103 0.899490
54.367464 15.631795 0.889207
48.487928 23.795343 0.898981
46.234865 18.166309 0.887268
59.542268 24.435100 0.885383
38.671210 25.148547 0.896291
35.963744 22.588823 0.894686
74.014970 30.645442 0.885089
47.557729 23.279110 0.895188
60.017640 17.182136 0.890518
61.213228 28.457995 0.899193
75.039396 32.263276 0.888005
36.277284 27.246671 0.891379
71.783531 26.274882 0.899886
64.792002 25.795686 0.893797
50.964230 17.357837 0.890232
59.993554 19.256317 0.894582
44.727977 19.091239 0.885368
59.649317 15.376166 0.896447
57.721854 21.254011 0.886555
54.619486 15.016297 0.887869
65.785466 18.078135 0.893462
44.217734 28.683054 0.887112
47.581086 24.383414 0.898567
62.219081 27.473879 0.898150
57.230822 27.372093 0.894764
47.360635 26.134305 0.889295
57.492488 25.890840 0.890057
71.022996 26.697722 0.899080
64.058542 28.449222 0.899336
60.684066 27.475894 0.895118
51.513807 18.398530 0.898990
44.830885 19.171886 0.887581
71.685382 25.852339 0.887653
61.166228 27.158693 0.897051
65.024280 16.156897 0.891051
56.497131 22.395915 0.889767
53.377117 26.673673 0.898490
62.664424 18.619707 0.889401
70.630124 23.589613 0.887457
73.347351 26.060616 0.896489
50.595890 16.804846 0.890704
71.714277 27.738502 0.899238
53.199233 26.306922 0.887972
65.852930 15.454942 0.895811
42.516732 24.518280 0.890424
57.148529 21.939319 0.891452
56.714814 25.500791 0.894505
66.882031 27.044614 0.896021
68.214269 31.405947 0.890549
71.956296 30.280870 0.888664
44.277150 29.325100 0.896017
72.371493 29.057901 0.896780
37.328173 24.843132 0.890211
38.348195 26.125246 0.892976
45.183202 20.058917 0.890904
48.994954 27.825013 0.893337
62.221752 29.174317 0.891242
51.973656 27.086004 0.889128
40.096796 16.733697 0.888889
51.221798 14.523775 0.896314
55.143239 20.697853 0.899607
52.948850 13.856048 0.893711
40.897855 21.669184 0.885555
63.492767 17.001710 0.886415
61.223670 20.286634 0.890312
44.216718 28.251839 0.898625
39.491364 16.691801 0.892721
62.547455 23.310287 0.889271
73.333457 26.802881 0.891590
71.941233 31.302487 0.885833
37.816402 28.605901 0.895858
50.709217 15.012730 0.885100
75.800065 31.758178 0.893641
47.208365 23.003835 0.889463
64.216974 30.486163 0.892179
41.520600 20.412337 0.889969
45.898192 26.204308 0.887354
71.067193 23.973947 0.898503
72.418035 26.931023 0.887298
50.281625 25.718533 0.887132
50.493720 25.012866 0.891034
60.460588 23.236561 0.897971
45.907805 23.375572 0.898968
68.088174 27.034576 0.898791
57.354711 21.681303 0.890527
50.933953 24.508160 0.885598
55.874010 31.791340 0.888038
46.868196 31.994127 0.892402
63.692717 26.715755 0.898821
66.968593 31.669480 0.886320
41.423429 18.935937 0.887343
46.903891 25.965545 0.888202
45.104195 19.168348 0.898350
49.044361 32.373742 0.890812
51.117559 23.847478 0.891277
39.317403 21.163067 0.889176
58.432077 17.929035 0.895001
41.637498 22.486121 0.892433
48.398028 19.805826 0.897054
69.514226 30.435472 0.898706
60.612309 17.776872 0.892863
54.670508 26.803783 0.895028
51.604675 30.611599 0.896500
60.623774 17.978160 0.885028
55.841844 27.704726 0.896436
52.722608 20.703447 0.891893
71.834517 26.767544 0.890763
46.855239 26.241875 0.890912
58.225822 24.042684 0.889005
37.667137 20.649528 0.890224
42.879497 23.289154 0.894073
50.951704 23.654442 0.885224
46.078932 17.527892 0.899147
42.418405 28.806911 0.895574
54.781306 18.153834 0.895884
57.084832 21.675110 0.899741
49.053794 23.548274 0.897476
66.703064 28.464577 0.898998
43.048632 24.756565 0.897388
40.464501 26.947780 0.891055
72.140503 30.125840 0.894771
50.894976 30.089419 0.887923
45.476982 17.601249 0.891676
56.067085 16.265739 0.887550
48.004018 17.017286 0.899283
73.905457 31.252790 0.898393
54.525242 25.227024 0.897770
63.470123 17.310981 0.888314
56.583994 27.522719 0.888016
62.559469 23.178937 0.897596
53.346154 16.631192 0.893264
38.369847 18.172422 0.893757
64.048399 27.476671 0.892623
47.982310 21.346705 0.898916
47.490423 16.666494 0.890789
41.286195 29.895442 0.889887
45.094309 25.095362 0.893827
49.718513 21.712492 0.888342
70.692426 28.130928 0.896293
63.730254 25.206540 0.885451
65.053321 16.210977 0.894304
68.366155 26.430319 0.893434
59.423703 18.763858 0.885104
42.321851 29.279745 0.897345
41.139612 17.666988 0.899426
48.193028 15.290386 0.895287
60.124842 31.051760 0.890812
51.517920 23.009883 0.893916
52.691460 25.858907 0.899648
63.082859 21.894024 0.887042
44.922702 21.394829 0.896450
39.277910 23.331881 0.888972
50.890329 17.003681 0.898762
43.406266 25.728703 0.896795
65.867527 21.432220 0.893429
75.098289 24.180522 0.890265
62.220009 23.760273 0.890167
62.561237 27.910295 0.894729
62.463452 29.601935 0.885451
46.202388 30.475546 0.895154
58.222557 27.978455 0.894433
46.250489 19.497310 0.887071
60.546317 26.901057 0.893431
55.383321 30.590761 0.885680
63.192656 23.746379 0.889355
53.941600 19.239034 0.891655
45.124600 29.688707 0.897221
52.580323 26.160554 0.892212
40.690899 16.952372 0.888217
42.350257 26.777426 0.899149
59.960927 21.460940 0.896744
51.689503 21.112346 0.896876
71.104226 30.415836 0.897378
61.018164 31.017378 0.891351
49.822503 16.790655 0.895515
73.238133 28.250522 0.894023
53.049663 31.218471 0.888913
56.447389 30.357434 0.893604
65.618775 30.567283 0.887416
68.079823 26.897650 0.888490
55.724222 28.985731 0.891606
48.978487 22.354453 0.898862
69.365167 26.015245 0.898560
42.432415 32.434340 0.895181
37.517970 25.062204 0.887375
48.305227 18.478299 0.890936
51.795253 17.557101 0.896337
60.518005 27.466090 0.898958
46.671423 25.707655 0.896105
56.657667 16.041127 0.886848
47.238063 25.423112 0.889115
42.794023 18.359530 0.886963
45.310876 29.159288 0.898505
59.876677 24.559411 0.887974
61.215568 25.138598 0.888927
44.349527 17.999387 0.896724
45.212884 22.286000 0.889768
74.265920 26.655064 0.885107
37.231545 24.031969 0.888536
37.080851 22.222984 0.895269
63.520899 19.131041 0.890448
59.055622 15.827691 0.899610
60.671700 17.100574 0.896538
71.003131 30.321493 0.892730
39.412254 18.246957 0.891970
59.635734 16.332738 0.889466
61.068288 23.562984 0.891715
37.422301 21.254332 0.894151
61.157917 22.410615 0.886681
58.200506 18.040363 0.897241
39.795481 18.310058 0.892605
63.434733 23.377212 0.888706
49.181467 19.299988 0.887544
52.899434 16.128826 0.896989
40.611449 26.628086 0.898680
64.043918 28.062197 0.888743
70.329759 23.280061 0.896992
56.481967 30.360085 0.885386
68.288890 30.910777 0.897258
37.129225 17.942300 0.890405
39.421742 23.848084 0.899532
46.343592 18.290028 0.889615
70.429399 23.485368 0.892254
52.776221 19.870215 0.892696
45.315831 21.728661 0.891224
62.809202 16.902466 0.898926
54.875568 29.588380 0.886907
57.272911 21.040218 0.889714
43.141248 32.043783 0.897992
65.782898 18.090830 0.893790
65.645090 28.908310 0.899370
74.705635 23.887079 0.890643
63.593487 31.542228 0.891645
74.592004 27.376105 0.890173
60.083186 28.369306 0.895761
59.793702 17.149289 0.897671
64.633147 14.747191 0.897678
61.582167 24.864159 0.888932
46.744979 20.017432 0.886414
69.478927 27.367134 0.889444
49.399275 21.941851 0.893607
46.724405 17.552489 0.899840
61.307944 15.114549 0.887332
72.123080 25.021782 0.892959
43.834310 19.091166 0.887086
71.083953 28.360700 0.892295
55.424581 26.118578 0.899681
62.175643 13.998800 0.898283
53.190932 28.015198 0.892045
36.071702 26.295698 0.899293
57.312439 19.531636 0.897485
63.799304 29.294958 0.885932
54.853290 30.593397 0.886858
52.490871 31.198894 0.889784
62.123539 14.055574 0.885477
41.944021 22.098732 0.893036
74.544357 25.380705 0.889146
63.039651 13.894186 0.889798
67.064453 27.225759 0.885673
63.352709 18.341785 0.889201
56.048396 19.630678 0.892826
75.666331 24.232398 0.897914
62.489108 19.457709 0.895177
50.493781 25.168617 0.891185
41.850735 19.806961 0.897121
58.335021 28.963190 0.887208
55.777343 26.284269 0.887655
48.860833 29.597977 0.896851
63.781574 32.202678 0.885985
48.961019 27.811595 0.898915
51.544317 31.521296 0.898294
46.979419 17.897450 0.897783
64.453802 22.958451 0.890676
51.259804 20.250992 0.892923
46.245310 30.495818 0.897166
67.075525 24.346887 0.888380
64.780143 28.018034 0.887722
61.264782 19.508808 0.889931
54.883409 18.489743 0.893104
64.784005 27.037703 0.887867
54.846844 19.652563 0.886000
58.891963 31.619720 0.899925
56.731421 25.489804 0.898064
62.893203 20.739055 0.893129
64.107906 15.404782 0.895619
53.679605 16.721955 0.885000
47.424587 23.787511 0.885762
63.167876 26.406613 0.898243
75.509946 27.630339 0.898860
64.656395 28.613169 0.890402
47.624460 20.885787 0.896638
72.614201 26.220848 0.893252
46.547359 25.532071 0.893478
62.083956 27.590117 0.896595
52.910909 18.895171 0.890052
73.863998 31.603500 0.897687
43.657981 29.625238 0.891360
43.974041 19.128916 0.887394
52.694781 14.419529 0.896696
55.213661 24.281290 0.899065
37.253354 20.554724 0.897230
45.421178 28.681027 0.892673
48.381029 19.432126 0.890061
55.706293 27.379376 0.886890
43.781618 32.042042 0.896984
47.762794 29.219623 0.894747
54.421421 23.677472 0.893823
36.033860 18.797025 0.895895
53.244268 21.825266 0.899790
52.409105 30.713544 0.896936
44.818032 26.272765 0.898606
49.814841 30.022799 0.899080
42.835400 18.683455 0.886311
66.256219 20.633036 0.886279
66.422192 19.306071 0.890839
68.924127 31.310140 0.888590
56.587804 18.866849 0.890539
37.128901 23.039665 0.885289
52.934640 30.924853 0.888563
60.088951 17.331425 0.888209
59.334149 27.947548 0.888934
64.742435 23.761678 0.898566
71.385831 25.525215 0.887790
48.245571 14.428889 0.889357
75.211762 31.553000 0.887330
52.483292 14.265662 0.887730
60.183149 31.191935 0.898799
72.799053 26.460508 0.895364
38.290266 20.938888 0.886885
64.655403 29.617664 0.886030
55.701664 28.189907 0.899154
41.518312 26.906980 0.899590
56.361329 31.470290 0.899237
52.659666 22.265012 0.889243
47.187000 16.587324 0.897791
46.910234 30.617636 0.888160
54.780369 21.500728 0.897962
49.941949 29.378679 0.886807
48.377494 15.180603 0.892534
39.665796 24.390849 0.888237
49.545037 13.928128 0.895620
73.999375 24.499770 0.885770
66.368889 26.577883 0.890760
60.053930 16.845509 0.887711
63.633476 16.522730 0.897649
47.058441 32.392621 0.894022
61.522647 25.896318 0.891181
48.784059 15.606338 0.889734
57.397029 17.705468 0.894561
37.459566 27.905537 0.886464
74.516469 23.551420 0.899129
64.642022 29.591565 0.892480
57.898295 32.481402 0.888485
45.019597 27.204550 0.889412
60.062213 24.501143 0.893620
41.382156 31.433008 0.891274
59.516500 17.778958 0.887438
65.111789 17.116912 0.888969
63.218972 28.786399 0.887780
53.350755 22.190250 0.894560
38.337692 21.366978 0.885203
55.536597 30.862031 0.898663
62.184082 29.765819 0.886969
51.569889 26.005936 0.899333
44.642315 25.007440 0.893065
37.311764 27.023064 0.888297
54.277711 17.523595 0.898639
47.327641 16.779830 0.899276
71.100925 24.184913 0.892115
36.847046 27.379861 0.887558
50.574088 31.663034 0.892374
38.131739 23.304876 0.888660
60.165219 27.031453 0.897740
62.119326 16.979474 0.887664
60.160145 14.778911 0.896513
54.336664 15.699808 0.892058
38.994048 28.222768 0.896120
56.821904 24.960778 0.892893
53.959535 13.951240 0.887164
51.279996 23.156284 0.891613
64.992368 16.963507 0.896470
41.061005 22.825235 0.891364
39.233922 17.928145 0.894641
37.668231 20.109366 0.896690
46.965915 26.562280 0.894046
67.370375 27.513909 0.895358
57.586656 21.033148 0.885768
48.998182 23.658352 0.890793
43.083985 19.171070 0.892896
41.318788 31.876893 0.893588
58.572388 15.038241 0.899310
50.934888 25.145572 0.893744
67.045649 25.677355 0.886336
46.235034 32.304678 0.885225
62.571118 31.063246 0.889272
72.362717 28.403153 0.899525
74.696686 28.539945 0.893762
41.083965 26.808889 0.887055
66.256696 31.809674 0.899505
50.871579 18.375388 0.891656
52.307774 25.192272 0.886912
52.918069 21.216003 0.893706
72.450942 28.432217 0.893118
44.564267 18.797845 0.889899
66.004266 30.161625 0.887042
51.610256 28.185768 0.898545
74.208545 24.403465 0.896149
53.649652 30.965408 0.895859
66.369547 29.411285 0.891965
56.659137 22.865878 0.893978
65.134458 29.402602 0.888195
58.080331 30.671039 0.895679
73.199279 22.994872 0.893536
47.099777 16.332985 0.889348
73.718963 26.726233 0.892382
61.839597 20.621895 0.885445
62.479183 30.064698 0.891425
65.915119 31.552398 0.889216
63.610856 31.349239 0.887564
44.895471 26.094089 0.887254
39.403348 26.064769 0.889653
65.545730 20.490457 0.889354
39.022415 23.268002 0.887603
54.758322 25.093582 0.898021
51.050239 22.279174 0.887636
50.968165 31.664399 0.897117
40.061129 27.297195 0.887902
72.777641 24.777893 0.890681
60.859109 31.486379 0.898660
62.635106 20.246792 0.899861
46.181130 16.772441 0.886568
64.786646 30.749754 0.889117
69.817483 28.282097 0.891886
65.567645 18.583519 0.885533
51.592907 31.935093 0.888115
50.033844 15.697805 0.889523
65.929831 17.138813 0.888479
57.602943 23.173187 0.894211
52.836260 16.408159 0.890747
36.193650 19.176513 0.887942
62.439888 31.730545 0.888462
49.749689 32.411581 0.888206
65.363215 16.038592 0.896698
38.165618 22.404552 0.895818
52.770270 14.787720 0.896956
41.506447 18.749442 0.897756
50.356028 21.350840 0.887778
51.907087 21.511261 0.890452
48.638714 15.260331 0.887467
43.328274 26.884700 0.894913
36.196404 18.098855 0.889220
40.795888 24.295366 0.886192
38.330195 19.885806 0.885795
69.617520 28.110266 0.897054
62.575292 30.896501 0.886792
66.345702 28.534353 0.894766
41.588847 23.188110 0.888574
66.378653 30.603356 0.897501
65.846466 23.809075 0.898077
61.136329 26.827796 0.885468
51.296411 14.230031 0.899667
57.264780 13.803956 0.899038
48.405278 31.225164 0.885039
36.938519 19.354326 0.897625
51.553439 28.151332 0.897108
43.233025 31.325062 0.899105
61.740866 30.614953 0.886176
54.648391 28.567676 0.892638
49.397784 18.170197 0.896289
56.140909 18.336410 0.890481
46.466744 28.194174 0.897117
73.123174 31.716366 0.891165
59.648373 29.785839 0.890620
62.818800 19.275026 0.892973
60.424966 22.980787 0.886573
41.584634 19.356160 0.886689
57.973897 15.041849 0.888046
52.116928 25.199836 0.892045
73.481519 28.843782 0.890228
67.575127 23.669494 0.896272
66.473846 25.962841 0.896418
42.736478 21.655476 0.894500
44.243477 18.398502 0.892493
71.990025 27.319947 0.896047
69.457420 31.000676 0.891116
44.947079 19.877228 0.890964
46.202769 29.003560 0.887631
65.984099 23.080909 0.895265
46.693465 25.609383 0.897417
63.262312 30.178713 0.895019
40.174479 28.162046 0.891052
48.751731 15.662888 0.898886
62.243650 25.852287 0.897688
51.771903 16.309292 0.894288
43.631959 21.928999 0.886172
65.032299 28.570241 0.889384
39.667194 25.177076 0.893967
65.301034 17.122014 0.892337
44.736536 17.296285 0.887146
49.105641 21.664591 0.886435
56.855377 32.368084 0.891523
65.031205 28.953596 0.886911
43.169470 28.979323 0.894162
57.015346 27.301763 0.898882
51.248752 28.962580 0.897791
45.696594 18.630686 0.893563
44.117450 19.826102 0.899406
42.298776 30.943976 0.888231
73.838088 25.731984 0.897604
53.882903 17.365616 0.894966
42.002868 18.518703 0.894140
39.164683 18.823241 0.898443
49.274446 14.815288 0.898396
40.379098 17.542190 0.898085
46.769457 23.017101 0.889794
62.532378 14.649093 0.888827
65.125910 23.908575 0.886665
53.222934 18.161068 0.895024
69.128360 28.607690 0.897623
64.450147 25.650315 0.894014
39.173002 22.211876 0.888420
62.355342 18.717392 0.888063
66.491772 14.869098 0.888657
73.139948 30.926747 0.889931
51.408130 24.316822 0.893316
54.652309 18.412206 0.889377
41.456802 19.736523 0.889317
36.332893 20.790466 0.887418
41.621272 18.024931 0.897284
50.141858 27.252783 0.889275
53.760769 15.954496 0.889876
38.739173 17.411892 0.888867
67.557255 27.668285 0.899687
38.039910 17.302577 0.892414
43.235604 23.592751 0.896782
56.924944 21.690273 0.895599
44.589187 20.272689 0.888820
51.835004 29.103615 0.894024
71.991280 32.467999 0.889256
41.922513 20.068938 0.890682
49.890897 21.708083 0.897533
58.016015 32.223970 0.892468
43.230767 20.283700 0.885133
64.460301 29.896542 0.899528
38.611240 18.838150 0.898582
56.508514 18.278375 0.886386
45.469945 25.820280 0.899274
64.175398 15.347421 0.890587
50.833895 31.213349 0.894369
54.853568 28.197466 0.898580
41.717063 18.483920 0.889980
51.076062 30.007400 0.898460
66.349365 19.131858 0.885951
69.477011 28.379818 0.898011
65.150903 15.897622 0.896670
65.602928 31.789247 0.896141
73.423729 23.309201 0.890369
53.923043 29.110380 0.893957
60.228583 16.893843 0.889932
53.216711 16.563036 0.896998
51.209891 28.090640 0.893838
52.811088 21.645807 0.887251
68.337140 26.591010 0.886435
52.917069 15.666228 0.891202
51.395449 23.206891 0.890406
44.890603 22.750798 0.898525
55.190168 15.198036 0.892937
47.932322 29.450830 0.893630
57.516832 27.699108 0.899223
61.949352 19.161655 0.892324
63.068390 14.005977 0.889850
61.777891 25.442248 0.893893
58.621947 25.741108 0.899428
50.529030 18.708812 0.899380
46.939311 26.412264 0.891378
37.761419 26.989141 0.894155
37.153203 21.003263 0.895984
61.678204 20.469105 0.892432
61.083209 14.693361 0.889701
40.095692 27.480630 0.886430
61.530182 23.192489 0.885411
61.228427 32.238922 0.889401
50.267042 22.274295 0.889032
67.648838 28.906597 0.894788
39.546220 17.609665 0.885887
52.412357 30.270629 0.889420
50.607311 14.387061 0.885691
75.562613 24.116529 0.886050
65.850321 19.434922 0.892458
58.360493 23.999488 0.885809
46.215943 19.486053 0.886754
60.156962 31.155473 0.898605
45.443926 21.505870 0.889177
37.389472 24.603327 0.894656
48.735719 15.757905 0.894787
40.713962 25.542677 0.897555
51.499445 24.822055 0.897616
37.987782 22.291124 0.890286
67.406928 24.255243 0.888644
57.499573 31.409825 0.899120
62.822653 18.274653 0.889224
40.886461 20.751535 0.889190
37.465849 27.684133 0.891992
45.184406 26.982565 0.891439
51.936411 15.261917 0.899929
55.022010 19.349316 0.889724
71.089032 24.080293 0.898409
47.244471 31.671121 0.899391
50.449538 23.276509 0.886896
50.144586 14.379599 0.889474
58.174458 32.041306 0.887778
44.105362 18.765748 0.891986
41.896609 22.002408 0.895246
66.051016 25.631683 0.897117
60.148922 28.021268 0.892235
72.646470 28.568333 0.890744
71.789080 26.556481 0.890360
63.302741 17.683416 0.887464
63.224780 21.609107 0.886709
46.211646 25.825199 0.890066
61.970521 14.757176 0.889793
54.584124 24.486814 0.894060
59.757817 22.228201 0.888841
66.339171 21.253261 0.898882
73.745134 30.972945 0.899705
55.791973 30.073538 0.898737
67.766720 28.808340 0.898171
48.884056 15.653989 0.894307
43.834498 18.325672 0.896895
56.270713 17.423793 0.895067
54.307304 15.097595 0.888829
42.015803 32.066736 0.890719
51.072136 30.496037 0.895299
45.479374 27.287227 0.892363
50.299061 24.830870 0.887335
53.614291 16.755143 0.889643
41.243958 24.699534 0.890058
73.419977 26.904601 0.885819
64.799761 19.093755 0.887636
57.245682 14.082426 0.889687
57.450290 29.896545 0.891701
65.306681 15.714642 0.898709
38.908532 27.669784 0.896222
47.835734 23.754496 0.889143
66.768836 30.010333 0.890619
70.619205 32.083532 0.889380
46.690588 22.380818 0.890559
41.012709 21.208658 0.886371
44.326617 18.990468 0.894837
58.403933 15.925468 0.888551
55.166741 21.903956 0.889393
63.421891 26.787173 0.898435
61.836529 27.680650 0.895047
53.664968 18.145510 0.897895
60.228636 29.229911 0.895416
43.355859 26.172510 0.890211
62.032938 15.430444 0.889068
47.833797 14.472431 0.891716
64.820431 23.861104 0.898765
63.071350 26.746078 0.892385
61.224492 14.995775 0.892497
48.302141 24.822815 0.893080
57.769766 25.089077 0.891177
73.488123 29.339078 0.892453
52.519589 21.609268 0.892722
43.849670 17.142774 0.892626
70.880860 24.272170 0.899715
73.426328 32.303012 0.897397
56.138374 25.300721 0.894787
62.916165 19.206626 0.894260
63.810682 14.886318 0.894993
42.429077 26.969675 0.899908
54.264399 17.660132 0.889194
71.692897 24.405839 0.886639
67.323299 23.217997 0.897666
64.068507 30.091665 0.896963
53.094932 24.838845 0.888536
37.416204 21.184066 0.885085
38.773911 18.601224 0.886418
52.752310 15.331540 0.887556
46.840253 16.484862 0.893686
36.229157 22.357829 0.897553
61.190645 30.749719 0.887955
54.436730 27.948762 0.890819
49.493461 19.502111 0.885605
54.766876 30.045594 0.890912
71.943968 24.436109 0.887138
39.413549 17.221717 0.887947
51.644829 29.830604 0.894664
61.096452 13.920650 0.892334
41.038420 19.458065 0.893314
66.405938 29.572377 0.888614
47.022686 31.547094 0.886097
42.285111 20.146792 0.893728
45.637902 16.504888 0.888477
65.672989 18.629269 0.887362
67.140071 29.634505 0.896367
53.214473 14.969439 0.896666
62.213442 17.645332 0.893262
48.650629 13.783440 0.885940
54.861041 28.950357 0.892606
62.368068 27.282677 0.892799
66.581698 21.757283 0.885870
44.935517 25.712621 0.887091
60.334634 31.619581 0.893654
65.000308 29.474231 0.898661
56.534464 32.492124 0.892566
55.433422 27.699625 0.891678
49.695904 19.130904 0.885300
63.656785 19.095029 0.891622
56.084507 19.669889 0.891678
59.157033 25.931789 0.886931
52.089298 16.675852 0.888833
45.539734 20.193979 0.886301
55.714362 27.912535 0.886641
51.145003 26.999029 0.898757
42.383428 21.441444 0.893204
67.042797 24.239802 0.890931
42.596271 23.917853 0.888035
38.583399 17.325728 0.889987
38.753635 17.349852 0.897837
58.241733 17.333448 0.894941
53.995637 15.163395 0.897827
41.453623 24.300295 0.895193
61.153077 26.266597 0.896232
66.413981 20.142709 0.898658
66.759605 28.510783 0.885137
56.966923 19.410687 0.893248
55.832570 27.600431 0.897223
49.818062 14.906499 0.889287
55.193496 26.107799 0.891009
67.591736 30.625995 0.895256
43.612227 25.495318 0.887825
67.358557 32.490616 0.888317
50.880218 26.427198 0.891651
50.399289 23.028920 0.893488
52.731342 13.887962 0.893378
56.830195 25.562261 0.894859
62.955251 31.928259 0.886405
53.154439 25.185620 0.891232
61.104824 30.235245 0.898863
72.332040 26.546981 0.896843
63.078808 27.308365 0.896322
38.781463 21.156433 0.890968
64.766941 16.278973 0.886758
68.228570 26.843541 0.899285
49.030365 19.261949 0.894879
47.678230 18.216346 0.896278
71.299794 31.912591 0.886587
43.502498 22.390391 0.890290
60.437868 22.894492 0.895886
64.459101 32.317073 0.894914
50.939845 17.249428 0.897009
38.819615 21.706465 0.888103
68.329213 25.726228 0.895832
74.363456 31.785923 0.886782
51.511288 14.992462 0.897802
58.078513 29.019496 0.886925
66.231134 28.231567 0.896580
46.829414 26.101721 0.888412
48.767512 29.180724 0.890543
40.070501 21.008797 0.885394
60.276022 27.671087 0.892102
67.324574 28.645710 0.898625
70.706947 28.745410 0.888312
66.264809 19.226295 0.894827
58.664801 24.210416 0.893464
55.643432 24.995522 0.897558
38.094042 22.156465 0.891818
56.995039 32.295930 0.895433
50.523104 30.444828 0.898432
54.332651 25.247890 0.897936
53.533064 19.177860 0.894157
56.030389 14.168430 0.885114
61.051310 25.363300 0.892090
41.475825 18.402538 0.894033
37.818738 17.916224 0.886781
41.030808 20.230294 0.885059
44.618919 30.106866 0.890281
58.785560 30.684474 0.890299
55.116377 20.108836 0.899890
48.314698 22.389480 0.895794
56.075119 20.666504 0.887777
50.298495 29.648980 0.887992
62.810583 18.575344 0.886964
62.406382 28.588786 0.891607
50.380870 25.521793 0.893178
73.125753 31.873501 0.897901
52.193569 16.943738 0.898322
65.156167 15.578199 0.886098
72.807555 27.215005 0.885573
51.002206 22.410132 0.887217
51.200733 21.251146 0.889953
44.233077 17.712753 0.885250
63.017663 18.027407 0.885860
48.579066 24.229019 0.891025
52.756517 15.310042 0.887761
57.056242 28.856999 0.892854
55.877077 30.225328 0.893331
71.521589 26.844311 0.899258
49.879483 14.555093 0.899078
47.068461 26.182749 0.889376
55.464952 22.146940 0.898167
47.502048 24.040307 0.891273
45.173014 27.129460 0.890602
45.517777 18.719716 0.898073
68.128355 26.835070 0.899256
59.915776 23.937857 0.895258
56.468530 32.520419 0.892953
51.469488 31.780318 0.885546
42.158019 22.624404 0.899730
71.165856 24.463789 0.896329
56.306754 22.188281 0.892498
55.027113 15.292067 0.892377
60.163678 31.731393 0.894822
53.406588 26.310754 0.894645
44.475162 17.683518 0.887930
56.790407 24.329707 0.885989
57.412280 21.348108 0.895026
52.613518 21.632139 0.894489
47.212944 16.490507 0.892166
38.726549 27.244708 0.888459
69.073938 26.259112 0.895139
44.740689 31.994239 0.895952
53.596988 14.815057 0.896874
50.528419 16.294478 0.899362
46.684964 17.091763 0.897110
71.396858 30.811864 0.890467
64.991489 14.743062 0.898340
54.111762 19.000253 0.891427
44.543658 21.561634 0.896456
44.045153 24.494449 0.894258
48.813222 22.640133 0.888329
38.120537 22.481288 0.895963
54.779461 31.743604 0.885500
48.295906 14.834001 0.886406
66.613799 29.697968 0.885138
57.514380 22.257729 0.896192
42.480285 30.624069 0.893030
52.895399 19.403832 0.888765
75.081142 28.955211 0.887256
62.410540 28.363234 0.890354
75.890991 24.279610 0.893536
49.689878 25.345270 0.896924
57.631706 24.748903 0.897384
57.940707 28.905929 0.899700
59.566491 28.616810 0.886986
73.975607 29.128259 0.886827
44.733547 27.383934 0.886527
66.875110 24.653299 0.894023
49.916746 15.322440 0.894483
42.334201 24.483766 0.888227
49.862159 19.908735 0.893059
74.117362 25.801783 0.897463
57.168293 30.496405 0.892199
47.356116 26.446694 0.898968
59.985882 27.840976 0.885158
52.797572 16.422563 0.893852
67.462937 30.054002 0.888518
49.978701 29.932520 0.892285
37.759758 17.274090 0.894585
46.844037 32.277925 0.895850
59.503615 28.533472 0.890673
53.868796 18.466584 0.889572
66.518522 24.189049 0.899516
63.906552 23.071467 0.889910
55.043220 16.070856 0.892550
55.329111 22.924528 0.899100
60.287297 21.571312 0.886342
68.395302 23.823306 0.896018
39.137607 18.948825 0.885003
65.587139 22.416046 0.891049
43.884729 18.508747 0.888699
61.522806 25.853775 0.890081
47.017916 26.190201 0.889595
37.550705 27.785876 0.887898
63.401744 30.278526 0.886405
38.744146 19.878731 0.898369
47.640697 16.907292 0.886176
61.329434 24.019547 0.892018
74.306677 25.555480 0.894788
47.287946 15.915272 0.899837
62.762376 18.308833 0.895187
42.236580 19.717971 0.892561
45.442289 25.861719 0.898318
64.110189 30.135900 0.888671
59.369390 24.320270 0.886711
51.499875 18.079182 0.892083
57.658021 31.012694 0.894251
61.004394 24.761065 0.898247
62.488955 26.196829 0.888048
58.936311 27.685368 0.888664
54.012908 24.998675 0.895951
47.942644 24.663787 0.887564
70.624757 26.994756 0.888499
55.150340 22.401832 0.887479
69.126693 23.871233 0.898373
73.943745 28.880900 0.891942
40.396343 17.134131 0.893974
65.727990 30.749582 0.887282
54.953737 17.107527 0.896456
71.895799 27.012293 0.896717
73.660912 25.328230 0.890738
61.139774 17.883737 0.896773
50.721207 14.715153 0.898240
45.585998 19.587459 0.897084
74.543252 29.711828 0.894723
44.710950 21.490164 0.894843
64.584757 18.312846 0.898586
60.282714 25.752563 0.889398
56.180328 28.152785 0.898898
65.203187 14.342381 0.891118
59.060803 21.652255 0.893317
48.500322 30.259145 0.889861
51.490063 20.491769 0.885580
51.975379 14.603081 0.896475
53.860237 25.467948 0.893310
45.981147 30.780225 0.899704
61.713121 24.275762 0.897508
63.974933 16.288640 0.895265
56.635948 17.178261 0.897604
63.547528 27.242617 0.895002
68.734033 29.972813 0.897026
57.649154 24.638576 0.898914
50.264116 25.227579 0.896678
59.886683 22.954061 0.899814
52.694527 30.189157 0.887970
68.220246 28.090169 0.890537
41.247088 17.965761 0.896789
59.568038 17.664803 0.889969
67.261057 30.883134 0.895107
65.474530 25.873125 0.889987
67.296792 26.168316 0.897082
37.452010 28.184017 0.886871
44.262751 18.254089 0.895386
55.002232 18.353140 0.889538
67.234950 32.483108 0.896159
64.140464 29.767644 0.898945
58.469139 16.191815 0.898138
46.603716 26.853302 0.894591
42.404719 23.441871 0.886317
41.451099 16.691119 0.886946
48.536455 15.149591 0.890854
73.725762 31.354880 0.895546
42.480662 23.004652 0.897522
49.263717 31.944403 0.898574
38.433466 25.629819 0.893739
51.443445 13.916944 0.894648
42.334773 28.433257 0.885253
51.612421 29.765313 0.895060
56.750081 19.484638 0.891564
74.498614 29.996754 0.886157
63.264807 31.183692 0.892497
43.322627 27.445059 0.885012
70.115409 28.390383 0.894478
55.149297 22.210694 0.893596
41.661948 26.703177 0.889633
64.065689 27.930478 0.885371
64.192522 30.814004 0.895106
43.054546 19.713792 0.899037
57.637433 18.772801 0.893735
68.158835 28.622851 0.888911
61.133470 29.041465 0.899789
37.267744 27.947462 0.885349
41.699933 21.328048 0.892166
46.261436 22.997081 0.895804
63.574426 16.457223 0.897661
50.929185 15.109827 0.890224
58.161716 25.190082 0.897952
47.166437 25.846557 0.886621
47.346126 22.691363 0.899809
61.946184 24.883737 0.885351
72.991109 31.076057 0.889516
42.770712 19.028748 0.888819
42.904925 24.347829 0.897994
40.586288 16.823040 0.899055
66.002919 30.363932 0.896824
66.936079 26.743773 0.885650
69.218341 27.656892 0.893718
63.169082 26.937382 0.897840
69.290793 25.007692 0.895595
39.064955 18.893584 0.892090
58.104186 18.088816 0.898954
61.308091 25.969345 0.899243
61.879193 17.847371 0.894827
36.342413 18.243264 0.898929
38.149236 17.764745 0.896221
56.947620 22.103453 0.885835
39.655070 25.174298 0.892375
39.117080 21.901503 0.895349
55.707131 23.675637 0.895135
55.007479 22.274655 0.898713
62.867422 20.370347 0.889687
47.075821 24.365535 0.889496
70.745282 24.489758 0.890943
45.987310 32.513538 0.893049
62.196802 26.500103 0.896405
44.173674 20.778133 0.886069
38.008843 18.785426 0.888211
58.273603 18.833697 0.895267
72.819042 28.122363 0.887463
37.526173 28.002552 0.887164
44.594682 26.464662 0.895481
43.305062 27.285362 0.885715
36.519622 20.024202 0.894860
71.324261 24.798123 0.891401
60.059404 25.530222 0.895101
65.379994 15.999606 0.896246
62.986678 30.047655 0.897748
61.393687 17.977111 0.898551
53.447053 26.082116 0.892330
64.428249 22.968592 0.890483
48.858218 17.954050 0.893366
56.268885 16.106035 0.885551
61.858660 26.491403 0.891487
48.621601 14.293197 0.896693
49.499145 19.003749 0.889672
48.001139 22.020737 0.899106
45.003412 25.268714 0.894901
66.948399 29.077826 0.899105
62.058467 25.886719 0.899811
49.343651 30.028974 0.896243
71.692147 26.785375 0.897913
41.083741 27.009150 0.890941
49.882323 14.784702 0.891143
45.876563 32.236528 0.889479
36.154820 26.920528 0.897919
61.240725 18.970434 0.899014
40.295654 17.105601 0.894014
56.838431 28.521512 0.899633
36.928048 23.188756 0.886115
69.667897 28.381700 0.896822
51.389176 13.996560 0.892545
54.337166 28.801573 0.890635
73.817529 31.353388 0.897101
40.965739 24.251618 0.886190
66.698851 30.217587 0.889292
64.586846 24.890019 0.890576
50.372395 30.929297 0.896959
54.502600 28.056189 0.891919
41.970336 27.581070 0.887637
56.944762 25.028950 0.889075
37.905599 26.363983 0.897213
47.958289 27.625869 0.890153
69.473953 26.361177 0.890160
73.548027 26.857072 0.892222
47.259889 18.279443 0.888099
60.792428 26.901660 0.898257
42.636012 23.994238 0.886390
62.281361 21.097053 0.894103
49.377489 14.980641 0.885658
55.134059 22.297595 0.885027
46.018803 26.261237 0.894525
73.095394 26.337317 0.893790
53.372190 16.434881 0.894602
57.235891 30.381264 0.893286
70.761954 29.938334 0.892257
48.050296 30.298313 0.894576
49.517231 32.115405 0.889418
57.289357 30.868204 0.886622
42.737556 32.397836 0.894984
39.847680 26.877660 0.894310
40.308863 24.238745 0.891508
60.707677 16.796503 0.887888
45.185366 26.060118 0.892491
60.247041 27.179005 0.892619
51.054942 26.008879 0.895301
60.874970 25.174505 0.893501
56.140618 30.356854 0.896475
50.986837 22.099935 0.888636
58.828860 14.465716 0.889645
47.310946 14.368989 0.887520
58.739973 19.043383 0.890125
65.650769 16.096495 0.892140
64.708968 16.521714 0.895159
43.941182 27.288321 0.889495
50.828826 17.199120 0.899430
62.165960 25.217461 0.885922
52.631079 24.018644 0.892821
72.204246 30.028798 0.887037
63.934034 32.469053 0.886260
39.156101 18.597673 0.898634
45.966539 25.893489 0.889437
75.452662 28.820219 0.896841
48.956310 29.827048 0.893607
49.372858 31.949589 0.889750
37.821139 27.303889 0.897886
63.658067 27.230502 0.889153
45.275280 29.209003 0.890840
62.923216 16.121301 0.892625
56.107463 32.131068 0.896831
55.532481 26.386840 0.898994
37.721682 27.939901 0.890894
37.609218 23.233039 0.889806
62.921013 16.612871 0.888777
60.539026 32.286678 0.896681
48.240445 27.630059 0.899606
62.928971 17.358603 0.893494
61.099099 24.680070 0.898130
49.670654 22.403932 0.896294
47.826642 29.446509 0.891804
59.632605 17.919503 0.890107
41.708785 25.362421 0.888759
73.888897 30.651839 0.899925
61.561244 32.225872 0.885409
52.909493 29.378457 0.891052
38.126726 19.829717 0.893375
70.604924 31.252227 0.894850
52.792744 14.593721 0.894279
66.390091 21.782763 0.891200
53.013319 25.888182 0.898624
52.238429 27.656208 0.896751
59.589089 22.865880 0.886382
46.300660 31.640622 0.888373
73.507290 30.305643 0.899103
41.427684 17.889832 0.893977
63.698170 28.937194 0.886875
65.681894 30.397636 0.889578
56.224248 29.473447 0.897855
59.948286 18.223830 0.886548
45.319333 26.448060 0.894561
54.337060 14.346793 0.897997
58.679411 27.727335 0.895818
56.235261 15.316659 0.888988
65.561866 22.211442 0.899864
52.953479 23.681006 0.895283
44.511177 31.432040 0.889282
44.925224 25.658465 0.888522
41.675854 22.026192 0.892034
39.832105 24.931087 0.896586
56.047172 21.306128 0.894743
41.004716 31.199255 0.899271
57.505349 30.789979 0.887680
37.534061 26.551239 0.888576
44.899014 17.938352 0.894680
53.052611 19.402756 0.889514
57.341163 25.059209 0.895957
49.075517 24.417787 0.886071
57.362748 31.585826 0.892006
42.520923 25.502627 0.891719
53.430424 30.680085 0.886684
69.538910 31.843225 0.894747
61.727973 30.709474 0.892806
71.615099 25.992494 0.885830
44.726112 19.115570 0.886389
65.040315 28.790357 0.893316
49.544815 31.021620 0.895264
44.501984 24.964061 0.895723
54.487854 22.345411 0.890344
56.395878 27.599931 0.894916
61.064580 17.483957 0.887274
53.819499 21.825259 0.892633
36.287248 26.377355 0.899955
60.788307 20.880197 0.898095
38.104072 21.434601 0.892086
63.930305 28.616984 0.886033
65.389062 30.388014 0.886299
36.844957 17.841878 0.898674
47.476206 29.228022 0.896144
54.792431 24.761402 0.896174
57.236120 16.259658 0.896578
70.048180 25.139351 0.891578
37.563967 18.147985 0.893385
70.789880 30.346184 0.893209
47.010848 31.514905 0.886592
56.685665 24.191744 0.886555
48.038448 17.796361 0.887909
70.051573 24.905736 0.894062
41.982437 30.635420 0.889298
61.260771 31.964614 0.899484
55.778518 30.681738 0.893391
57.908532 24.608678 0.889214
65.670779 22.403646 0.892795
59.958198 19.702616 0.896035
71.596194 23.005381 0.896261
63.429810 18.286015 0.889136
74.763691 23.862932 0.893038
40.719374 26.381788 0.897052
37.773943 20.733579 0.889275
51.412391 25.636918 0.897062
71.820191 24.638350 0.899954
52.245661 22.049349 0.889731
58.469840 20.197650 0.890245
58.795307 23.146057 0.899132
57.500132 14.638783 0.895134
42.729463 18.227548 0.886144
39.940672 22.987405 0.898949
73.858154 24.398184 0.891702
48.744296 31.567054 0.891995
38.761778 26.966374 0.888256
70.201010 25.047246 0.899514
61.287000 32.018157 0.889716
64.373900 27.890528 0.896980
63.783533 16.577436 0.899561
47.811976 29.826066 0.897772
43.989838 29.398684 0.899015
42.738725 20.483035 0.897827
49.993850 24.480272 0.893132
62.298535 20.598348 0.897523
51.344756 31.206764 0.894844
56.271994 24.105660 0.885680
74.538722 30.173881 0.895381
47.342022 23.709859 0.894398
50.288823 27.559338 0.895277
73.068693 28.254133 0.889901
63.203309 28.170613 0.894650
52.660400 16.007446 0.896876
69.029179 30.454860 0.886545
56.329283 24.446872 0.885885
41.261742 31.561079 0.894477
59.727191 22.793314 0.894925
53.479206 29.367052 0.888258
42.739891 23.106561 0.899188
42.111870 22.530707 0.896901
55.378709 16.362530 0.885433
60.708905 24.220604 0.897345
62.613829 29.295529 0.893508
69.712131 29.006112 0.898493
37.468725 27.739934 0.893028
46.750359 26.837068 0.895782
57.509211 25.092225 0.897545
62.716201 23.324974 0.897793
65.478458 17.881239 0.894855
36.796861 25.754492 0.885468
73.844481 28.831838 0.892180
72.088630 25.958577 0.891842
55.170846 16.051864 0.894147
42.287759 19.700732 0.886820
66.995920 24.153165 0.889561
59.128440 31.395488 0.892456
53.993465 21.762572 0.898113
56.329603 24.734652 0.886508
54.449824 29.390406 0.893017
69.054273 23.633700 0.899823
73.182504 26.755398 0.896117
53.655062 26.323126 0.895588
68.208592 23.659728 0.890219
42.625851 19.314329 0.892767
45.110980 20.707914 0.888434
66.047625 31.565108 0.892055
62.683260 23.062004 0.899654
69.384747 32.132610 0.898976
58.161460 27.293051 0.889193
68.791807 23.709532 0.892832
38.121799 21.084186 0.888332
65.081250 30.786490 0.895053
53.229848 16.298184 0.894031
58.342878 24.598693 0.896906
69.618938 26.208874 0.893721
53.372836 16.753373 0.885634
66.547956 26.342534 0.894363
44.066588 28.842169 0.895533
39.599072 27.088722 0.895113
54.047016 21.248998 0.895269
42.273352 22.874843 0.893933
63.826925 25.778120 0.886752
48.247376 20.780729 0.894318
53.536904 28.494928 0.896229
47.807143 25.453915 0.885694
71.764983 28.476932 0.890226
44.579575 19.923508 0.885888
74.134243 25.176656 0.899924
70.900507 28.705646 0.890850
64.222817 23.022591 0.888688
36.380145 20.260945 0.897593
66.077240 17.983530 0.899605
56.087179 14.131260 0.886731
61.625186 24.748113 0.889776
69.222768 26.029915 0.895566
54.318326 15.692024 0.897462
73.196405 26.331457 0.896238
39.614884 24.398870 0.887654
74.167594 27.665357 0.887902
43.575378 20.964770 0.895691
50.166054 24.638231 0.897888
46.741803 19.106235 0.896175
49.490968 15.908942 0.889634
67.258710 26.795152 0.894728
47.331289 26.178275 0.897129
60.863062 14.421044 0.897444
63.418972 21.737593 0.889627
74.045447 24.907851 0.892720
44.109320 20.240622 0.886100
36.139993 19.580754 0.888938
59.862557 24.457591 0.887119
73.448012 32.034456 0.889188
38.207419 21.403477 0.898500
55.215838 25.175860 0.891809
42.278732 29.170663 0.887246
55.386904 28.458581 0.894360
48.885957 28.190410 0.893123
61.296309 23.805008 0.895370
65.369577 23.319551 0.890838
66.268273 22.118754 0.895304
46.845813 14.591124 0.894830
38.592943 28.265414 0.894034
60.310744 18.597461 0.886632
73.642217 25.388745 0.890257
64.497730 28.227404 0.897159
62.987990 14.002330 0.888626
72.409185 32.193986 0.896349
42.683668 18.068114 0.895906
40.059639 21.008211 0.886389
57.303553 15.656263 0.888810
43.786151 26.938255 0.896117
42.825897 20.559888 0.891300
54.970419 14.546508 0.891800
62.268580 24.079807 0.893092
55.576447 14.674116 0.887333
56.485711 18.929148 0.891036
64.265053 30.569883 0.885351
52.433579 21.316803 0.888780
46.419958 18.982879 0.894693
56.738078 25.528603 0.894549
73.173129 26.867193 0.894343
37.992273 18.028263 0.890399
55.344603 25.044952 0.895371
42.233814 30.882587 0.888903
44.331946 32.248886 0.887406
63.937673 27.354821 0.885584
53.513167 25.323984 0.892649
49.781054 14.361338 0.889403
54.477382 26.587533 0.889661
65.246276 20.380773 0.892113
51.206450 18.409240 0.897378
47.404171 22.782982 0.892105
38.463270 17.509309 0.894756
59.969443 21.102800 0.886326
61.216158 25.317403 0.886426
41.454667 19.751787 0.890292
62.373882 13.895783 0.889904
40.652068 21.210276 0.897452
43.945208 31.164963 0.889902
45.206420 26.028593 0.886192
44.172429 22.175890 0.890752
41.165509 30.453192 0.887946
38.660791 25.175866 0.896139
53.088015 23.669498 0.887275
67.015682 27.212696 0.891204
56.596051 15.939765 0.895903
38.738803 24.384769 0.894842
39.143416 22.749565 0.895061
42.548295 20.715536 0.898476
52.104577 20.390930 0.893491
48.893273 22.322265 0.887404
42.528042 28.415128 0.899718
58.730592 24.085485 0.893920
53.481355 26.641786 0.889466
70.572350 23.971442 0.892150
65.417240 30.880439 0.897785
55.942268 18.010244 0.896526
42.242791 20.714686 0.897449
62.441104 32.120309 0.891997
39.196201 18.050228 0.894089
52.667169 31.374370 0.890125
64.165228 27.640713 0.893644
42.397333 21.034231 0.891552
46.080056 25.416971 0.892245
45.772607 23.311599 0.895641
64.744847 25.596093 0.888130
48.122466 25.207240 0.887104
44.199595 19.203230 0.899349
65.414110 27.457366 0.888624
53.754171 26.597824 0.897524
52.532848 23.681565 0.889663
57.302668 27.763046 0.889170
50.511157 31.799406 0.889659
70.798664 28.415587 0.887353
41.562688 29.019482 0.895480
71.869027 27.100442 0.886586
51.516379 14.759592 0.896101
50.821423 26.403558 0.890747
51.213659 19.509423 0.893543
44.871172 24.466487 0.886761
45.759783 32.127021 0.899545
49.851064 14.793036 0.889830
37.652939 28.758787 0.899308
52.635586 27.924192 0.893392
53.130621 18.552469 0.891554
64.030353 20.108227 0.888184
36.938107 21.996387 0.895351
52.344780 19.116475 0.887401
46.297779 27.262394 0.887263
50.799328 23.001432 0.888190
59.684096 14.004239 0.890704
62.944348 21.035781 0.892936
70.701081 25.353725 0.897847
73.295794 28.694731 0.885888
54.342732 28.200797 0.888085
72.704801 25.449459 0.892173
60.010207 24.891219 0.896918
68.470474 31.501864 0.886456
70.601440 23.952566 0.894406
37.345997 24.540088 0.895625
59.720088 25.551398 0.885834
43.868977 16.150013 0.887590
67.983426 23.253216 0.887361
67.017990 26.661432 0.886924
49.962089 25.083575 0.887843
60.722284 24.217274 0.897964
54.795661 21.619830 0.893860
69.873941 24.819991 0.889594
52.007848 21.236293 0.888415
63.237129 29.982831 0.893607
37.302523 28.365817 0.886971
45.427962 18.478027 0.889410
56.927490 30.538516 0.897447
57.073217 20.949640 0.897157
36.725573 19.097442 0.899415
41.156834 27.825131 0.891904
65.877369 31.754070 0.894450
51.788407 29.197168 0.899258
38.325399 28.499824 0.889140
60.397326 23.924957 0.887592
49.656129 17.155609 0.895644
72.840249 26.636114 0.890448
47.102842 19.329223 0.898706
63.683340 32.086901 0.885048
67.000865 17.937987 0.897396
40.804734 16.802449 0.894991
52.009325 14.261113 0.896452
56.574300 17.789903 0.887479
50.791439 17.112723 0.895667
56.239190 14.965437 0.887073
55.315701 24.992519 0.886220
70.431724 26.995979 0.885745
58.544968 18.754130 0.898473
62.842639 14.067235 0.890673
50.625639 25.310890 0.899022
63.424776 17.642979 0.888018
49.624137 19.116993 0.899668
54.921786 31.754333 0.885999
65.609501 26.825063 0.885071
40.600009 29.017654 0.890781
75.045858 23.735323 0.894781
70.394413 32.251704 0.885600
62.274005 32.125778 0.894128
57.567538 24.417259 0.898794
37.503663 18.247196 0.889629
50.163071 20.519928 0.890734
58.407103 16.035170 0.888602
46.802677 15.317717 0.885690
36.602468 19.632782 0.891817
65.899210 22.131965 0.896089
64.584677 15.812311 0.894259
68.292548 29.540862 0.898058
62.273560 26.969293 0.899836
63.971840 22.561843 0.887283
46.405041 17.623923 0.890725
57.559523 20.980313 0.885584
47.482685 25.825528 0.898256
62.932250 31.478296 0.898765
44.927967 19.357459 0.888365
56.822611 21.727685 0.894226
41.559612 29.388694 0.891770
68.775060 23.890535 0.886839
47.308026 25.414833 0.886436
60.057955 28.458823 0.896875
46.096846 22.312181 0.900005
75.141636 29.602100 0.889265
57.273810 15.494832 0.891539
58.804240 24.010725 0.893526
44.443891 18.804159 0.899328
38.105228 17.840179 0.896627
59.513448 16.174517 0.890622
46.634166 18.522691 0.896286
56.037956 27.558222 0.887574
70.955942 31.191999 0.887365
49.371459 24.962785 0.894014
58.319206 13.803062 0.897273
36.284612 20.038370 0.895385
46.224022 26.307497 0.890834
56.530210 24.734011 0.890505
73.774133 28.805743 0.885907
40.492164 17.303115 0.895977
60.799495 22.710199 0.885299
41.756087 18.390164 0.892141
65.916892 22.773688 0.890459
41.677598 20.608823 0.889316
72.606004 27.147935 0.894288
55.356540 24.117670 0.898697
50.434732 26.084931 0.891134
41.227325 20.388918 0.891900
57.266012 27.367051 0.895650
65.235338 27.892585 0.889310
44.148257 20.983107 0.886614
55.470532 28.379234 0.889000
49.456228 16.607676 0.892982
62.309275 14.905737 0.897665
66.498381 27.072205 0.898464
50.583004 27.126702 0.896910
54.814461 15.825064 0.895490
70.607510 28.202592 0.898595
49.295633 22.137832 0.891368
64.799345 29.060350 0.893076
47.363824 16.263599 0.896034
58.247484 30.742426 0.892789
71.443149 26.054473 0.899088
44.168854 23.458684 0.886949
70.819418 31.154950 0.896481
61.586265 15.349524 0.899648
41.668666 27.454671 0.890401
46.115870 31.531979 0.887461
72.590911 31.146583 0.887287
57.946927 29.921284 0.896589
43.653092 30.447054 0.897571
45.560852 25.902758 0.894533
58.745565 27.840814 0.897267
74.247413 30.224773 0.888221
51.735795 31.609446 0.894736
72.286605 24.488319 0.889877
59.876650 29.858519 0.897296
67.745869 28.060845 0.892239
47.016166 18.045635 0.891452
57.040880 14.567405 0.895151
61.448084 29.623707 0.899182
65.570157 15.330118 0.895205
70.617536 22.988880 0.898601
65.024040 15.338796 0.891961
54.997833 25.591600 0.896352
39.847584 21.648435 0.887050
47.534187 25.862096 0.894650
70.164718 30.142797 0.892066
46.269233 17.080843 0.899824
62.652615 16.460172 0.894843
45.011212 29.920906 0.898151
41.175402 27.754024 0.898194
47.392609 25.356086 0.891236
64.449931 18.308906 0.896637
47.345775 23.625668 0.886281
68.226143 24.877558 0.895227
46.323046 31.898737 0.890954
71.080277 24.041566 0.899076
55.279426 20.079773 0.887397
72.498811 27.076118 0.888274
39.826073 18.630534 0.893845
38.579838 17.529355 0.891032
44.915451 18.461041 0.899815
65.313121 26.189561 0.888282
63.161260 18.825276 0.888040
49.445128 18.870685 0.891436
72.376342 27.299767 0.896282
60.021922 30.146599 0.889520
73.636787 30.421974 0.894460
66.483326 24.893326 0.892827
74.766245 29.193607 0.890110
54.680242 16.828405 0.889497
46.326226 27.296452 0.892284
60.301370 18.568179 0.885436
64.888392 30.292302 0.898903
75.796492 31.551826 0.885192
73.625924 31.506574 0.885492
70.517674 28.250692 0.899047
50.688275 31.947753 0.896235
65.028610 28.031723 0.887897
44.295422 18.381220 0.888560
55.552418 29.800734 0.886823
60.476209 14.964992 0.897023
50.921601 14.702499 0.899731
41.262532 17.931988 0.895485
62.540704 18.397070 0.899406
47.262390 32.498784 0.892687
53.403117 24.900476 0.890483
60.153486 19.215847 0.897603
48.411442 20.759577 0.893781
46.265425 27.070812 0.890035
67.980841 25.836070 0.897817
37.542477 25.048817 0.897524
54.590820 16.498857 0.889278
39.996053 23.456283 0.897276
55.516783 16.731704 0.888840
55.141222 14.074402 0.899506
48.488994 21.706001 0.890029
55.586017 25.990203 0.895178
56.506075 18.611290 0.885381
36.707800 18.873093 0.892795
50.368389 16.662448 0.887195
57.912734 24.551878 0.899910
68.603270 23.510348 0.888532
53.685840 24.631733 0.897939
54.189420 15.755257 0.887749
56.427446 17.581290 0.889198
70.742004 29.673731 0.889255
50.055601 28.979766 0.893174
61.072916 23.687953 0.898772
61.815365 14.539679 0.895404
45.099360 28.468502 0.899879
43.585283 24.215667 0.898411
42.610293 24.256921 0.896922
51.396399 26.065131 0.896383
50.360989 30.530876 0.896038
44.646609 21.047603 0.888914
54.922128 14.614808 0.890677
58.025527 20.232295 0.899017
70.010026 25.054875 0.898141
65.926614 32.012476 0.897040
54.431974 25.361198 0.895899
51.397726 27.401521 0.885293
55.541687 29.645433 0.886421
41.275268 24.244583 0.889215
56.498216 24.673568 0.891119
50.914524 22.100818 0.887360
70.207921 28.950273 0.889646
59.493953 21.285959 0.899346
36.695324 19.087647 0.898802
62.905418 23.322632 0.893611
42.843539 22.385652 0.898339
52.896555 18.934327 0.890800
64.569789 32.027360 0.897761
40.949772 20.751951 0.887123
52.744518 23.649740 0.891731
64.733090 16.290163 0.886720
51.387137 28.007604 0.891631
50.399945 18.537154 0.897718
65.960283 18.142646 0.897036
74.515867 25.311762 0.889838
42.443484 19.033037 0.888125
42.256752 23.701444 0.885609
64.286263 16.282013 0.897435
49.241480 18.866093 0.888090
49.371475 19.016105 0.896187
57.777242 24.250727 0.898571
61.563400 15.182302 0.886747
42.917237 20.268066 0.896024
41.269504 18.839693 0.887849
37.985836 19.886767 0.894340
53.717219 31.198224 0.890830
50.410237 18.371125 0.889715
36.354391 26.850471 0.899353
62.863658 29.795452 0.886676
75.723439 24.370488 0.899300
72.720395 26.270320 0.899617
54.677684 24.908759 0.897492
39.538275 24.523555 0.896881
59.761181 27.922585 0.889525
52.938770 31.410563 0.887062
48.270890 25.412628 0.892295
60.713882 29.316597 0.890779
63.576290 28.891387 0.888123
62.108599 14.168421 0.899456
71.044840 26.097931 0.897165
73.382990 26.862816 0.885883
37.920069 17.014174 0.892157
68.960983 28.693756 0.896474
54.523830 14.262301 0.898449
63.518158 28.842645 0.888620
75.286151 30.650143 0.890218
38.527016 23.251960 0.892404
39.622842 25.713664 0.892659
51.085370 27.970621 0.891710
42.289901 31.919912 0.896691
72.759587 27.656028 0.891391
50.368085 18.020550 0.897574
44.165239 21.094413 0.887322
56.101400 28.248083 0.897561
72.532019 26.833790 0.892286
52.015054 24.995227 0.897023
50.905252 28.971798 0.894996
44.258941 16.964683 0.895817
52.887527 20.383842 0.890834
40.735730 24.789179 0.895690
52.885102 30.188653 0.885369
61.977586 19.774631 0.893849
70.458662 23.747555 0.888909
53.778844 19.679604 0.895401
51.343091 23.205765 0.891911
49.622023 27.239636 0.898606
55.613988 26.031630 0.896159
60.304378 14.466221 0.885062
53.437184 18.931466 0.899419
66.625472 30.923318 0.887325
63.888385 15.799525 0.891243
59.207965 17.076206 0.888413
53.798954 32.007129 0.889263
59.078677 31.726251 0.899479
48.460597 17.336950 0.893185
62.667680 27.878631 0.889000
63.048401 20.582380 0.888998
46.467207 18.800924 0.892939
55.193965 22.617587 0.891297
73.169072 32.420801 0.888655
59.299023 16.161784 0.891924
50.185069 25.625156 0.886701
37.012448 21.624316 0.899435
38.880590 26.052251 0.897614
38.472491 17.950732 0.885891
52.950992 18.763603 0.890402
66.035743 18.029685 0.897500
43.114880 19.820399 0.898058
50.788859 22.219613 0.895776
63.808784 30.783037 0.897140
51.423201 25.310870 0.886355
46.881158 16.815396 0.896932
43.762600 18.228200 0.894552
47.241181 25.046670 0.895639
51.972779 15.180763 0.899497
67.651533 32.118280 0.887457
51.536940 13.843423 0.893525
40.612219 27.380649 0.890620
61.523998 23.141250 0.886284
52.295429 24.374679 0.886303
40.393387 17.705893 0.891018
51.279952 18.986904 0.888688
61.655228 28.455700 0.890103
43.981303 18.524394 0.895661
63.818500 30.485588 0.889462
39.058696 16.459747 0.891833
72.329025 27.458763 0.899330
50.094680 29.389870 0.888206
57.990704 22.783286 0.887212
60.000121 26.793376 0.890958
74.286020 30.997361 0.888516
70.361905 24.010680 0.898439
48.359919 22.195907 0.890084
52.052194 30.715847 0.886611
65.749294 27.778585 0.895073
49.942894 18.447639 0.899081
58.111414 25.654028 0.895085
62.820195 24.117597 0.889803
49.601542 18.767360 0.897964
49.882499 19.062548 0.894028
41.270091 21.651442 0.886016
46.947634 15.316021 0.893085
63.701872 30.892276 0.890428
62.526176 27.561365 0.888221
47.747349 24.066207 0.899097
52.314148 13.803772 0.892325
69.311837 24.196222 0.894281
59.408312 18.900433 0.896494
65.288402 31.878744 0.896856
51.306578 29.924338 0.887655
59.459189 24.054986 0.887676
44.901379 18.926887 0.889213
49.476878 18.154746 0.890274
62.909867 16.123347 0.892273
70.447346 32.313593 0.888834
58.945796 19.253107 0.894108
53.669344 19.826204 0.888170
58.452934 24.756271 0.894187
61.087198 25.802387 0.895805
72.949797 27.243177 0.898802
36.863659 22.498139 0.899004
54.429851 30.826952 0.892270
75.107748 28.684497 0.888704
48.762552 15.894731 0.899132
54.436117 29.385818 0.887591
63.243495 28.616998 0.888626
39.290042 23.949602 0.899609
51.714474 24.953458 0.894397
72.657995 23.985157 0.896857
36.747584 27.943273 0.899645
61.753766 15.167051 0.885370
65.012970 16.811866 0.896056
39.014154 18.465442 0.898894
41.473831 32.321981 0.900009
62.690313 29.492172 0.894392
63.864198 27.999176 0.899559
64.867606 17.227258 0.894846
52.132115 21.508413 0.899904
72.749092 26.975261 0.889811
44.739200 21.372146 0.892396
69.637591 28.988927 0.897864
44.456338 20.408316 0.885361
62.530005 17.098012 0.895099
44.671511 30.114064 0.886779
67.390276 27.845830 0.899172
58.221733 23.935476 0.898542
41.122624 17.492858 0.899770
72.522902 28.271603 0.889854
48.954377 17.601301 0.897635
38.305916 17.893097 0.888183
41.432423 28.730703 0.894807
62.556592 31.024007 0.890066
49.126457 32.495452 0.891325
56.580582 30.507722 0.896138
45.977449 16.287941 0.889695
38.666108 25.372898 0.893127
72.836900 28.413641 0.887515
44.650174 18.751848 0.888782
55.890957 28.664173 0.891722
42.386331 19.778736 0.887116
62.371395 31.109847 0.896966
42.907113 22.259298 0.895918
51.979204 25.157461 0.885886
40.164617 24.792186 0.891302
39.044195 23.693819 0.895345
40.351229 16.886621 0.889183
53.249964 20.562586 0.892258
62.718930 20.244985 0.888233
53.382125 17.255056 0.899326
54.204086 26.653993 0.885118
48.311275 25.107398 0.897208
36.263310 20.512719 0.889816
55.370105 24.399371 0.892098
59.039285 16.045947 0.895317
56.655545 27.471898 0.894028
45.907283 20.150537 0.888508
70.096282 30.856424 0.890844
57.829398 15.530204 0.887307
38.084932 18.548457 0.890533
54.200532 22.273758 0.893283
60.023287 27.788502 0.896455
57.597318 28.852299 0.893049
62.856490 23.626876 0.893219
46.166111 27.630002 0.892471
58.823053 29.296373 0.886850
59.235840 25.561447 0.897933
39.124989 18.047492 0.885384
74.506423 24.546584 0.885343
41.196377 26.880466 0.887110
36.783105 20.742701 0.886439
51.639540 19.372274 0.899778
60.460872 19.567086 0.887127
45.601152 21.505515 0.885065
49.235887 19.497097 0.886154
67.556376 29.218328 0.893896
36.344537 18.338943 0.892688
43.475718 30.767123 0.897860
47.047124 19.190766 0.889284
62.180381 17.153655 0.885457
54.857724 24.601164 0.895964
52.536326 18.598185 0.897231
58.294774 24.564814 0.897494
38.132514 23.630390 0.893238
39.603767 27.691673 0.891940
53.997086 22.160584 0.892798
53.133731 15.226072 0.887467
71.556303 28.012602 0.895362
51.690465 29.695307 0.896542
73.720211 31.171553 0.890188
63.207576 22.599941 0.895407
57.211580 19.563576 0.890239
55.859215 23.625228 0.897991
46.643314 15.301512 0.886429
75.043992 28.960981 0.897748
61.977473 17.460018 0.895768
65.854085 25.406297 0.891452
51.456732 20.196255 0.893141
44.809613 30.853193 0.894849
67.958616 25.874122 0.885881
45.927649 18.301576 0.894516
70.240220 28.382103 0.896358
63.606377 19.047709 0.893008
63.343792 26.543226 0.891097
36.715660 28.304738 0.886957
60.233521 13.807329 0.897813
57.891871 17.789786 0.899090
46.116251 27.027534 0.890085
74.993838 31.401194 0.886747
57.440185 30.546143 0.887900
61.699970 19.740523 0.890589
60.539308 25.038518 0.885087
72.760716 24.614751 0.897357
63.681275 23.894585 0.890716
64.343919 21.034433 0.886629
59.514709 17.939092 0.892551
55.956801 17.314787 0.891176
58.703387 24.813274 0.896261
56.605861 28.214097 0.899646
68.599618 25.650465 0.894984
60.066557 26.785677 0.888900
40.024440 26.643932 0.886030
62.851974 27.465041 0.894783
42.948755 28.437568 0.889398
50.812805 28.632350 0.898744
72.793048 30.890561 0.897385
62.706693 24.473779 0.893208
73.535059 28.956616 0.896677
74.866241 32.471330 0.890546
55.296181 16.300030 0.890474
38.441860 19.126618 0.893798
47.264398 25.235573 0.897599
70.159420 24.448010 0.889949
48.791483 30.017873 0.887275
73.869426 26.287608 0.890681
66.736393 22.262257 0.898205
74.384041 28.882229 0.898214
55.035676 17.698431 0.885668
41.678286 27.844573 0.894075
49.722044 15.747064 0.894486
67.391410 26.524615 0.888827
68.315964 26.706681 0.886702
42.380524 21.147283 0.886948
73.104991 26.416863 0.890517
50.103991 22.789223 0.896379
57.741852 17.667487 0.893101
44.434853 25.164835 0.888739
67.738700 32.021427 0.893386
42.642352 26.531645 0.891231
40.713234 25.596933 0.898804
50.929341 30.170976 0.887869
59.495226 17.783758 0.891137
46.951111 16.190941 0.887117
64.753091 28.208693 0.886950
60.895941 23.956714 0.887860
50.964883 31.816238 0.897430
37.473970 25.795382 0.888012
65.816230 22.799366 0.894656
40.040558 26.870217 0.886503
72.064519 23.114637 0.894819
39.821402 22.424758 0.894987
48.820774 17.634946 0.891512
61.371455 24.513580 0.888785
74.905811 24.176553 0.893787
72.929389 26.650636 0.889596
74.039061 23.220052 0.897044
48.006160 23.826235 0.899796
58.992983 23.391261 0.894630
59.452671 23.942221 0.888458
59.296372 18.772515 0.899046
51.543281 22.202804 0.895242
53.547965 30.057928 0.898437
64.338825 31.875213 0.893105
48.440505 23.067459 0.898747
71.149993 25.680961 0.893765
52.902662 29.327044 0.890996
58.695348 27.786165 0.898378
57.659199 24.576771 0.897924
63.951822 15.482949 0.892452
71.470104 27.274611 0.896860
72.976366 25.687660 0.898765
38.695774 16.563003 0.897456
52.730758 15.276740 0.885465
70.382785 25.563234 0.897443
47.927049 21.767035 0.893998
63.971488 18.075376 0.895711
52.858631 21.249740 0.894222
39.829442 18.007984 0.895639
72.090149 24.965448 0.898274
64.360912 15.464053 0.897808
57.982044 31.582630 0.888472
57.380481 30.032507 0.893101
47.470535 29.757249 0.888487
67.354681 26.972338 0.893723
44.426750 28.833130 0.891786
67.226362 23.415871 0.889256
72.703033 31.221573 0.895558
75.119817 29.628733 0.887099
47.612614 17.865854 0.892749
44.158506 19.707454 0.886927
73.682455 23.205634 0.895545
66.662707 24.413089 0.897642
69.510442 29.137568 0.895794
52.802787 21.977448 0.895380
55.112958 31.778009 0.892562
65.027667 16.983001 0.898284
46.427256 29.740736 0.896847
59.692456 24.325795 0.886357
46.478574 17.136412 0.890043
62.069889 25.271905 0.886895
41.744959 27.573056 0.889015
65.643252 29.703034 0.893948
58.330383 17.288103 0.894600
52.507717 26.175852 0.891997
53.590768 18.868999 0.899430
55.861866 28.865039 0.895383
55.652127 25.080827 0.887458
39.397237 26.424786 0.890640
42.388532 32.428294 0.895557
62.647666 31.022041 0.887877
38.379852 17.201101 0.898613
63.775137 16.058492 0.887870
76.012032 30.164298 0.889420
45.860586 17.182807 0.885603
49.870674 16.126482 0.888795
51.499788 14.857579 0.895258
49.567282 17.663022 0.893169
51.588891 14.114445 0.897771
59.697718 20.159386 0.900011
70.131443 28.825510 0.890198
73.230070 28.303797 0.899649
63.826994 32.116306 0.885514
54.243621 22.439446 0.885054
48.437479 17.285765 0.886005
51.001052 18.539082 0.891758
57.784706 30.660531 0.889876
44.286365 21.249048 0.892154
44.326325 22.502762 0.891774
49.471395 23.092222 0.892630
45.891403 29.574368 0.885579
73.079017 27.332280 0.889079
62.731510 30.224318 0.886708
42.020654 31.593252 0.896023
58.642871 21.109671 0.896731
54.530310 25.204956 0.898384
71.558028 25.376895 0.887740
73.011324 25.777457 0.889740
67.251121 24.326359 0.887035
49.110603 14.596097 0.889856
70.920618 25.566307 0.886985
68.004541 28.714352 0.897554
60.996554 18.273889 0.894483
39.919758 26.494272 0.897315
39.232045 17.922074 0.894985
52.282069 17.153000 0.886462
52.674393 20.931994 0.886878
50.256522 14.644558 0.896138
67.559784 29.369795 0.896447
64.139032 18.064348 0.899782
62.900945 16.063325 0.891444
72.843509 25.843325 0.894726
71.107253 29.306875 0.893699
49.044095 15.054475 0.897327
55.477326 30.964944 0.895223
41.420147 16.655016 0.888428
36.158138 18.218097 0.897171
44.217937 16.584278 0.894011
68.581956 27.907240 0.888052
59.671563 23.646452 0.895347
41.880192 18.558918 0.892205
75.167216 29.134494 0.889199
45.997981 26.438175 0.894257
46.744811 23.799186 0.898498
37.575539 27.449871 0.889398
37.350441 26.930016 0.892309
59.599857 28.019861 0.888864
39.766024 16.946834 0.892719
59.651505 27.060329 0.885104
57.743263 29.544105 0.889203
71.038061 28.933864 0.896427
57.558307 27.735336 0.899870
44.441141 20.823034 0.887476
57.589998 32.178049 0.894528
45.635160 22.352440 0.893632
63.723569 29.001731 0.887116
72.451461 27.087376 0.888825
43.557198 29.632335 0.899905
48.414541 30.560388 0.890007
61.259907 15.760086 0.895710
63.600947 23.825294 0.888553
48.185361 22.245380 0.898422
66.104366 29.634456 0.887161
47.665580 17.551665 0.893378
74.079653 24.733116 0.899662
44.628485 26.539561 0.890135
62.971796 27.322789 0.899431
63.877546 20.998419 0.894949
36.586821 27.065254 0.895437
54.537470 19.008665 0.892716
38.094902 16.944650 0.890175
36.179403 25.900594 0.890622
55.304753 17.112255 0.894813
60.722987 14.516506 0.888739
37.715519 28.679584 0.896170
40.507964 21.643918 0.885697
55.454468 24.453226 0.898743
62.113705 29.175587 0.895918
48.500249 28.205907 0.896399
61.031239 23.710126 0.899958
51.032425 25.143577 0.893777
53.161726 20.767045 0.891238
60.905098 29.861501 0.887139
73.300682 28.761268 0.890298
49.680966 22.522388 0.898333
61.587936 25.004672 0.888416
54.598318 15.484948 0.896839
37.221275 27.798489 0.892109
49.302810 16.799543 0.893811
71.775901 27.307487 0.891286
65.116381 19.204839 0.894784
54.772089 30.484105 0.887667
65.118384 24.016247 0.890226
75.159601 30.814458 0.886257
61.514407 29.577194 0.898579
74.322700 26.325252 0.888383
57.805787 22.235299 0.888738
62.081505 27.487791 0.891145
61.855853 27.602224 0.894864
65.062572 28.250439 0.890825
73.319624 27.207838 0.888090
62.799176 29.296069 0.889308
50.308511 21.554349 0.887876
39.672211 24.460754 0.885357
39.081978 23.753872 0.893915
53.867807 16.957368 0.887663
58.583065 30.893802 0.896230
46.492134 31.071909 0.886036
50.907305 17.170059 0.898390
44.592944 23.207591 0.894753
46.150203 23.564993 0.896080
37.092712 27.852053 0.886476
49.033061 22.319034 0.889214
43.788494 20.294320 0.892538
47.103463 14.103881 0.885485
41.897295 27.821762 0.891810
38.086929 24.231504 0.885591
55.223909 31.045263 0.894822
46.337042 30.515164 0.886657
42.313299 28.751243 0.896987
36.296372 26.348712 0.895367
57.945994 30.584232 0.893094
49.090834 16.380145 0.899440
57.096612 24.599714 0.894759
60.249174 14.165280 0.888272
54.914550 24.243996 0.895667
62.601054 27.019183 0.899452
56.947613 16.700597 0.896172
56.967991 30.658440 0.889618
42.539995 24.393143 0.888587
52.140146 15.812550 0.897170
47.202657 19.568577 0.887607
40.751043 26.470006 0.894710
64.089618 18.142213 0.895637
48.468083 15.164844 0.897377
57.667888 30.413281 0.889096
59.403137 26.330639 0.893981
52.700519 26.300816 0.896439
49.962315 26.393431 0.892649
59.186026 16.503115 0.893463
74.173277 23.806328 0.887854
50.491681 14.366712 0.899542
50.328522 21.987795 0.895507
64.922364 16.518427 0.899680
58.798244 30.482051 0.898105
55.680048 31.971357 0.898504
50.412912 26.196616 0.894807
49.809866 23.235040 0.896931
57.658878 29.105513 0.893401
65.205329 20.238690 0.892764
56.418780 18.930004 0.894666
62.093885 22.257062 0.891345
58.128462 23.639428 0.892194
41.924283 30.299556 0.899196
50.568910 16.140225 0.899630
70.372092 31.428820 0.896332
53.393156 25.414523 0.895711
46.030587 16.605772 0.890000
60.053089 31.497927 0.892463
64.041301 25.451486 0.887485
69.421665 31.860323 0.895205
63.354174 19.821592 0.887326
54.456036 21.883505 0.894678
44.162761 27.171103 0.889657
48.417611 17.152124 0.896359
74.143832 26.094668 0.893447
39.727197 27.044177 0.892694
42.736982 24.145131 0.886014
58.100219 31.206265 0.895513
61.434693 18.264975 0.897067
63.535724 14.741331 0.896262
41.856986 23.503207 0.895918
41.658294 27.526062 0.890404
41.795765 19.726028 0.895106
72.675426 27.177544 0.889127
63.577549 22.422622 0.895798
67.768111 32.008943 0.892841
53.018591 22.017449 0.891396
46.536101 24.135467 0.894412
53.434184 25.020249 0.890615
55.517631 23.156141 0.898172
63.842052 23.162936 0.888917
57.908502 22.909730 0.889745
58.338618 18.639487 0.895246
53.876805 22.070649 0.892756
56.952059 16.477547 0.893756
42.334309 26.483092 0.886525
71.102852 28.735648 0.885177
42.723728 18.299820 0.887836
59.123043 26.441434 0.898923
61.327878 19.786652 0.886245
56.223444 24.921564 0.892882
72.180495 28.669088 0.898150
48.751065 15.758963 0.896828
60.900087 25.563269 0.897506
69.804210 26.720250 0.899180
58.904322 31.186912 0.891601
56.279034 20.332247 0.896661
47.206433 32.090611 0.896471
65.416906 20.342200 0.896056
54.151430 15.715716 0.891832
48.468866 15.509253 0.888998
36.611599 23.512837 0.886302
55.334351 24.273207 0.898602
46.097923 25.721115 0.891700
70.667437 29.667798 0.896060
65.576653 15.557294 0.886825
74.078711 27.321177 0.897003
49.541892 23.981587 0.890933
47.811951 23.944572 0.892728
73.248622 31.504607 0.887793
50.173566 26.620477 0.897598
54.971127 31.037839 0.899998
61.823953 29.321351 0.891052
53.779508 16.170040 0.896919
47.556079 22.379817 0.893660
72.294867 25.113539 0.889117
63.389925 14.955129 0.891379
55.370729 30.086467 0.894562
43.950923 19.118580 0.887158
60.318873 23.382979 0.891965
37.599568 28.777410 0.898095
50.909422 27.260530 0.893725
43.181452 31.878490 0.891413
55.976039 24.950764 0.895574
60.245871 18.302235 0.889217
46.739996 20.017079 0.895533
66.462318 22.004755 0.899040
48.941724 16.793597 0.886691
47.831911 20.685876 0.886915
66.229941 28.972971 0.897035
36.071188 19.607478 0.889499
58.089348 23.111981 0.890818
44.450516 21.678891 0.893073
45.330261 27.134675 0.886086
42.071886 28.943809 0.892307
41.799899 20.647060 0.897143
56.268720 15.910768 0.899030
51.719712 31.464750 0.896855
51.742836 24.705405 0.898440
55.558380 26.197357 0.898704
54.593846 17.265051 0.885089
38.266897 24.289266 0.889494
63.187605 28.530964 0.885943
44.845699 19.068059 0.887577
72.447196 26.339717 0.893248
65.611903 25.311324 0.885546
43.993208 29.423300 0.885730
39.861080 21.481288 0.891258
74.647903 26.308401 0.889967
53.319643 26.381735 0.885038
37.766913 23.135398 0.890150
68.343138 26.168614 0.889355
46.979830 14.909261 0.888220
36.259786 20.757063 0.899925
61.221318 29.972130 0.891703
39.783445 28.866105 0.897730
58.841221 25.440520 0.887217
48.369334 16.055549 0.897620
51.873314 16.658666 0.899581
54.591691 28.387955 0.898919
57.804728 17.811967 0.897420
49.083813 17.336466 0.885979
54.373656 14.593357 0.888302
59.615537 24.081947 0.887277
42.362587 24.312817 0.889186
46.535998 26.353171 0.889589
44.511046 16.693548 0.891574
56.205580 14.496985 0.888510
46.654289 29.337502 0.893243
67.195240 27.606473 0.899664
37.511909 21.499314 0.888509
57.339494 21.279199 0.892438
37.837963 22.318665 0.897421
58.968376 30.210250 0.892439
62.474116 27.336453 0.888687
53.123212 25.346056 0.893027
57.131763 19.730264 0.887873
46.488600 17.493884 0.887755
74.516122 24.541119 0.888488
66.955335 26.716426 0.886299
44.585266 20.681277 0.896893
56.984039 26.925474 0.893102
47.078201 24.550425 0.886913
62.688200 24.807704 0.892143
40.156864 25.746818 0.897339
73.786169 28.763696 0.895751
56.482550 20.266752 0.891432
65.302999 16.863187 0.890668
62.538988 25.058907 0.890100
68.171530 28.327879 0.891640
50.253830 15.334699 0.893557
62.770961 23.988989 0.890881
45.103606 27.389804 0.891173
56.834316 27.163936 0.892102
45.882129 24.250096 0.889211
69.925524 29.587105 0.886587
73.638837 29.021855 0.895857
51.955157 18.485271 0.892984
59.962385 29.452090 0.897681
44.330954 20.785586 0.886024
47.303433 13.782073 0.891713
37.415910 20.038086 0.888159
38.823082 27.577331 0.898903
44.899637 17.979300 0.895608
73.504903 30.184360 0.892784
55.136202 21.697915 0.891268
45.056184 32.344861 0.887749
45.703146 25.808202 0.893521
57.528946 15.679456 0.897528
74.193430 25.829890 0.897877
71.741928 27.969770 0.893314
42.412225 30.702234 0.897822
47.696277 22.305661 0.899756
70.971461 28.649920 0.886709
37.832892 28.318245 0.890184
66.249457 20.660352 0.887537
58.683987 28.788927 0.897108
47.221631 31.499002 0.888100
63.186528 25.044042 0.889929
65.641196 14.872864 0.891698
47.355975 22.724836 0.891675
73.428873 23.534405 0.887699
70.585086 23.575014 0.889271
39.556803 17.446251 0.893264
72.067163 25.032797 0.894349
56.491772 22.395244 0.891953
54.966964 16.863631 0.891074
48.655016 29.004333 0.893441
49.860044 24.936656 0.899621
57.650718 21.413062 0.890065
52.428599 30.436555 0.888400
52.676255 16.958848 0.893911
52.589840 14.297291 0.897651
55.743074 14.746677 0.893295
61.774659 31.524800 0.893508
36.536970 22.463197 0.895459
68.194759 23.043063 0.886533
62.711300 19.790392 0.885877
63.278280 31.982988 0.887332
67.247294 29.858367 0.889737
60.863107 20.910521 0.897557
39.088065 21.137492 0.898914
51.746490 23.773828 0.886848
40.728164 23.207995 0.886846
55.728344 21.834026 0.892934
46.473080 18.180116 0.894088
50.723982 22.209286 0.886307
64.530353 31.642366 0.885907
54.226110 15.718483 0.887784
54.207031 15.094037 0.899187
40.983087 19.545383 0.891717
43.725717 28.074287 0.890142
58.703204 28.781187 0.899169
59.385305 27.985831 0.887451
45.332364 17.221906 0.887443
39.121514 21.376805 0.893096
44.537700 29.624012 0.899464
61.865906 15.535751 0.896283
65.920085 28.697178 0.898677
72.326153 23.526642 0.886913
53.125177 17.646866 0.890467
74.067691 28.405174 0.896487
63.394990 25.010676 0.899915
75.614520 29.649462 0.892572
54.319382 14.494393 0.898654
50.219362 29.653043 0.888266
39.012550 18.708557 0.894257
50.988808 18.219467 0.888429
52.060353 19.568718 0.892776
46.450764 26.487493 0.890523
55.862285 26.370016 0.899551
70.516187 27.414013 0.893976
37.415817 27.584169 0.894933
60.789669 16.792480 0.889622
43.394873 26.953658 0.899526
40.973037 22.268168 0.895566
66.800881 29.117663 0.892688
45.122528 23.615191 0.896237
47.884567 20.869401 0.885587
59.571722 24.755304 0.885484
50.387494 30.839495 0.897130
45.557910 22.023213 0.887822
65.209856 14.391909 0.899902
51.244093 27.258752 0.886754
46.636504 22.864887 0.898518
64.193102 24.962409 0.897228
41.447697 19.359161 0.893202
53.443085 13.861552 0.888719
53.117974 26.763968 0.894034
73.826811 23.404248 0.895059
37.542927 17.380751 0.897081
37.914473 27.944594 0.891662
69.857763 23.914001 0.886299
50.095453 19.947136 0.897723
42.836886 26.894636 0.893436
51.553321 19.712032 0.892111
49.134756 15.816511 0.898564
66.420598 30.876780 0.894442
49.104669 19.202660 0.890102
55.739011 27.825787 0.886703
51.083427 21.784929 0.888457
46.784820 15.384322 0.889562
47.201411 16.252832 0.886966
52.019454 16.618575 0.895789
66.030654 31.184614 0.887398
45.150099 27.041887 0.891010
66.441244 28.426830 0.897789
47.251256 19.227512 0.893471
64.961872 18.955994 0.895961
48.689435 22.890622 0.885360
38.602389 18.710818 0.890959
42.007843 31.870841 0.893660
68.131485 28.416106 0.890092
74.376219 25.477457 0.892077
42.665666 31.199613 0.892498
48.584621 15.406048 0.889235
61.958468 26.888685 0.892108
60.075252 29.865515 0.898729
52.492795 30.398919 0.890243
59.635982 22.675288 0.896876
38.530597 19.097667 0.886263
40.208134 26.600999 0.895908
53.450092 32.155609 0.886258
58.200346 21.008647 0.886628
58.072111 20.330122 0.894247
58.905170 27.423934 0.885711
74.708898 31.698960 0.890577
71.346303 23.434499 0.899114
65.178465 15.418240 0.895753
57.614256 22.872473 0.894501
42.452044 28.953124 0.894771
58.529902 13.981174 0.889318
44.398051 16.880815 0.897450
45.303393 20.201007 0.889301
66.342054 25.678303 0.895778
52.834598 14.433943 0.889670
68.092547 31.599590 0.891753
61.830239 21.641441 0.894889
55.167198 19.525322 0.888315
45.142947 17.042121 0.889289
42.124165 20.839040 0.899494
53.239286 30.315847 0.899834
43.751791 20.932710 0.886373
53.685133 19.475718 0.898666
54.040760 17.751936 0.899051
66.512897 32.485279 0.896341
61.491361 26.960929 0.888749
71.505724 26.983009 0.896834
57.851355 17.667280 0.887008
43.019352 18.937937 0.890623
68.006907 25.044771 0.898247
64.382770 24.745111 0.893631
68.880033 29.410637 0.887674
69.025791 28.712306 0.888320
73.574353 29.919335 0.887662
57.492422 31.762930 0.885679
38.615586 19.263463 0.885319
67.728348 27.229096 0.887257
44.979720 17.635515 0.888252
47.179098 28.239064 0.887160
50.187801 14.672752 0.895876
63.674872 22.342962 0.896744
66.133670 23.201308 0.890924
55.581646 15.571119 0.889495
39.543986 24.434497 0.887396
70.153459 30.998784 0.896213
55.954035 28.247889 0.897711
58.353135 14.004810 0.889409
55.974815 17.296513 0.895699
75.137943 24.065828 0.889000
66.608567 27.113004 0.899154
56.518231 15.373119 0.885185
43.735462 27.117827 0.893591
65.744509 31.683998 0.897694
43.402540 31.336925 0.891605
49.108043 21.346729 0.887734
59.613094 20.653495 0.886419
59.587988 24.304757 0.887754
55.438832 16.260986 0.894555
73.157125 26.504009 0.888443
63.854460 19.430625 0.890368
67.106849 28.266311 0.886465
71.120821 25.536645 0.892543
38.160677 24.432984 0.899799
66.671265 29.513315 0.885194
51.138653 14.805283 0.899695
44.504483 31.098969 0.895580
46.633803 31.089038 0.886363
62.315572 29.178981 0.898314
42.022912 20.911992 0.893461
62.528070 23.261093 0.892090
41.950413 21.274961 0.896460
67.180895 27.987522 0.896267
42.343907 29.682271 0.887477
42.414554 21.574366 0.885173
59.442547 19.913272 0.889272
41.624350 20.009168 0.899653
71.683223 27.020244 0.889907
39.907726 28.055731 0.889532
45.613891 19.929962 0.891410
66.524133 29.302727 0.894833
60.162824 16.254447 0.897516
64.858762 22.527635 0.891814
70.704599 27.224935 0.885520
73.484766 28.911994 0.892657
46.905596 21.448722 0.892621
37.124876 28.168302 0.893017
42.051154 17.648398 0.899523
48.678598 13.842685 0.885713
57.117223 14.576048 0.892586
43.319811 19.637111 0.889026
38.453443 27.213419 0.888476
48.732585 16.871947 0.885754
48.621107 17.773994 0.898175
40.475932 26.621026 0.887134
58.112008 23.248186 0.889463
66.260523 29.363907 0.892122
71.961874 26.905719 0.891247
47.421253 14.586327 0.891656
61.665089 15.358980 0.889874
43.514956 16.820819 0.894816
66.475709 15.217997 0.898318
42.091434 20.637148 0.892732
54.625095 21.120209 0.890628
40.945889 24.761233 0.887735
63.398656 20.274264 0.899182
72.409403 24.633716 0.895594
67.816530 32.177908 0.891225
49.038845 23.698437 0.890466
55.894663 24.395302 0.886955
69.306538 26.294379 0.897812
58.246427 21.958756 0.899136
60.075998 23.855784 0.897620
62.438512 22.138750 0.895383
55.693931 24.063059 0.896802
58.952198 20.576337 0.896857
57.342736 21.704009 0.885865
71.771972 26.515372 0.899983
62.659181 27.639750 0.887851
61.496447 29.836166 0.898881
49.437784 19.351027 0.889721
66.342377 18.319388 0.898381
54.571638 28.345697 0.889101
53.594547 16.480834 0.887623
42.654358 24.435065 0.897555
66.430113 18.541710 0.899970
41.681556 27.550369 0.898393
49.668551 28.399993 0.895354
54.037449 15.835581 0.890895
48.756550 15.775709 0.889286
51.066675 20.386270 0.893373
47.878682 22.312082 0.899169
48.215754 15.031018 0.898034
66.416615 19.256905 0.899080
44.926809 27.206227 0.886559
68.903291 27.485773 0.890891
71.322191 23.594254 0.897578
69.683768 29.594985 0.886005
38.279143 24.199816 0.896629
66.230638 19.072245 0.896667
41.165940 26.624784 0.885683
44.850412 28.807512 0.893897
66.951064 21.844699 0.897202
46.297268 22.675200 0.895943
38.395200 18.545857 0.897594
61.344586 17.990088 0.896195
60.326913 17.029204 0.893686
41.300037 19.979370 0.894387
48.932625 18.042551 0.895865
54.923516 17.091385 0.894788
57.836249 18.698287 0.898225
41.126549 30.595848 0.894763
63.906172 22.258384 0.889516
39.494786 16.758224 0.891709
48.127828 23.068758 0.897023
62.525827 18.801575 0.892004
62.184969 24.610706 0.885946
59.416072 26.409105 0.896412
57.449554 21.735074 0.885713
43.914460 31.836617 0.894699
70.229200 23.836615 0.899211
45.231004 19.934252 0.897689
51.688220 31.347870 0.896736
56.607586 22.941063 0.886107
41.954618 28.369967 0.892281
52.343903 29.968194 0.896152
37.420237 20.101879 0.888901
52.852333 15.952884 0.894303
41.967218 21.310021 0.896978
69.009911 30.470268 0.885689
67.790991 23.028331 0.888005
75.618620 26.560484 0.896081
54.227753 25.080203 0.899833
62.735363 23.244934 0.897730
58.303614 28.342075 0.898105
51.644014 29.250474 0.885159
70.063164 29.719371 0.897351
42.976246 19.077751 0.893419
60.176989 13.787674 0.897754
72.011517 26.738676 0.898385
65.253286 28.296696 0.888382
39.540479 23.511673 0.886490
49.357059 16.016640 0.886312
43.841067 16.310654 0.886514
75.571703 31.361348 0.887197
51.545033 14.451203 0.899403
40.863439 21.155162 0.886341
41.321230 21.122374 0.893623
59.690217 22.696967 0.900011
42.785342 25.029198 0.889915
51.689688 21.326964 0.888524
49.129647 23.732944 0.899406
43.225708 24.132970 0.894636
45.101075 20.322126 0.896449
49.602219 22.347418 0.891517
54.681091 15.852946 0.895198
53.616079 31.341211 0.891050
61.891179 29.580184 0.885160
45.673758 29.199466 0.891433
39.424993 27.884873 0.892965
37.027227 26.184333 0.890186
73.542563 30.776390 0.898439
70.987744 23.725270 0.898440
58.256216 20.556090 0.885782
69.733939 31.032526 0.885225
45.136471 17.079415 0.895453
58.326501 26.180366 0.895373
73.960915 31.284253 0.889575
65.747635 24.044238 0.896586
63.148331 31.254268 0.893284
54.190445 17.281517 0.886224
44.584013 31.221325 0.897148
62.990236 14.261766 0.888085
75.579922 29.888439 0.889149
68.694700 24.650385 0.899884
62.816381 21.376491 0.894743
50.320297 26.503816 0.887808
41.238469 26.319157 0.886800
74.917187 28.215520 0.894015
71.759885 23.024676 0.895634
50.531120 18.965929 0.889760
54.361612 17.196604 0.885290
66.705603 26.323968 0.887824
65.776284 24.959260 0.895701
45.728243 28.851410 0.891416
50.139692 24.556143 0.887678
66.055586 30.940750 0.892193
51.075967 24.793886 0.897372
54.279896 19.702333 0.897880
51.363384 20.570819 0.885614
46.357841 22.741503 0.895955
69.663978 25.842790 0.898932
58.977110 15.906507 0.898175
40.617034 28.684080 0.889168
55.965302 24.613813 0.896316
60.508960 23.378848 0.889664
41.996440 17.657969 0.898926
50.422891 15.017670 0.885324
50.224666 15.265750 0.894214
63.732586 32.421597 0.886156
62.767390 19.830950 0.898404
59.217911 14.846041 0.898971
43.802877 20.433246 0.897117
68.388723 23.679700 0.894929
54.533952 29.537216 0.893948
39.422967 18.472182 0.894552
41.722778 24.418294 0.894791
71.288607 26.476465 0.899265
61.773984 31.513384 0.891499
54.177552 14.192517 0.885308
75.813389 30.158432 0.891606
56.261392 28.467502 0.895430
66.521560 24.044838 0.897457
37.498021 21.573403 0.887433
72.758305 24.416343 0.890815
52.737364 15.719719 0.886424
54.377263 25.240082 0.899583
60.430678 30.296666 0.896924
58.343848 28.318181 0.893807
50.619340 24.260857 0.888694
70.582514 28.082277 0.896078
42.889284 22.367227 0.898622
48.043866 24.591082 0.899867
37.732633 27.935065 0.892158
46.598808 19.128063 0.891088
38.014637 18.274742 0.892344
40.138214 25.700549 0.899522
36.723928 18.275684 0.886985
60.667035 16.084534 0.894409
38.638852 25.013245 0.889847
57.884204 16.498022 0.888562
37.680856 21.117817 0.898989
47.780994 29.337403 0.893804
54.280641 23.047704 0.899215
67.718466 28.957353 0.895891
56.621485 16.832235 0.889693
47.638014 29.346597 0.894833
50.794064 31.761267 0.894782
64.050821 19.469599 0.890701
66.714128 29.186123 0.885276
64.760132 26.760964 0.888466
43.918595 16.954230 0.888876
63.216205 25.055437 0.889060
63.025516 20.229901 0.896229
75.854069 29.746097 0.892651
68.738843 25.355678 0.895239
50.324158 28.607012 0.885463
52.790421 21.195395 0.894698
51.419291 14.967244 0.896176
41.784473 29.178371 0.886162
48.393166 23.855343 0.887858
53.417218 27.236799 0.898891
50.579709 26.788467 0.889790
38.018645 17.388324 0.894420
63.356068 23.833602 0.886763
58.543811 23.896342 0.885842
40.515627 24.417695 0.892242
43.153622 29.206268 0.893043
59.909025 24.546604 0.885340
60.100656 20.860255 0.898729
46.005707 24.530916 0.887584
57.921252 28.036269 0.892545
46.509374 17.225137 0.897855
75.177337 31.374145 0.888417
61.628828 17.700952 0.899782
63.541645 15.016043 0.886791
56.037729 24.957111 0.894460
37.060595 20.939170 0.893671
71.786569 24.324801 0.897264
52.737581 27.846774 0.885935
64.687044 32.151258 0.896058
36.457063 27.611072 0.885924
49.019023 27.486312 0.899921
42.596881 23.197461 0.888474
50.522513 16.717236 0.891878
58.525392 25.371490 0.896994
43.664863 22.386378 0.891301
50.650538 27.099259 0.899057
49.894907 23.928058 0.896180
42.629869 21.025444 0.890395
42.347900 19.757448 0.886455
57.135888 14.176930 0.895983
48.539643 22.257217 0.894792
50.302383 24.215159 0.898936
48.870452 29.869685 0.896571
70.197308 30.939242 0.892162
73.279546 29.979470 0.889646
40.536460 25.355290 0.897106
74.990420 28.802265 0.886420
52.880779 20.466799 0.896412
70.020515 23.043737 0.886875
64.456675 31.064588 0.888636
50.587726 16.788169 0.892907
61.208804 22.957366 0.896636
39.907871 20.952901 0.887302
40.355640 25.780308 0.886425
63.821499 22.169624 0.891738
59.900602 21.621590 0.885587
56.866788 18.637455 0.886190
47.000694 32.440750 0.891153
60.136115 17.393661 0.887301
46.921990 22.842625 0.889228
48.221420 22.952203 0.899982
70.992555 32.304840 0.890252
59.723890 29.908584 0.896771
65.649702 26.471029 0.885145
61.572099 28.918292 0.898171
47.451056 16.431066 0.890939
47.901687 21.508827 0.897236
48.267361 24.819880 0.889385
36.173948 26.535713 0.888717
65.334554 29.623802 0.886759
41.328414 17.640543 0.889270
54.272609 14.431332 0.898164
56.678658 19.362282 0.887558
68.932496 27.894668 0.890517
53.572196 15.558877 0.889589
63.816371 25.716606 0.897924
39.068908 20.624155 0.896087
52.446168 13.889499 0.899976
65.182857 20.744178 0.891284
66.628529 31.192249 0.887007
61.957111 17.050346 0.885210
39.445122 16.819567 0.887808
52.940584 19.726775 0.886019
42.292421 17.737927 0.895352
68.936386 26.521047 0.887078
37.785567 19.475188 0.889624
66.410758 19.325939 0.888500
39.459946 22.199861 0.892061
37.944853 26.980393 0.893168
62.607237 25.177467 0.895344
54.495524 26.969479 0.897714
45.044334 25.699209 0.888279
43.910159 28.925657 0.885003
61.598592 14.581133 0.885923
74.503963 23.750508 0.892611
52.143973 17.813825 0.894172
60.457665 26.672394 0.895478
49.174622 32.185740 0.885288
49.306860 30.987375 0.892210
50.428953 25.085421 0.890163
65.023356 23.868882 0.898283
59.056955 16.342100 0.895853
49.506331 24.348677 0.886922
55.252978 32.424322 0.895788
55.160529 21.773262 0.890696
53.250391 30.394651 0.899908
42.858050 20.182335 0.885046
69.056970 25.236544 0.893524
58.200201 18.393048 0.892751
74.612640 31.162071 0.897537
65.000302 24.672629 0.891214
47.647010 14.608592 0.886024
36.779358 24.635836 0.898224
74.786656 26.344752 0.889113
63.190435 23.945651 0.891747
37.510731 19.677581 0.886714
70.569734 25.162921 0.892863
43.468204 30.576809 0.887069
63.015582 23.777378 0.893851
60.543984 32.316015 0.896133
63.990806 29.794869 0.897457
72.816722 24.531080 0.886171
71.269718 24.968606 0.892422
58.713893 31.426045 0.890448
54.840693 23.994571 0.892526
41.064245 19.878629 0.898027
68.695800 26.162438 0.892437
67.588632 30.068353 0.893683
53.049911 25.013039 0.895851
46.182621 30.156750 0.899658
50.206060 26.515672 0.895491
53.945608 29.314327 0.892989
53.708416 18.495985 0.894650
42.759271 23.446899 0.887788
54.347373 28.374474 0.892364
53.675967 15.955144 0.885997
41.254014 31.030785 0.891482
51.945712 24.114456 0.898309
46.241137 16.460070 0.894655
53.294040 22.223073 0.895835
58.216074 28.059609 0.896035
63.672423 15.634130 0.898826
68.007840 24.494115 0.885629
60.833070 14.420625 0.895106
60.111691 32.178802 0.898204
60.131135 16.680453 0.893183
57.343946 15.485660 0.891681
64.479064 21.856712 0.887741
64.804967 25.141609 0.890926
71.794054 27.597975 0.894123
50.285522 28.586685 0.896569
37.940545 19.922481 0.895581
40.788411 17.428187 0.887219
68.428395 25.821526 0.885003
53.607854 15.307748 0.889689
51.234659 19.432958 0.892700
73.899020 28.578717 0.887655
73.851616 25.392434 0.885913
40.681497 16.854591 0.896278
63.344088 16.663576 0.890695
60.914059 19.216205 0.893542
72.336182 29.671666 0.887558
46.944587 17.303514 0.896694
47.495959 19.182229 0.895116
48.318369 28.298471 0.886860
64.658463 16.843415 0.896618
51.130406 20.617634 0.899208
39.235849 19.256801 0.891860
58.745995 25.319479 0.895116
40.948450 16.644632 0.888967
55.547595 22.500574 0.886017
38.727496 19.864933 0.898588
45.255767 17.140850 0.888908
41.743709 30.111027 0.887736
74.244325 24.123865 0.896343
57.258260 16.634257 0.890799
50.784473 16.692694 0.886791
72.987780 27.158112 0.898069
63.098264 18.212210 0.891334
64.768478 25.767226 0.894841
43.703999 31.606073 0.890391
75.217630 30.864767 0.892163
68.660027 29.287236 0.890986
60.381259 23.223013 0.888929
61.640061 24.460966 0.891000
62.325980 21.147788 0.888003
46.965076 14.723535 0.897883
59.073979 30.732973 0.887208
72.092528 28.642074 0.889232
52.382305 14.056358 0.886828
56.336365 21.646829 0.890647
66.795064 16.176754 0.891591
49.029973 17.250479 0.891677
62.287738 26.285426 0.897885
63.059370 31.595252 0.886298
50.733381 26.566021 0.893552
36.143968 19.134266 0.893882
63.961596 16.523377 0.899952
69.342702 29.911046 0.899468
58.102445 26.577408 0.892138
51.488327 28.497832 0.899305
66.326951 29.672653 0.887923
53.705180 24.682173 0.895124
61.337000 17.971654 0.894636
54.312782 30.246405 0.893324
65.103489 20.265187 0.886187
44.985667 20.193488 0.897772
49.418581 23.958032 0.896937
62.256617 17.572815 0.895722
54.395425 15.240025 0.898467
60.594974 23.386673 0.893489
65.357245 17.378578 0.893744
43.635294 25.258859 0.892024
66.755097 25.337548 0.893317
74.284582 27.622732 0.886078
73.885305 30.039400 0.886628
38.561732 18.603203 0.897054
61.722222 29.166469 0.898666
60.792293 30.476470 0.896645
70.848331 23.024164 0.899820
64.144320 23.744834 0.898018
63.203121 20.546846 0.893959
61.072360 29.572546 0.899380
69.296900 25.274942 0.894290
71.522785 27.355010 0.885861
37.001114 21.682420 0.896498
52.613574 23.817290 0.889422
71.658586 26.532353 0.897278
57.146313 31.281920 0.897530
52.335753 14.080946 0.893037
50.039733 32.299860 0.893373
38.649134 18.716421 0.886449
61.057017 27.562744 0.887612
70.394117 25.501476 0.888078
41.594229 24.720060 0.897578
68.608095 23.089681 0.897228
45.396831 20.527893 0.893112
45.919448 29.465680 0.889788
58.081426 22.457014 0.889461
75.267421 25.515486 0.898404
44.694725 17.947163 0.899323
74.987579 30.224286 0.894293
61.797049 29.252411 0.888863
48.819558 18.103787 0.896847
73.675947 30.050427 0.889239
60.438818 27.678614 0.891880
75.672102 26.848157 0.894797
45.486490 24.303049 0.896218
51.946620 23.952608 0.891173
43.616167 31.852278 0.898129
63.815517 23.187826 0.897720
40.502906 27.414084 0.897599
71.602452 28.310275 0.894064
57.383112 20.391573 0.887331
38.222500 24.165100 0.889297
56.567378 22.374802 0.888606
65.190840 23.772111 0.889930
49.123217 19.250210 0.897183
42.681466 32.059887 0.897324
57.761036 15.476767 0.896170
74.521688 25.693629 0.891235
54.069831 22.103995 0.893881
73.236896 30.478708 0.888444
64.750089 32.148533 0.896395
65.295942 19.738052 0.888333
64.154917 29.976652 0.887124
44.455000 31.080946 0.886866
42.770999 18.301727 0.889262
73.436994 26.495238 0.885465
47.856953 20.649740 0.890102
44.952474 21.412125 0.895725
67.432647 29.441646 0.899633
58.084941 14.895388 0.892915
53.563893 15.508872 0.888109
45.693671 18.504481 0.889362
61.859588 29.059456 0.892494
49.150416 24.904411 0.885275
40.996271 20.603129 0.889178
52.851498 27.682217 0.891406
67.118690 28.518116 0.889270
46.676365 23.082558 0.897610
61.587408 23.407455 0.885099
65.208638 20.829689 0.892289
55.812246 22.606218 0.886782
60.352474 21.591748 0.886496
66.125439 26.510132 0.886421
61.383092 22.372890 0.898038
53.306715 20.643539 0.889936
40.738222 18.489312 0.899328
44.552197 21.403132 0.890557
56.332579 17.262238 0.886294
62.314178 14.899987 0.896637
62.300350 13.996496 0.892035
44.466587 30.926095 0.888074
63.947679 28.140454 0.893409
68.785823 25.704381 0.895089
55.213625 26.006069 0.891294
47.264608 27.453573 0.889164
41.852684 25.371349 0.889984
37.571920 28.164746 0.891963
60.889406 18.051449 0.892774
41.398181 19.365148 0.896395
60.124004 29.526304 0.888505
41.806957 27.295231 0.897733
45.677687 28.278431 0.891938
51.261421 29.746834 0.899230
45.008343 28.382372 0.898209
39.142947 18.013451 0.895482
64.799615 14.674224 0.886294
76.004373 29.857523 0.891570
54.791601 18.603623 0.898710
73.174349 27.783109 0.895378
58.064076 14.047155 0.892317
45.487038 24.178181 0.885708
54.923993 16.853271 0.890451
46.109610 18.066797 0.887915
44.687928 24.449877 0.887598
57.062928 14.024504 0.895261
54.421347 24.171756 0.892547
62.869379 27.483740 0.896609
49.256128 24.034212 0.885779
61.245317 30.191430 0.898301
45.495468 28.688645 0.889638
71.791139 23.659780 0.895214
53.017475 17.899771 0.892368
48.210968 24.493461 0.891418
47.354171 27.037768 0.898990
63.531621 32.031725 0.888640
68.236402 28.820543 0.890672
70.114414 30.215321 0.889193
70.957841 31.494986 0.891539
37.109729 28.136446 0.893282
50.293743 15.789900 0.894597
48.953100 29.457847 0.892407
60.420087 17.542674 0.897190
37.266529 18.948101 0.889647
58.056050 25.643115 0.893331
41.849226 17.842051 0.892117
67.183424 28.943440 0.896768
48.830632 18.234198 0.898877
40.734702 23.369910 0.887148
71.317896 29.411223 0.890354
60.823026 22.248174 0.899078
43.723451 26.377938 0.886824
59.945771 18.136952 0.887193
68.585314 29.623687 0.888093
49.281899 24.198913 0.896925
55.915278 17.438313 0.896775
52.869500 14.035345 0.893147
47.687791 16.383157 0.890052
55.443885 29.691285 0.893373
38.778002 19.245175 0.894399
65.280854 29.621872 0.887299
50.842270 31.323945 0.894933
55.276393 18.297826 0.897581
67.172514 30.800928 0.891733
42.731790 24.719906 0.896475
58.966409 15.864819 0.898680
63.362506 23.122517 0.889493
71.665896 23.926486 0.896671
60.760557 14.633217 0.890906
55.647008 18.512874 0.895015
55.471183 25.116460 0.891061
42.927842 19.602561 0.896601
40.292788 18.421962 0.885149
45.843493 23.362106 0.899617
45.315512 31.098281 0.890512
43.954202 30.265936 0.898798
45.076643 23.804441 0.887694
36.344803 24.449923 0.891094
54.256885 14.586669 0.899990
67.062482 25.802734 0.899247
58.662130 25.682604 0.897347
72.659011 26.803537 0.886162
38.820718 16.477377 0.886833
72.734167 24.593233 0.895973
54.763538 25.119457 0.890960
47.910812 14.650502 0.893888
54.473161 25.371147 0.898003
66.764220 27.060852 0.891814
41.384325 18.499629 0.888988
39.659429 27.113798 0.896199
52.507518 13.797941 0.889969
43.515186 26.387581 0.888833
67.844505 32.125225 0.887434
36.253592 24.707590 0.897104
36.385721 23.816541 0.888983
56.395701 20.596209 0.890798
67.627683 26.810161 0.895732
63.427113 24.803537 0.888147
54.010826 16.868458 0.892912
41.972363 21.995463 0.896529
53.236862 25.597531 0.897960
74.613837 32.507499 0.891927
54.557896 20.400731 0.886953
47.251268 25.567986 0.889602
53.161081 14.971190 0.899643
47.469357 23.670017 0.898615
39.214097 26.983316 0.898541
60.647577 27.128515 0.886032
47.000129 25.427670 0.899247
75.429046 27.839225 0.886887
42.611667 23.384697 0.889200
64.393931 19.139067 0.886768
37.582533 24.846258 0.895459
48.812820 22.446437 0.889725
58.010916 23.899239 0.896457
40.327539 26.574442 0.895746
56.104597 23.439052 0.899187
37.825359 26.684589 0.899846
51.319664 29.459751 0.892936
52.163866 14.423063 0.896167
58.303002 28.676276 0.897179
52.679191 20.964868 0.894941
72.857509 27.979994 0.889475
75.641962 29.813007 0.893566
62.286299 14.956414 0.896134
52.864302 14.043435 0.891645
52.706136 15.156976 0.886369
58.346034 13.960272 0.885106
65.299473 31.951479 0.898955
68.162447 28.525920 0.889537
72.789056 23.328249 0.895557
60.444506 31.408523 0.894973
64.890003 29.452819 0.890587
53.438293 27.676341 0.897273
58.140892 32.138167 0.889549
55.314448 18.200816 0.886476
43.895814 21.010070 0.886481
43.038819 19.718327 0.885189
74.512474 25.706877 0.893327
51.156861 15.100879 0.891608
42.831605 25.302919 0.898784
41.111231 31.206689 0.890150
47.399751 30.069574 0.891386
61.870786 19.860668 0.887389
47.020667 21.677705 0.891345
63.367893 14.944434 0.890789
59.033347 16.277020 0.898284
65.940544 28.885093 0.899729
57.810772 15.333531 0.885958
45.068922 21.825430 0.889501
66.564336 18.027132 0.887592
42.313155 24.410857 0.896513
52.071440 27.005831 0.892400
54.244906 27.969792 0.886357
56.548827 27.168164 0.887350
51.718097 23.660987 0.890683
43.636632 29.558269 0.891801
45.628020 18.597695 0.885088
61.709249 18.177561 0.894893
60.269086 32.456407 0.896430
62.556984 21.532709 0.898699
74.214913 25.242530 0.889211
42.165545 22.369958 0.892941
36.219716 18.122494 0.887701
51.252234 19.100531 0.899047
71.036590 32.001518 0.886740
59.343447 15.519505 0.897744
37.638375 28.029792 0.897868
50.792324 31.758370 0.894089
36.340611 23.721798 0.888710
57.006620 32.303431 0.895806
50.587639 16.578884 0.896393
62.975211 18.307826 0.890257
61.480226 21.782579 0.890577
41.022026 27.186483 0.894625
70.817076 29.734512 0.886682
63.011640 28.549981 0.889414
52.794857 27.633795 0.892008
67.337055 25.033046 0.888766
43.609274 28.129678 0.888641
72.733033 27.909568 0.885282
56.827117 25.122220 0.891901
41.667125 31.061109 0.887292
58.877062 22.558013 0.888668
64.842269 32.092636 0.898938
60.270519 24.340919 0.890423
36.019781 24.020630 0.894383
70.709784 27.510153 0.894550
73.341795 29.474532 0.886139
73.508114 26.972850 0.886343
63.872861 32.248549 0.886293
50.506347 22.596776 0.891626
63.577841 18.321029 0.898604
59.806998 23.536989 0.895753
39.297933 16.448976 0.888012
63.209849 24.991547 0.890207
60.264283 32.147566 0.885038
41.601737 18.862216 0.887268
65.127910 31.841976 0.885987
51.694650 15.909390 0.892403
54.447322 30.430855 0.899329
54.759888 28.031691 0.890564
62.837898 22.548799 0.886980
61.006227 21.456882 0.885586
63.113921 23.482527 0.888133
38.592329 20.124513 0.899292
52.709506 22.201135 0.897425
59.569503 17.979160 0.891721
75.842328 30.387899 0.885590
55.748150 29.029508 0.898255
55.772648 29.099374 0.887672
67.248017 23.001700 0.886967
58.736056 27.745130 0.898574
73.634309 26.421223 0.886112
56.976817 31.347242 0.895371
49.700850 18.112238 0.897483
71.302559 28.549510 0.898798
37.559915 18.989177 0.890867
64.760405 20.210155 0.893238
68.480012 23.861807 0.899160
62.016362 24.434342 0.887995
49.041318 28.026359 0.893835
61.569583 22.219602 0.888345
62.738066 17.623832 0.886687
62.231504 18.223057 0.889139
50.983202 24.783433 0.898504
63.959855 31.314507 0.895632
48.251991 30.409923 0.892864
74.019442 25.690432 0.896835
53.986062 26.673257 0.890167
44.498618 18.818611 0.886486
67.825548 26.855244 0.886339
72.226563 27.544890 0.895266
44.276662 28.702540 0.890107
74.359344 31.465027 0.894223
49.723468 22.779580 0.890579
40.021902 21.603210 0.896134
72.323421 29.089180 0.889246
62.255730 28.430103 0.892202
52.687703 24.953091 0.894119
47.136775 13.876531 0.892236
46.136902 19.650585 0.893773
43.719012 18.364339 0.897380
62.232650 29.907839 0.897731
52.813457 28.050971 0.887868
53.285589 30.785340 0.894558
53.458901 26.110738 0.887082
52.583699 14.203408 0.893077
52.422097 14.892961 0.887295
42.236054 32.323150 0.896414
59.463837 24.404033 0.898808
43.025215 21.563113 0.898660
62.515614 24.126706 0.890465
58.083950 22.721110 0.898574
60.859788 23.425508 0.888121
68.836873 23.008597 0.889247
73.084958 25.838929 0.892108
57.353134 25.079235 0.896403
63.843445 30.236279 0.893770
52.776581 30.569022 0.899123
62.829756 18.573351 0.892810
54.017513 26.148679 0.885902
53.085411 15.096095 0.888275
71.961439 26.426178 0.898237
48.916015 32.442389 0.896631
57.507698 28.133457 0.891807
40.596485 21.711736 0.896524
49.456679 25.035492 0.890227
43.354197 19.730886 0.889882
37.551408 25.531765 0.885541
36.484557 17.903941 0.898397
50.521949 25.577267 0.887743
63.593196 28.569518 0.898863
53.472981 20.031824 0.899407
67.187010 23.498679 0.899807
56.726030 25.428725 0.899182
46.314790 19.153217 0.890455
41.173320 17.664766 0.899173
72.295205 27.656954 0.894819
72.620189 31.841994 0.893251
52.632929 20.408428 0.896628
59.926114 19.473443 0.886425
69.508994 28.848563 0.886379
49.775740 20.858646 0.885027
74.209419 28.511601 0.897041
71.052503 24.869639 0.886057
38.142944 26.071185 0.889628
54.891989 25.621684 0.891114
57.842069 31.481339 0.895444
41.963403 21.651443 0.885955
55.653391 18.626396 0.886168
42.667491 20.596788 0.896439
47.078151 14.315481 0.891021
62.069786 14.964700 0.889250
48.081561 27.251270 0.889628
41.991393 18.805811 0.890029
53.467220 14.981257 0.889760
65.467183 15.973679 0.891263
72.017682 24.227929 0.891012
44.267010 23.230962 0.893259
61.719035 15.968957 0.887262
51.549016 21.577374 0.889283
53.000129 14.501180 0.895975
43.041798 22.269268 0.887970
72.213822 30.134258 0.894841
50.720844 26.984372 0.898374
54.661078 22.798331 0.890756
43.918858 24.565184 0.899225
73.099981 27.121140 0.898778
45.584012 23.715891 0.899403
41.843421 30.919693 0.888587
63.432663 31.428277 0.889526
54.457462 28.524490 0.889013
43.829086 29.073316 0.898838
41.096397 30.560028 0.888520
43.494308 23.860097 0.899576
56.734997 19.151608 0.888100
40.543738 26.481120 0.899389
50.082273 19.545592 0.889541
59.840632 31.384079 0.899417
74.394733 25.849226 0.894071
64.291763 21.179872 0.885376
51.575148 29.891355 0.895360
47.071016 24.608697 0.896980
60.391232 21.520039 0.896885
59.100170 20.328707 0.890158
61.406497 24.531629 0.889276
41.770059 19.275784 0.897354
51.169928 25.112564 0.899674
57.758327 29.128906 0.895008
57.028215 15.058042 0.886671
51.107223 29.940612 0.885415
62.541942 23.218420 0.887531
42.652989 21.505931 0.888555
65.991896 17.040963 0.891099
51.476544 31.535675 0.896367
40.634203 26.559677 0.890813
39.054646 27.555641 0.897058
62.683128 19.513563 0.886919
71.978431 28.813266 0.885131
59.244655 19.471349 0.885801
57.820927 20.253746 0.889019
63.509852 21.537944 0.891957
44.709718 25.958632 0.890228
38.204989 17.454062 0.894704
65.145621 22.308838 0.885827
52.068193 29.297414 0.892510
60.298173 23.305873 0.892988
61.724764 26.452872 0.892381
45.226990 19.719120 0.895058
72.989648 27.630975 0.886382
45.761431 32.395868 0.896656
41.896313 19.359325 0.895648
39.337600 25.932312 0.893130
64.070721 27.517803 0.890424
48.965885 27.814479 0.888804
64.693677 20.752726 0.893942
55.109367 16.176000 0.898870
48.941267 29.142000 0.886501
72.208359 26.789204 0.887700
59.840124 24.805244 0.889090
57.665688 30.687915 0.890916
44.369709 24.356306 0.894327
58.777881 17.091177 0.887368
75.370765 31.535070 0.895926
48.103797 23.795679 0.895479
51.055811 24.620417 0.886863
60.023718 24.786437 0.898095
49.649749 23.043511 0.888520
41.953492 30.499627 0.890812
40.292087 28.197762 0.893104
39.929790 21.248498 0.898899
66.151991 15.120232 0.890704
54.985727 32.402337 0.889217
56.541057 24.423717 0.899705
56.315259 28.667976 0.891990
54.666272 25.303740 0.893592
55.018901 15.167308 0.898792
60.197180 24.237465 0.894063
76.033650 27.986688 0.888305
47.708988 29.927851 0.897468
43.575215 25.685484 0.893289
59.750652 24.594948 0.891157
41.247004 19.602928 0.897397
44.560921 20.524532 0.887923
65.141861 24.922867 0.887978
45.792277 19.982045 0.896410
48.768901 21.935109 0.890781
38.058305 28.370350 0.886943
52.571074 20.087813 0.895073
50.168988 29.744945 0.899408
75.747233 25.731294 0.896010
54.354724 28.213107 0.891402
53.641684 18.152386 0.898091
41.047287 22.856097 0.899810
72.729542 27.948020 0.886350
47.939545 13.993250 0.890982
63.891046 17.787373 0.886016
53.216201 17.236870 0.898353
65.113835 30.172172 0.887715
64.176962 21.494669 0.888933
51.427008 25.261822 0.892794
59.014572 23.018018 0.887494
46.193489 31.539496 0.885749
59.166629 26.988164 0.892144
65.671774 15.641236 0.891557
56.782792 19.587296 0.894751
58.985027 27.758883 0.888338
36.706984 19.909426 0.897493
42.532331 26.913148 0.895975
41.479535 27.376784 0.899806
41.620986 25.031912 0.886962
73.403986 25.441102 0.887971
59.113416 24.781445 0.899978
48.511914 31.308312 0.887744
64.863783 23.659688 0.893873
39.773085 16.968851 0.885042
62.816693 16.812524 0.888488
47.118028 31.483410 0.895322
42.275716 30.674039 0.892662
66.190683 31.738334 0.898753
55.162132 17.722879 0.890321
69.818592 24.485499 0.886607
43.003419 20.844506 0.892883
62.674281 31.115665 0.897594
54.796336 30.818612 0.899234
37.877962 16.793514 0.893079
42.674696 30.744777 0.893661
70.036708 31.792573 0.895551
56.705829 30.846712 0.897676
55.918632 21.768064 0.893075
36.229251 20.346973 0.896547
42.510147 23.777507 0.894339
71.581276 25.149014 0.885757
64.012546 30.218806 0.898625
46.670006 19.094745 0.895923
54.921888 32.026862 0.890071
42.940052 29.103822 0.898369
64.437551 20.929664 0.887597
52.156816 14.176065 0.886886
67.388233 30.041425 0.888291
71.730535 24.974823 0.890064
63.145388 26.542849 0.891915
53.706655 31.293202 0.890986
65.682119 15.655458 0.892454
59.530769 28.067146 0.891369
56.175787 19.516307 0.885625
74.402271 30.968466 0.899351
56.420442 22.089217 0.897613
58.643620 31.288642 0.895545
57.108869 17.303306 0.890894
54.674227 18.316488 0.894818
63.183114 23.936937 0.892269
64.161882 27.638409 0.895933
47.972690 14.962765 0.894966
52.197413 14.843504 0.885465
57.454079 19.475438 0.890759
57.841661 16.784585 0.889374
75.298892 24.602569 0.896531
73.156414 31.376388 0.894553
69.186775 27.813168 0.893655
74.258414 29.187651 0.888040
50.897967 30.724747 0.892729
72.853557 30.305884 0.893861
60.351799 22.800642 0.896378
62.388902 30.736478 0.898646
46.812170 19.037285 0.891472
66.807331 25.469749 0.891086
54.116875 32.155090 0.897661
55.633050 23.604862 0.894312
50.484636 15.028401 0.885972
38.749490 18.443723 0.885187
42.865046 18.552404 0.892254
37.828586 27.050242 0.891986
65.089467 29.357105 0.886404
46.585231 17.544967 0.888680
64.827988 29.471994 0.892745
73.408382 27.375469 0.892220
56.593196 17.807400 0.886469
64.014431 15.553833 0.893543
59.715661 19.337132 0.889333
48.249678 24.847125 0.898046
65.908221 15.456033 0.887403
49.430858 22.352638 0.899080
45.096359 20.968507 0.885261
60.794231 13.991417 0.890863
64.216708 18.554206 0.888768
45.022286 23.840265 0.886443
52.928137 25.981419 0.899160
48.794634 29.525507 0.886248
49.770119 19.139146 0.893505
49.156204 32.180638 0.885639
54.292867 29.351218 0.889388
73.702144 31.200444 0.890584
60.477409 23.192803 0.888423
43.007432 18.113409 0.888347
49.946180 21.541371 0.896240
65.533938 31.654892 0.890134
56.681736 32.075263 0.892453
39.619079 21.054702 0.895592
52.258802 30.739378 0.897608
75.971459 26.506207 0.887585
65.354353 22.317117 0.890987
65.462029 31.524719 0.894751
46.909888 19.783909 0.888673
69.717431 31.589026 0.894858
74.580641 24.791257 0.898132
55.477511 22.770878 0.886251
74.888092 23.837433 0.891836
70.890121 23.850673 0.897412
52.884253 15.302164 0.888410
55.933879 22.319694 0.893282
75.534736 27.800698 0.886459
63.295120 19.597143 0.896638
50.456037 18.527676 0.891625
65.286235 18.466777 0.890499
45.209042 32.494688 0.885426
53.641325 22.162458 0.886861
45.204229 19.992900 0.897828
71.132381 25.539312 0.895513
62.000452 15.403159 0.891965
63.476974 30.876570 0.886590
50.839832 18.909391 0.889039
58.582530 31.664755 0.894416
38.734416 21.862531 0.887272
61.236547 14.398009 0.891139
55.556335 22.270412 0.887130
54.928141 23.357295 0.890675
48.216574 20.758597 0.892576
65.587481 22.592682 0.888844
36.749795 28.795046 0.886882
57.622487 18.775542 0.892077
55.695186 26.934227 0.886629
62.208258 22.871502 0.894411
40.675434 20.875379 0.890894
39.517100 24.460362 0.895284
53.980175 31.499640 0.893765
65.088285 16.820468 0.895093
72.631915 31.833910 0.893400
63.132776 28.822781 0.913932
64.981891 24.931768 0.907775
54.334955 14.257782 0.904160
61.988172 22.213133 0.906478
63.300319 30.201527 0.916224
65.717424 31.976922 0.914485
52.525102 25.869396 0.904373
52.529795 26.275137 0.904514
52.571885 20.181087 0.903148
46.003033 32.179649 0.914888
50.398237 14.107539 0.911713
51.511811 17.314545 0.914703
58.113697 18.289068 0.916133
66.527913 30.484098 0.900245
38.600939 17.264633 0.916509
57.496744 18.071935 0.909833
37.626617 27.682043 0.902505
64.223628 19.595556 0.901751
39.974546 27.538263 0.913152
56.256432 19.061252 0.913941
44.846715 24.696700 0.911559
61.810716 22.288074 0.913929
49.487634 25.171910 0.911931
53.698697 19.238891 0.907277
63.485125 19.538350 0.913382
60.893244 15.339013 0.910029
42.612903 21.148931 0.911437
69.515228 27.064997 0.906188
43.063402 29.665501 0.913605
60.595936 16.985771 0.903644
53.829699 24.659130 0.902921
57.965428 27.614358 0.914726
61.105313 15.551067 0.911518
62.276579 30.873242 0.912538
75.006301 24.953243 0.900572
57.334584 19.299258 0.903972
43.269232 20.211231 0.908423
70.021355 28.646609 0.900521
70.544073 29.854177 0.909269
36.762990 18.160573 0.905679
67.640390 28.179244 0.905089
61.570395 23.521420 0.913988
66.699341 31.892080 0.911394
36.922280 22.443771 0.912642
67.006060 22.536215 0.907071
41.950093 25.746182 0.902872
42.598747 17.961998 0.911202
67.303810 30.884589 0.914219
64.096560 21.682337 0.908159
36.689861 23.354955 0.900143
70.541830 30.576402 0.909434
50.873569 25.925993 0.913374
47.858099 29.775840 0.916402
39.023339 26.016159 0.906926
51.715181 23.511579 0.910510
48.836100 30.024499 0.915111
64.603960 21.919597 0.914537
54.388552 28.154349 0.900956
53.737756 22.918460 0.907589
45.829054 23.818517 0.916217
70.004617 25.590273 0.914613
57.351422 14.684247 0.911396
62.610696 16.037763 0.905367
58.845017 15.455651 0.904372
43.996618 29.603405 0.910140
55.957839 32.200406 0.913738
58.746560 30.244319 0.902803
47.384681 16.905308 0.900736
48.028027 30.016006 0.906108
66.144537 23.737555 0.901980
65.203385 32.340184 0.911272
66.240370 30.101287 0.915736
37.982202 25.176389 0.915553
51.104470 15.146432 0.908163
49.520390 14.605119 0.900789
57.963236 28.246096 0.904073
69.944889 32.348093 0.906052
49.012883 25.115075 0.914798
63.890470 27.964619 0.900205
46.596227 27.774247 0.912212
72.072054 30.400922 0.906682
41.544539 19.487324 0.905170
42.339530 31.158904 0.909826
41.571546 31.059184 0.901748
41.371014 29.442603 0.905978
49.788832 16.874876 0.915912
36.709375 18.855889 0.902697
55.226401 19.318383 0.910321
36.640393 28.233173 0.915327
59.409352 19.885961 0.906921
59.137581 24.353343 0.907477
53.965907 22.381839 0.905225
56.056221 14.064211 0.916452
48.081805 22.205625 0.916219
52.550884 16.560811 0.904615
68.056965 28.284545 0.904702
38.186279 25.960498 0.903911
41.294466 16.973667 0.912700
43.128205 24.079558 0.913798
48.227884 24.785109 0.914106
50.072872 16.710312 0.912225
66.858277 18.268992 0.903180
50.143279 21.521272 0.909967
50.491115 24.675904 0.905761
50.626556 20.157271 0.912862
46.432748 24.576542 0.910128
61.914329 14.267365 0.914602
52.640836 26.646891 0.913697
62.425458 26.921915 0.904372
39.252672 17.591152 0.906570
57.156973 19.147813 0.916662
45.390976 18.097697 0.913250
40.411374 16.893213 0.916632
61.729721 16.341311 0.908047
40.515688 28.715157 0.915791
67.507829 31.400275 0.900855
47.289103 18.005417 0.904429
48.051980 28.926254 0.911933
36.723089 27.541642 0.910192
43.647520 25.390212 0.900518
72.392122 30.028677 0.910951
66.213393 23.522569 0.900984
64.686102 17.419985 0.914800
63.019839 29.292606 0.903992
59.992122 20.059310 0.912758
43.830937 27.705463 0.910748
56.369225 20.519164 0.912502
43.726529 20.759960 0.905397
49.440989 19.454268 0.915310
69.610021 26.241845 0.903229
58.544549 17.813499 0.904594
71.585428 25.942839 0.916122
43.594924 30.280199 0.902179
37.502808 24.209254 0.908772
65.003406 29.085608 0.914828
55.613191 20.340652 0.900476
55.674071 27.943425 0.916493
58.702919 13.826490 0.911141
55.448461 20.188108 0.910659
53.160753 14.707571 0.908064
45.001994 16.846760 0.911224
68.180427 30.826437 0.904129
72.349334 31.293506 0.906156
38.062974 19.934210 0.903129
42.091301 27.374126 0.909640
51.309411 25.824437 0.905219
46.313344 17.872883 0.912886
55.987611 16.093410 0.909323
43.343128 20.496326 0.903002
53.291296 17.852153 0.913739
48.498154 28.520715 0.904665
54.230833 29.782276 0.905747
58.505519 30.242198 0.908584
54.455948 16.276894 0.903476
61.151560 17.071600 0.910437
43.702341 29.711788 0.913329
60.023915 30.506757 0.915950
54.249991 28.981810 0.909186
39.665774 18.298049 0.912653
61.323441 17.009140 0.908597
58.050476 14.296081 0.914728
72.928559 30.499811 0.911505
52.300719 15.750738 0.911563
51.994643 20.738048 0.903842
57.499761 20.153093 0.902922
50.384059 31.897247 0.911704
47.186355 25.090896 0.906265
47.700120 19.381894 0.908327
60.142888 24.024187 0.908846
74.688134 23.790317 0.904269
54.546973 26.127507 0.915384
70.910578 30.223758 0.903564
49.049038 24.912718 0.915849
62.966889 23.576202 0.903901
65.440325 18.140097 0.905839
61.036557 32.130808 0.915741
58.205080 14.326319 0.900632
54.799482 22.082911 0.912027
70.897330 24.973716 0.909949
47.118173 20.662449 0.914627
55.854134 26.187123 0.904856
57.034669 20.854966 0.906051
41.309840 21.089974 0.911573
54.602811 31.965915 0.909650
46.826298 23.940767 0.901887
65.366912 29.260070 0.900099
61.892021 14.517115 0.902775
56.152607 22.377058 0.902185
44.836151 16.740683 0.905351
52.296978 22.966001 0.901682
63.627803 17.218974 0.914587
44.215968 31.786086 0.900526
64.459112 20.261952 0.915867
38.901136 23.513770 0.912986
42.107391 18.205977 0.908316
44.673685 21.670685 0.915122
51.367902 18.966867 0.909608
44.887961 20.228040 0.911460
69.521396 28.867879 0.905903
45.472081 22.127941 0.902925
69.689408 30.341599 0.901663
40.419995 23.998733 0.909618
60.467830 25.327336 0.905412
37.115535 21.952132 0.900057
41.858248 17.901365 0.913001
48.607510 16.871492 0.904347
57.655191 25.066271 0.905252
38.504496 25.802075 0.910688
52.122249 21.851920 0.907817
70.124180 24.869148 0.910854
47.982223 21.934170 0.913022
51.873197 26.665466 0.908718
37.014378 26.286575 0.906646
54.096381 29.608702 0.908245
54.226738 20.586852 0.909520
40.727547 26.495594 0.903403
62.183301 25.971155 0.909371
72.389745 26.678548 0.900808
72.951934 31.417129 0.906926
42.175895 20.560961 0.900392
50.060898 17.575153 0.915369
53.417184 19.455130 0.913485
54.825316 16.876983 0.907021
72.901773 24.399737 0.905403
49.619151 27.103681 0.913950
51.404185 24.456048 0.916212
45.703425 23.617258 0.913262
53.531309 20.366700 0.909800
50.467909 31.336529 0.916635
55.882132 27.524770 0.916592
57.220455 21.949371 0.904426
73.500859 26.448840 0.916244
43.209288 27.718558 0.903283
44.022322 25.361015 0.909598
46.497352 23.701815 0.910517
51.804814 23.551167 0.909185
65.413551 22.650399 0.906531
50.376504 24.810780 0.902955
53.232169 23.701151 0.905707
59.565062 22.252992 0.912018
49.904745 21.901182 0.908471
37.766013 27.433754 0.909324
66.585814 23.493682 0.908350
45.211503 22.578049 0.904194
64.949164 21.483098 0.902904
53.482235 20.956506 0.901384
66.783207 25.087975 0.903659
53.561149 20.956239 0.916265
48.207352 14.962789 0.911456
70.419919 24.452522 0.909795
52.621295 17.976207 0.909170
57.472510 30.625281 0.904994
63.768568 15.082736 0.902428
52.975715 22.252883 0.904090
41.342612 16.706430 0.914725
51.655920 14.416329 0.905307
60.213919 19.627679 0.907342
52.718335 14.636028 0.910367
73.800731 26.478438 0.901120
37.067649 20.597671 0.909570
43.516875 27.969225 0.913205
63.044790 29.891477 0.900341
46.417182 30.320237 0.913988
72.918914 26.542113 0.906080
56.766735 15.909349 0.905977
42.696843 23.957117 0.901663
41.847216 32.187617 0.905391
43.076629 28.012217 0.904120
63.100932 29.052325 0.916422
52.967791 24.869603 0.909721
53.894991 23.057467 0.910166
45.568631 17.268079 0.907408
64.226146 27.737717 0.903622
50.866800 28.581401 0.908541
37.940425 26.768687 0.903118
52.458863 27.882866 0.913731
61.722508 13.892332 0.916603
44.243235 19.502464 0.903275
56.972694 29.166112 0.912610
41.878500 26.483773 0.911158
50.311339 26.699275 0.902969
62.197288 21.170221 0.911314
42.133690 17.580053 0.907569
54.754277 22.825874 0.910459
49.727014 23.692322 0.908199
49.405939 15.134317 0.916109
45.696193 23.138501 0.900083
43.373686 21.600156 0.910187
59.502823 28.866731 0.905603
49.323813 27.632569 0.914998
50.160805 31.902822 0.909401
37.763760 23.022129 0.904341
73.461031 25.590529 0.903996
61.635632 28.391052 0.900360
55.446707 19.869331 0.905980
63.451387 26.918971 0.908729
50.717944 23.121646 0.916316
69.086993 27.590958 0.913553
52.305986 15.513359 0.908745
43.888688 30.446416 0.906769
38.166919 25.151655 0.912486
60.929498 30.091422 0.903978
48.963073 27.552455 0.906359
58.026355 25.396210 0.912275
36.437965 21.000674 0.903825
74.958353 24.164862 0.906313
51.450021 26.642854 0.908569
56.011358 29.645144 0.905693
65.448137 28.904809 0.907038
57.341399 22.216518 0.910522
42.079718 18.110681 0.906434
62.317017 22.714083 0.910967
75.597614 25.487708 0.907238
41.298613 22.068220 0.905300
38.848681 21.357384 0.915982
67.197550 30.831186 0.910184
58.557773 25.252294 0.905955
58.930376 14.170446 0.910454
39.049384 27.404395 0.906164
54.512261 21.223346 0.906081
64.303121 23.968113 0.902003
68.205262 28.927750 0.912187
40.064352 21.623217 0.904123
59.544372 17.541632 0.910037
74.458804 25.072540 0.916191
48.578372 30.994950 0.900065
54.321001 23.014811 0.914866
43.252482 19.045282 0.908365
43.885577 18.093019 0.908454
60.643212 29.587651 0.900630
75.556120 24.224163 0.903463
70.968995 26.282801 0.911035
53.308698 23.935095 0.905965
54.051309 13.850684 0.913407
46.942171 17.945084 0.901010
53.258901 19.908106 0.915485
48.370866 15.056348 0.913669
42.952851 30.908429 0.902698
44.183947 30.245683 0.914213
60.044694 27.563779 0.915899
54.651357 22.688008 0.914076
65.173116 20.082636 0.904349
36.980826 24.103380 0.913226
46.459867 17.586851 0.903437
64.427128 31.471121 0.915438
46.661008 31.752200 0.903623
52.423972 21.519692 0.901910
59.426906 24.804177 0.902282
66.179618 17.023690 0.913745
64.009431 28.790402 0.916062
54.701635 29.627735 0.916369
48.038250 21.820249 0.914553
65.436371 14.690170 0.902799
36.251333 19.530873 0.911371
59.801890 22.458088 0.906085
38.311686 25.002548 0.910823
63.356176 18.452527 0.900282
73.062809 25.639744 0.906397
54.243328 17.595398 0.900668
50.107456 28.916423 0.903766
47.587384 23.074988 0.913035
70.493854 24.499601 0.916255
61.702151 17.124422 0.907274
49.538893 15.328979 0.904471
74.249345 31.785241 0.901082
50.393589 28.301627 0.913944
64.122173 28.829751 0.903551
42.796288 29.373509 0.914761
59.651319 16.517189 0.916272
56.116059 18.713343 0.913742
71.767680 24.868129 0.916472
46.330178 19.209433 0.906333
48.907425 30.218261 0.906667
70.828872 27.639834 0.916271
53.400284 16.872944 0.901475
43.106664 23.143760 0.905409
46.578800 26.385355 0.916589
46.182889 24.380037 0.916298
68.880713 28.791722 0.904769
66.547889 32.255116 0.906816
64.005873 21.249738 0.912885
59.185091 28.183745 0.914048
65.160711 18.385484 0.915877
49.143007 28.566014 0.912398
55.254256 24.840915 0.902697
38.354703 22.595170 0.909379
57.606836 21.895226 0.905862
56.722349 14.041110 0.911159
66.132840 16.357346 0.905801
55.001689 22.342549 0.905611
48.493463 29.728839 0.903657
55.782310 29.250708 0.910930
67.099521 32.263471 0.910927
54.943137 16.926650 0.910242
57.389526 17.268768 0.912162
53.161469 17.547428 0.903600
50.404012 14.490965 0.912950
53.343476 16.807357 0.907412
57.184060 17.966557 0.911909
48.345403 27.739097 0.900961
66.779754 21.602223 0.901765
40.417561 21.399066 0.906996
60.596316 15.059202 0.905050
58.282295 20.627206 0.915444
40.890569 16.505167 0.916033
62.768998 20.274039 0.910784
55.872615 17.296299 0.901126
64.706099 24.448444 0.915498
59.133212 18.376937 0.906516
47.040496 30.482080 0.908852
56.485521 25.442823 0.900949
53.680135 28.158983 0.905339
57.057644 20.070161 0.911241
53.774604 26.382426 0.911737
51.395722 21.147321 0.913501
53.414881 14.818963 0.903520
45.491752 32.491787 0.912798
44.964587 25.092011 0.916151
43.764224 25.716844 0.900352
59.268314 24.434136 0.905603
48.494366 30.770603 0.912349
73.218743 23.183457 0.908887
53.467648 24.288121 0.909551
51.532690 20.455454 0.911800
63.439929 20.177998 0.908526
54.351184 22.672090 0.903734
55.941801 20.045990 0.906028
69.116429 28.433483 0.909199
50.685049 21.041594 0.913214
67.207246 29.314186 0.906429
37.469340 23.350518 0.907178
54.154088 24.752109 0.902368
53.643140 22.279667 0.902972
73.668113 24.879728 0.916275
48.459737 17.166075 0.909951
52.825179 28.633843 0.910287
71.355412 29.802909 0.911859
43.474565 25.420353 0.912866
55.333527 20.380691 0.910336
70.226567 26.998715 0.910029
75.012666 32.531022 0.914102
61.916786 15.764516 0.912337
46.731211 23.980939 0.906894
64.178514 26.841541 0.904727
51.819013 30.592894 0.905771
44.454126 21.624178 0.913346
69.986214 31.015908 0.915591
38.512791 28.758906 0.910017
60.779251 19.770163 0.908936
39.000532 24.228595 0.901512
59.232916 15.712522 0.912742
49.348106 25.032748 0.911413
44.914093 24.625523 0.914954
58.697143 27.991468 0.908650
58.742888 16.223393 0.913719
66.653209 18.069273 0.907850
61.654254 22.302511 0.913731
39.148772 17.470570 0.913292
61.875312 30.979731 0.908485
62.537970 18.436893 0.900044
55.042467 19.305962 0.905858
72.399422 26.791858 0.908248
72.600393 32.042546 0.913791
48.940531 28.749397 0.911969
44.751150 18.273857 0.913138
48.377234 20.594122 0.911778
55.297739 31.916394 0.912984
65.670690 17.384140 0.907137
44.089888 31.659819 0.911579
40.185826 24.448869 0.904612
60.983065 32.105477 0.902219
44.191369 23.364616 0.900989
43.680905 26.001053 0.916201
65.784525 14.399312 0.900805
36.423118 27.859394 0.906799
56.017962 14.954352 0.916384
54.023074 23.258269 0.910291
42.371601 27.560954 0.910434
56.264674 21.468484 0.912660
61.052158 31.060679 0.903503
46.762390 24.535999 0.909752
48.762356 22.043956 0.910959
68.958847 22.993596 0.900136
65.961559 22.775798 0.903597
54.053154 26.111522 0.916592
42.009529 30.246261 0.908506
60.624096 19.350344 0.914875
61.299577 27.470682 0.904979
57.054444 14.566997 0.916154
42.146104 19.219148 0.911673
41.068505 30.414417 0.910386
51.173810 27.114991 0.900409
69.553892 28.710724 0.914635
53.051528 18.467767 0.905737
53.158137 24.706991 0.906253
45.360864 22.564899 0.913936
47.645077 18.139351 0.901567
53.505631 15.130563 0.909691
74.321832 26.922938 0.903303
56.419374 30.956062 0.912781
44.846235 20.552516 0.913618
57.837546 22.310437 0.911706
58.081215 22.447066 0.915941
48.296958 16.086542 0.914291
48.976275 25.370220 0.909045
61.398547 15.399324 0.905032
55.246296 24.665297 0.905677
46.521130 16.205968 0.914083
50.540128 32.040480 0.916583
50.592338 16.534489 0.902626
59.092758 25.894794 0.902837
42.604909 29.450911 0.904178
44.563363 30.672361 0.907706
55.784915 28.828461 0.903809
70.065379 31.183275 0.912519
41.621026 31.216688 0.904221
48.651531 22.228465 0.904706
47.925396 23.916026 0.900990
52.836873 20.458443 0.907507
53.595993 28.395445 0.909618
45.227658 21.346816 0.911960
59.686926 14.222609 0.906622
56.715740 20.868647 0.912866
62.987793 16.802290 0.905153
38.955857 16.429473 0.901296
53.072025 23.975763 0.906517
73.404461 23.947341 0.911373
66.493601 17.966989 0.906151
67.350296 30.096544 0.909459
43.361353 23.059260 0.914545
63.286241 19.667095 0.910284
36.412531 28.605868 0.905358
55.472104 28.951900 0.908461
71.804377 25.213825 0.902838
63.152081 20.778930 0.907740
63.385070 30.726629 0.914750
49.120078 14.784467 0.915205
55.652470 28.061140 0.914999
64.901858 27.557028 0.914999
41.712849 30.906183 0.900590
55.985077 20.321565 0.906910
55.824106 23.202526 0.901898
74.095548 24.376847 0.911120
57.188144 17.211747 0.912709
61.696535 17.396379 0.908704
70.871787 26.388352 0.916408
45.531292 32.177978 0.901538
55.247247 16.497302 0.915356
56.761605 21.033147 0.903319
70.319473 29.371810 0.908005
56.455901 30.072317 0.905238
49.406411 14.662889 0.911786
52.949167 24.277656 0.914955
47.913120 25.474467 0.909711
73.075124 27.181735 0.903481
36.018343 26.002237 0.911236
56.925991 24.049866 0.914761
42.139238 29.601417 0.905001
59.783286 22.477078 0.911381
61.017074 30.796025 0.910292
48.744022 15.141854 0.914484
48.583170 21.205096 0.909113
45.303320 20.688070 0.914536
45.237504 19.260439 0.913530
71.063422 26.187466 0.905502
66.188234 20.264082 0.900820
65.243059 27.025764 0.900099
65.799213 29.657922 0.905315
55.782825 20.532861 0.905778
50.967774 18.285027 0.901146
42.201238 26.624836 0.915998
56.408769 29.515064 0.915463
42.868056 28.695951 0.900336
56.900957 20.439009 0.914900
57.024614 19.706224 0.903888
36.711374 27.116840 0.909908
52.435545 23.994997 0.904463
50.361456 14.240114 0.906987
66.198603 24.998978 0.909030
66.717861 24.444801 0.907780
74.110762 32.293554 0.904222
67.041673 26.257408 0.905350
42.725210 26.155282 0.915565
73.437417 30.167681 0.910279
59.723396 15.364895 0.904098
50.285135 14.044403 0.906122
45.036799 22.495496 0.907213
62.211373 30.149024 0.912244
48.442042 32.118003 0.914897
59.135651 23.385766 0.914232
73.931301 26.108170 0.901741
71.285924 28.490089 0.910985
73.614775 31.895950 0.906569
56.336437 31.119534 0.909957
65.048889 29.254173 0.910400
73.644362 27.175815 0.901796
73.850939 29.269815 0.913113
66.111175 14.846528 0.911588
66.949324 32.053253 0.916040
43.416524 20.529923 0.905060
71.434573 28.300997 0.906749
45.441631 31.092228 0.914692
66.253617 23.695149 0.914835
59.801493 16.311997 0.912372
64.132040 16.815046 0.900464
49.117481 17.499595 0.908428
74.546427 29.050588 0.912613
59.203317 24.220150 0.909928
47.128200 19.293126 0.911047
44.275603 17.548770 0.912997
51.084068 25.673127 0.916082
64.082723 15.609906 0.910623
47.172493 31.545728 0.911481
73.818120 25.223117 0.905580
41.017733 31.076268 0.900751
60.567207 24.755605 0.900674
62.245390 28.556829 0.914555
56.108237 16.064201 0.904258
45.502141 21.409716 0.901352
54.390040 25.001654 0.901371
56.886021 20.305658 0.903664
65.815474 32.309265 0.904068
42.364806 23.463485 0.904181
49.613218 18.340155 0.914659
69.435214 28.166347 0.901036
53.019120 19.173942 0.915886
73.421235 30.535777 0.901967
49.254611 18.596473 0.907001
51.796221 20.564830 0.904316
74.645122 24.790940 0.916239
48.166508 21.238055 0.913727
42.519599 20.117411 0.904178
56.949029 20.513685 0.914904
44.761204 25.276146 0.901439
41.040113 28.151650 0.901222
36.117658 21.124729 0.900878
52.070678 31.131506 0.907592
56.320678 29.936205 0.916046
64.319715 27.016765 0.911633
43.622773 21.427156 0.908196
73.463444 26.556772 0.915848
42.021025 31.376013 0.907839
66.157127 22.907336 0.905492
46.388692 24.009575 0.910508
74.184737 31.540218 0.913141
41.706019 20.691939 0.909097
38.292018 25.535680 0.905879
49.438056 18.405907 0.901257
56.215509 31.985922 0.905732
59.630495 22.103112 0.910521
62.663277 31.665254 0.905536
41.245166 30.769738 0.908039
53.858851 30.425437 0.905606
36.496242 25.111415 0.912104
54.831157 31.326057 0.906329
60.543931 22.669033 0.913922
37.997550 22.795198 0.909165
47.614521 32.228253 0.901492
71.224931 28.803458 0.903191
43.674911 20.228544 0.902376
69.005300 31.879656 0.903161
52.378386 26.172961 0.916269
42.879721 21.861379 0.900513
65.292381 17.224104 0.914262
57.461065 25.551005 0.907424
59.975907 27.756004 0.903427
63.639482 24.819073 0.908425
45.564913 19.416562 0.915990
58.889463 20.967111 0.913007
57.856794 16.189107 0.908786
59.455402 28.142764 0.904394
69.998310 24.811739 0.915119
50.311758 26.264755 0.912452
45.641167 30.207041 0.903526
59.316708 22.295514 0.903306
52.163560 19.341258 0.901524
60.548136 16.988845 0.903179
41.879930 27.321206 0.903347
50.273769 21.432011 0.908281
44.558185 27.241856 0.913803
71.966364 29.357183 0.911596
48.240603 24.884043 0.906933
50.642087 20.193797 0.904272
45.070772 20.247744 0.915560
44.690116 22.677196 0.912070
62.997697 31.324806 0.910445
48.517013 14.572926 0.915083
50.156037 31.324695 0.902172
40.769743 26.364280 0.907043
65.687789 19.762279 0.902112
69.264489 28.253639 0.911381
67.303030 29.907348 0.915100
51.078887 18.734859 0.901476
48.357822 22.884139 0.901495
71.056894 28.947298 0.909042
65.361558 15.159005 0.907169
63.559331 31.092926 0.914543
50.876383 20.636125 0.909780
64.637118 31.684594 0.909915
73.857612 27.207182 0.900405
50.002217 17.637702 0.901640
50.294032 20.412444 0.915453
47.975283 14.609901 0.902132
44.251493 22.493701 0.900130
42.845563 28.194523 0.905203
55.519045 24.068667 0.909163
63.729119 29.847181 0.916196
36.612128 27.567865 0.908309
50.776896 31.399472 0.908948
51.364623 25.175603 0.905208
45.777280 21.281439 0.909789
53.365328 16.076064 0.907649
57.784071 23.501781 0.914611
56.062155 13.932012 0.915358
45.780901 17.556466 0.915494
62.998167 21.761083 0.909200
48.407222 20.183217 0.903689
71.898804 25.813065 0.914223
63.573528 23.046637 0.905919
62.595672 16.471655 0.916372
65.366310 14.902249 0.901396
71.889452 28.983333 0.912159
38.628065 18.307867 0.911049
59.936109 31.348021 0.912551
56.600497 21.183766 0.905775
43.818280 30.355857 0.913244
51.513453 22.222100 0.905521
36.354769 25.578290 0.912303
46.217004 26.990816 0.913296
63.001318 19.971027 0.911522
37.540232 28.793878 0.915959
50.837440 25.143427 0.908231
39.694964 24.681261 0.904488
43.779397 19.421428 0.908787
41.202505 28.279353 0.901387
45.450769 21.143669 0.900327
61.299873 21.448720 0.906327
38.520362 23.845958 0.915106
38.554545 26.429051 0.914405
40.115814 18.757643 0.909035
61.653447 13.920220 0.904485
61.551030 20.663602 0.904149
61.944851 14.505263 0.914153
64.896836 23.135733 0.911629
72.460590 23.380153 0.916277
41.903894 31.741068 0.900721
56.286448 14.108711 0.915984
43.636676 29.859651 0.904581
55.093888 27.766085 0.914931
60.308960 15.929112 0.909008
64.464140 30.156143 0.901682
60.394889 31.282453 0.901182
49.557165 24.925214 0.907754
55.551695 32.121042 0.902154
64.210775 27.491446 0.915317
50.214478 23.881004 0.913344
57.282034 20.271854 0.903334
45.112530 28.024284 0.902860
70.875231 28.700237 0.915104
41.087659 31.540156 0.910420
45.047291 25.106856 0.912062
56.880500 26.871890 0.906114
47.067018 21.667723 0.905378
65.367809 21.768233 0.904504
73.744011 26.427007 0.902289
55.271659 22.904085 0.901055
38.618501 18.447502 0.912726
58.470664 26.995497 0.905346
64.665127 27.520213 0.910527
70.686354 23.194593 0.915163
36.675240 21.030813 0.911092
51.878618 27.845604 0.916144
49.014229 14.755195 0.908136
50.810962 28.263670 0.900570
54.665862 21.552353 0.914605
44.769374 28.645695 0.907084
58.100119 31.400120 0.912639
58.621251 18.469931 0.905379
56.447626 17.672334 0.913166
61.370826 15.109492 0.904697
70.922265 26.636242 0.903276
57.739533 15.067868 0.915826
59.686104 16.276295 0.903280
55.933893 18.147085 0.907496
53.700420 25.190849 0.900556
69.249585 23.918265 0.900491
57.487656 20.424636 0.900583
45.422101 20.885839 0.911504
62.678758 22.160643 0.910911
36.001308 25.986124 0.910992
62.458704 19.990516 0.914323
68.919611 23.062293 0.901477
40.955202 17.955268 0.901356
56.380210 21.305253 0.908952
43.424893 27.170809 0.912721
53.490705 17.422648 0.907324
72.486509 24.570137 0.901257
37.480316 25.631975 0.910411
72.303359 32.463308 0.913982
55.330334 30.729645 0.904000
40.384315 23.636378 0.902886
59.028210 19.065589 0.909688
56.878279 21.639915 0.902868
61.012223 19.846797 0.914354
58.508851 31.669944 0.914319
49.351313 29.795701 0.916243
57.615434 17.196154 0.912696
52.039913 26.214036 0.902596
48.870023 18.842031 0.913283
62.615658 16.905637 0.910169
37.175853 27.730984 0.901962
50.739259 28.564508 0.900139
66.656299 30.495153 0.904847
75.441842 26.964830 0.913467
47.242652 32.367935 0.914832
58.854468 20.794717 0.907869
44.927649 21.166188 0.907734
60.937198 32.213953 0.914520
51.691589 16.414432 0.910920
73.567825 31.110143 0.911962
47.102913 23.164149 0.904428
52.816143 14.194456 0.907006
46.247626 24.116843 0.915385
52.957564 17.798089 0.906245
66.767607 32.520948 0.901203
58.200102 22.184504 0.915000
54.357575 19.386626 0.911493
46.061090 22.747020 0.906196
55.548554 29.023730 0.904778
69.772314 25.047095 0.913179
39.233071 21.966690 0.908604
42.150063 21.719418 0.907375
39.148528 25.393753 0.912673
63.165507 26.720371 0.915831
62.947537 25.834306 0.902234
56.392452 22.472632 0.909804
49.144927 30.414735 0.912272
59.479986 19.930841 0.905451
60.480353 19.457453 0.902394
54.232870 21.569430 0.904781
54.319218 25.198967 0.915169
49.609039 14.036410 0.901043
64.773296 19.490159 0.914328
50.869224 24.091858 0.907808
44.634999 25.232082 0.903960
46.328405 17.954788 0.911181
51.878346 22.605856 0.901111
74.831195 30.149249 0.901651
60.679117 16.817976 0.902162
42.458706 22.314409 0.900448
49.920825 30.926163 0.913933
68.709239 23.280756 0.913830
72.738817 30.503924 0.905682
60.506867 25.381422 0.902587
68.881414 28.595729 0.912120
54.838060 22.971234 0.907373
56.295102 14.115773 0.915869
43.807445 29.135523 0.904818
53.410435 17.179611 0.905581
51.522437 15.231264 0.914722
64.255385 15.406817 0.906129
56.693006 32.481597 0.914988
47.272513 28.630120 0.915604
46.631727 29.788715 0.901239
52.328826 14.979941 0.900967
49.613442 24.231953 0.909393
46.377412 29.545122 0.900399
44.998185 22.188796 0.907692
37.349597 17.272359 0.911415
50.954960 23.551874 0.903311
74.145982 25.220665 0.906700
55.004901 15.308519 0.911485
72.487358 26.087045 0.905941
61.794734 30.771925 0.915782
52.655805 24.689609 0.911256
58.636859 30.695124 0.912794
49.975383 14.282959 0.901552
69.498979 30.381493 0.910680
48.888017 15.867400 0.903709
61.521320 31.452062 0.908153
40.016681 21.143318 0.902234
49.019515 15.783259 0.901847
64.435698 16.882817 0.912347
50.502182 16.786845 0.912001
55.801592 20.909707 0.903845
55.453886 20.575039 0.908133
42.767521 24.628076 0.912895
45.231266 31.425826 0.903413
58.931514 31.711842 0.914132
64.825331 29.259678 0.913078
50.360244 27.567449 0.913369
72.892022 27.520114 0.902408
45.718753 25.169271 0.909242
53.327583 16.580052 0.904803
64.155251 17.647574 0.904883
63.234567 19.681273 0.900540
67.872428 29.805077 0.902525
54.664815 19.552601 0.906781
60.139557 17.235837 0.914463
55.113115 19.000205 0.909852
51.899193 13.869733 0.903673
47.165232 24.396250 0.916127
48.324576 29.887535 0.903629
42.896922 23.325564 0.903855
37.644402 22.562080 0.911763
68.430900 31.444275 0.909463
51.567434 20.429637 0.912176
74.330884 27.054082 0.905713
45.157659 20.291273 0.915460
57.557012 17.588233 0.910679
45.308979 24.614110 0.915210
51.873770 31.097834 0.912302
55.133460 15.177177 0.908875
40.661050 16.737226 0.903767
74.318417 25.105838 0.902231
53.100828 24.543444 0.904106
51.148039 29.884033 0.914820
49.546685 29.324080 0.907525
48.204885 32.163843 0.907895
74.836943 28.404671 0.902649
54.774971 19.529599 0.910133
40.673923 25.036972 0.907643
44.475206 19.476430 0.916315
71.118592 24.370234 0.908724
69.429586 30.963208 0.900354
59.747313 26.486153 0.903085
47.853478 31.101527 0.903929
63.562876 28.996021 0.909247
73.726885 23.859736 0.900629
61.658115 20.140187 0.915442
66.628946 18.062777 0.909624
53.551350 21.986511 0.905244
41.516095 23.032077 0.903172
46.201248 30.115657 0.900976
75.768741 25.750693 0.900438
51.444560 19.949295 0.903157
47.783080 21.308577 0.903306
61.191271 27.745106 0.903390
56.241254 18.999715 0.916322
74.141950 30.949402 0.905012
56.646557 24.356933 0.910247
53.455598 24.582936 0.902044
37.938791 26.268710 0.909745
60.458319 31.201646 0.908668
40.622367 24.528505 0.909598
62.119240 14.421996 0.906107
66.903928 16.145184 0.901477
40.910248 22.194657 0.915987
50.234680 18.472547 0.913857
40.673628 21.617075 0.910718
60.798556 15.167628 0.900603
59.114146 19.948394 0.907991
50.226316 21.759606 0.913354
56.808074 21.303699 0.901873
59.335099 20.519344 0.904388
55.492350 28.440219 0.912052
50.394681 13.883855 0.914741
60.587383 27.585935 0.900090
66.087511 16.797190 0.915157
38.225660 28.192868 0.900536
60.186945 25.034012 0.901271
39.294736 25.537080 0.913241
37.324997 22.150651 0.910510
60.374997 31.769502 0.902740
56.102587 22.134167 0.902194
51.216432 19.312230 0.909188
38.598238 25.387182 0.916456
39.404319 17.944754 0.910597
45.188173 28.984521 0.910504
55.231686 19.892131 0.904245
50.043443 19.883692 0.910181
48.578250 31.607347 0.904883
46.050384 23.840237 0.910706
44.903012 25.275088 0.910685
38.436982 18.159057 0.901923
74.082813 31.542960 0.916307
73.470367 25.672124 0.913189
73.129458 25.129965 0.902802
56.407589 29.351364 0.900873
57.864295 14.955005 0.909908
59.431499 14.763909 0.910111
54.907646 19.693136 0.906624
50.288842 17.787950 0.915912
67.937068 24.689452 0.915819
74.307458 23.773191 0.909095
42.472393 19.424737 0.906447
46.253640 23.064707 0.906142
37.952467 21.147535 0.911840
74.899266 26.782359 0.907540
56.117783 21.038307 0.903743
43.110549 19.867785 0.904452
65.158500 18.590013 0.916417
62.783180 23.502392 0.915726
60.563536 15.030629 0.906428
68.233688 24.833915 0.907982
54.216205 26.208918 0.910866
38.255306 20.005638 0.900567
60.603872 24.882526 0.905068
56.383989 22.959036 0.911456
51.385812 26.964022 0.906931
70.011957 28.700956 0.901960
58.388120 19.551855 0.904544
43.302180 17.766990 0.908151
71.262496 26.152017 0.900643
62.990637 19.350859 0.905949
63.896456 14.900666 0.904525
41.070247 19.261613 0.905368
72.509132 31.339376 0.909600
42.730248 19.209472 0.909221
66.539960 27.183718 0.910832
57.518855 17.201215 0.911613
63.602253 19.994071 0.915588
65.790572 31.943252 0.914662
42.723199 27.904900 0.914630
59.798224 28.926333 0.910702
54.245092 18.183286 0.908398
59.981393 14.198434 0.901924
50.983002 29.831206 0.904134
59.877352 19.202813 0.902398
58.855640 25.973922 0.905114
67.750619 30.440096 0.902899
60.515913 30.572394 0.915658
50.850748 21.475022 0.903477
50.632440 16.533456 0.901491
50.924061 31.464727 0.901398
66.546349 30.341505 0.913498
57.292274 15.532281 0.909044
69.470109 26.094962 0.908325
40.055512 21.415468 0.900050
70.151904 31.823958 0.901092
53.516495 23.375223 0.908468
39.011550 26.090713 0.902328
41.521542 18.003246 0.907197
54.165107 31.705177 0.914771
57.512778 29.615199 0.912894
44.061066 19.642637 0.902773
54.807535 24.603298 0.913179
69.944166 26.729279 0.901314
69.525469 24.881709 0.903099
50.751301 18.989132 0.905470
62.810167 28.252152 0.901549
58.131233 29.908397 0.906907
63.165169 27.692588 0.913135
56.127901 28.844082 0.904723
66.586971 30.279422 0.912541
74.825053 31.848175 0.914274
43.207391 27.774525 0.906952
59.225022 21.083754 0.908294
40.846371 28.991070 0.904969
41.068846 31.563648 0.910551
70.365103 26.520989 0.907853
43.522350 22.457766 0.903276
38.241905 26.338392 0.907547
49.300408 31.908046 0.901872
38.077676 17.809627 0.913733
61.327940 17.090705 0.906442
65.392843 15.522571 0.909892
50.107234 30.272587 0.911382
72.851780 31.067143 0.914251
53.094086 27.151152 0.915347
41.246223 18.577115 0.910833
74.297219 25.840827 0.911596
52.951825 22.120922 0.904922
51.000004 15.909732 0.915018
69.373527 23.604258 0.907562
74.570826 27.348906 0.914156
51.379056 23.722704 0.910676
53.273550 17.178194 0.909309
58.704900 29.439468 0.900411
40.602391 26.512689 0.908781
55.314157 23.211390 0.901811
54.719622 25.215140 0.915753
39.624209 22.669403 0.908671
43.210831 21.798088 0.901584
70.427508 27.027678 0.912936
50.629791 20.900920 0.911479
48.902147 21.196737 0.903314
43.266230 29.799883 0.912171
66.251726 29.002669 0.914344
44.847222 21.308686 0.916224
46.525523 23.501588 0.915479
42.434902 30.450412 0.907749
63.209302 14.700507 0.912288
55.814283 29.285604 0.912279
42.483923 20.935745 0.903097
41.921512 19.263863 0.900528
64.224649 19.830672 0.910899
40.074789 24.483842 0.911692
53.779375 29.830459 0.916535
56.170064 16.801356 0.905795
59.768589 24.001273 0.910454
65.704128 26.877948 0.902624
53.416564 27.808064 0.915360
58.936666 28.980375 0.914714
51.059633 14.752041 0.901075
59.150092 25.130719 0.909961
61.274004 32.285907 0.909366
60.738292 22.119758 0.913820
52.837483 18.834130 0.901812
56.772765 23.843200 0.900482
60.385132 19.261962 0.906393
70.175239 32.364762 0.903894
56.648907 19.785023 0.909445
40.515456 21.609151 0.909100
60.229123 26.835156 0.913280
51.354577 18.543598 0.914408
41.362044 31.690372 0.912904
53.025037 24.052080 0.910057
37.677790 25.351717 0.910441
49.224689 15.353259 0.915486
57.335171 25.259383 0.902426
66.466510 23.924655 0.913918
56.036603 27.516055 0.907035
54.348506 20.339188 0.911295
55.903008 20.486619 0.906889
56.534831 29.621652 0.915602
60.850182 28.820591 0.902830
61.058761 28.967234 0.912519
41.050960 29.369461 0.915799
54.884527 27.949274 0.910223
56.775231 29.492680 0.903404
45.369680 21.103529 0.901213
54.252988 28.778655 0.908934
53.639314 19.214917 0.906675
71.650671 24.798216 0.915158
67.330651 25.340730 0.912289
70.480646 26.743905 0.914040
74.806905 27.201908 0.902929
66.223681 16.474675 0.901690
44.093338 22.329721 0.901630
38.176900 24.514242 0.901182
69.739228 23.993715 0.904483
45.158837 19.061674 0.912617
46.633579 18.495448 0.901695
60.134571 29.744821 0.905006
51.812178 27.690625 0.909642
71.649214 25.907063 0.907206
42.831213 27.749781 0.900445
44.395627 32.452872 0.914085
43.677523 30.487176 0.901084
51.920427 22.322095 0.907616
56.282587 25.751826 0.911311
46.912895 18.443065 0.916416
57.962614 27.244649 0.911237
50.536742 23.381712 0.909786
55.394883 20.032315 0.903714
68.830527 25.115859 0.907772
42.603230 23.024564 0.906500
41.607932 27.737226 0.900770
45.752838 27.041295 0.909185
59.854115 21.145377 0.913919
56.201720 17.497901 0.915245
59.667764 14.211068 0.901922
44.117593 18.572947 0.909458
44.605834 18.845656 0.916150
38.544147 22.048064 0.900323
62.474409 15.779005 0.900145
49.626958 16.463698 0.911667
51.897022 31.054524 0.913881
61.686928 21.524206 0.915817
73.503913 30.901099 0.903705
63.582902 22.677323 0.905509
50.233305 23.349939 0.905690
71.160432 28.528606 0.906947
43.717598 20.222747 0.901736
43.178506 19.188939 0.902939
56.717139 15.724286 0.903954
62.211061 24.190319 0.914379
42.664463 27.553511 0.907304
66.774874 25.587509 0.911339
43.097826 17.272248 0.908910
59.361175 28.614615 0.915172
38.303332 22.214564 0.905062
49.424942 18.377788 0.906161
71.015460 24.342201 0.905400
43.866398 23.422859 0.901615
64.870388 22.804061 0.904482
60.875910 30.370504 0.900799
43.247060 20.840140 0.902965
38.503644 25.011596 0.913197
58.464781 17.054230 0.900226
38.557030 28.831611 0.910878
57.003362 25.068564 0.905859
46.351389 22.186985 0.907231
46.725100 16.861796 0.916306
47.042316 27.969843 0.901632
54.463290 22.637045 0.906288
51.970080 27.830534 0.900185
51.028844 22.698778 0.905368
62.059140 22.438258 0.914830
66.459766 31.527506 0.909657
63.933354 19.965701 0.901910
64.327710 31.300057 0.912227
51.086592 18.003380 0.900394
63.620686 16.627853 0.900272
46.680521 29.738898 0.903131
71.385420 28.004686 0.900481
59.058996 23.081185 0.900079
41.322407 17.181627 0.902836
63.019008 22.864325 0.902039
54.871095 22.714226 0.915233
43.953193 26.329750 0.915959
70.791614 28.211587 0.901593
51.011051 31.678738 0.911596
53.248780 23.399793 0.907524
65.846123 22.862108 0.906162
64.677787 29.687969 0.910961
63.160681 29.778755 0.903493
54.978054 32.365251 0.903468
69.041039 28.854689 0.912759
49.210782 32.113726 0.910166
53.891228 32.240914 0.910564
75.814243 28.178835 0.906741
54.891338 16.274869 0.912447
56.651123 30.773791 0.915295
40.320544 24.789664 0.914061
43.705278 30.449286 0.901340
49.230127 16.990396 0.909700
38.888908 20.258631 0.905331
42.748065 29.962579 0.913752
56.813593 30.118703 0.912948
62.066454 31.171213 0.901076
47.729344 23.761894 0.907153
37.887360 25.593998 0.911833
71.539077 28.378681 0.902970
61.769892 29.248532 0.912044
66.787189 16.856708 0.901748
53.297800 28.765258 0.905955
66.560240 16.797922 0.902157
67.745370 29.279752 0.911647
50.312420 15.223402 0.911303
42.496545 28.848351 0.902621
52.821741 20.199356 0.912378
45.293377 25.636690 0.916279
45.062473 22.251076 0.909660
70.398562 29.891330 0.911151
51.367032 17.472135 0.909086
56.442641 15.989416 0.909586
52.519212 23.502743 0.905252
67.771095 26.788806 0.908924
55.054299 23.816058 0.911369
40.901402 25.580012 0.902573
37.062174 22.777796 0.907734
66.362868 23.778300 0.907158
41.765716 30.943074 0.911996
44.957695 28.197593 0.902486
48.696505 17.894156 0.916499
59.958991 31.900242 0.909095
69.129805 32.031047 0.910596
45.168008 22.080079 0.910447
55.441675 18.898278 0.916033
55.442740 21.668444 0.914926
60.212460 24.445668 0.912640
42.872391 18.426589 0.900722
52.325647 20.280112 0.910892
42.839558 23.480232 0.902973
43.792993 28.602938 0.915279
65.941130 14.933345 0.903499
73.151895 30.371751 0.912775
57.398363 31.693112 0.900057
53.564620 18.535518 0.906166
42.204181 21.610246 0.903011
72.529645 28.341868 0.901149
66.041294 16.553018 0.914201
51.395720 28.723377 0.909235
47.075204 19.309211 0.902078
68.171844 29.368880 0.914294
74.998917 30.116162 0.903167
73.399146 28.930330 0.912857
54.820470 20.360920 0.909261
42.888272 29.703423 0.903288
47.601341 18.148394 0.900208
70.076612 26.674517 0.904039
51.274107 15.912460 0.900079
70.146651 25.205239 0.915650
68.009924 30.021838 0.900133
51.827616 30.543796 0.905262
56.323486 15.252236 0.911529
65.790545 20.249127 0.904551
63.590398 32.373971 0.916263
45.108819 25.169873 0.913213
61.590868 26.138325 0.912429
50.151524 28.176401 0.903339
71.629255 24.899887 0.907489
37.340444 26.287745 0.904031
61.063745 19.889457 0.906596
64.363420 31.804539 0.902466
70.874176 26.680407 0.905495
47.583401 27.179816 0.911805
39.031958 22.596407 0.906695
66.985904 25.520317 0.912823
73.533459 28.508328 0.908267
64.664690 29.603772 0.913111
49.603568 27.902508 0.907447
60.966141 31.369062 0.900260
48.449402 18.279414 0.909173
47.484052 18.223896 0.906801
64.731299 22.089803 0.914909
73.679327 25.245291 0.908209
53.220068 25.320810 0.905983
64.440690 17.510932 0.904696
63.636543 28.305723 0.916127
46.168035 17.698192 0.910091
37.234862 25.104749 0.904150
54.930793 29.611978 0.911968
46.032191 22.228651 0.908699
50.593992 24.203686 0.912935
65.579378 31.998796 0.916420
75.841358 24.879479 0.907702
42.702705 24.148739 0.915030
75.141632 27.374856 0.903787
38.103672 23.752988 0.906886
61.275554 17.073058 0.911022
64.224006 15.341086 0.906282
65.650042 21.985421 0.915683
44.578505 19.328323 0.915368
65.725827 28.835889 0.900132
71.694440 28.298521 0.902216
57.693745 16.311623 0.916247
65.979488 27.639759 0.901845
61.035801 14.815008 0.907305
63.325212 23.798217 0.904059
69.959849 24.777606 0.905238
58.909596 14.961056 0.914843
69.321069 29.265993 0.907357
44.086352 17.495870 0.908353
70.374402 28.497384 0.909478
49.459320 23.602823 0.902068
68.565271 24.710203 0.900148
41.108586 28.844334 0.916609
56.917213 32.491720 0.905816
51.753513 25.614886 0.901070
55.498393 25.925140 0.911376
70.495812 25.255259 0.903219
67.729010 26.181658 0.903434
64.619568 22.406189 0.913517
58.502278 19.158201 0.908904
57.847748 27.418685 0.909562
65.031905 14.657304 0.906687
44.092332 16.207891 0.911440
55.487484 14.977987 0.911247
75.904392 27.729589 0.900893
64.155701 28.882452 0.901733
46.769862 32.028173 0.905042
49.081037 21.575955 0.911416
63.328288 27.963860 0.912029
42.482898 28.415607 0.900801
61.374148 17.228404 0.906635
64.028816 20.821873 0.910350
59.191561 19.920582 0.913294
44.560182 23.735048 0.912912
60.733769 14.031709 0.903410
36.898968 27.740678 0.903941
52.603863 17.514392 0.901996
56.881430 15.640897 0.909405
43.923388 20.845710 0.912974
60.942178 19.906420 0.906499
38.350887 19.396008 0.903492
50.218332 29.696515 0.900207
51.496680 29.286789 0.913247
66.077776 24.372313 0.910647
72.589755 28.710325 0.914754
60.239021 31.082776 0.910466
50.168417 31.313167 0.901793
44.563530 24.334747 0.900819
42.810628 24.625350 0.914378
43.429873 30.254609 0.905427
54.205035 30.653606 0.906028
55.259151 20.118543 0.902598
63.808262 19.578221 0.910152
75.997467 24.441111 0.904384
64.490286 15.431625 0.915845
57.235373 17.753915 0.914680
41.810623 18.238764 0.909605
50.769190 14.679704 0.911706
46.064536 23.531178 0.910951
55.642452 23.909098 0.908905
57.585556 21.984071 0.901966
64.437457 18.049117 0.901635
45.416611 25.661789 0.900748
47.873626 23.604942 0.910665
52.072944 15.114273 0.902112
44.115975 19.717759 0.900296
66.078643 16.763046 0.901599
68.870575 27.666910 0.914472
71.861515 25.930341 0.911183
68.485731 25.841440 0.904102
63.288695 24.547080 0.916172
47.243298 23.859629 0.900929
45.897884 23.588660 0.901110
63.200980 14.279211 0.907558
74.421116 29.105844 0.911747
62.522538 22.413956 0.905547
59.978030 28.666165 0.915480
52.275622 17.925183 0.912347
64.895583 20.663484 0.916156
46.546861 17.864715 0.914823
58.944263 31.512943 0.905727
42.928611 21.951886 0.903874
66.978796 18.233570 0.914674
40.161974 22.732465 0.907274
55.345581 29.577725 0.908003
39.988835 26.688076 0.901784
60.961085 16.738359 0.904782
54.439044 29.703945 0.906402
72.055646 29.225194 0.909576
51.965959 15.742890 0.915081
72.831590 29.116537 0.910413
55.583522 14.947869 0.910128
38.352718 26.718549 0.907879
54.333947 22.052397 0.902556
71.314775 28.320980 0.907729
64.472029 27.099819 0.909888
62.008995 22.259275 0.910912
64.658495 15.174016 0.900460
57.432273 29.984454 0.909511
59.546040 29.464610 0.912500
68.950692 28.713660 0.906962
50.540479 16.180553 0.900914
44.893321 20.562551 0.915146
53.077706 18.508175 0.907696
54.641678 16.115265 0.907526
65.147437 15.413594 0.903844
49.868550 15.205496 0.914855
42.136708 23.371758 0.910906
60.276549 18.700439 0.910812
45.801577 25.118519 0.916340
44.181442 23.176344 0.903258
48.594347 17.885982 0.915728
45.501346 16.377963 0.913016
65.235156 27.555596 0.904355
62.218683 14.050495 0.916428
67.213962 22.987434 0.903209
58.765766 21.973932 0.906876
61.050545 31.078014 0.905838
46.225193 31.562294 0.914758
42.648670 25.072624 0.903535
60.660222 21.071066 0.915743
60.466024 14.667068 0.908816
50.367022 27.839717 0.905607
55.023232 16.972963 0.910125
52.120515 29.700707 0.902653
50.984668 20.831377 0.904716
61.604261 32.121522 0.901277
64.736657 16.082949 0.915587
47.057055 32.376432 0.905101
45.544501 22.851020 0.907057
63.101845 30.568722 0.908187
66.556329 20.976632 0.916007
56.088701 14.044158 0.915858
58.810313 18.496106 0.903617
54.805133 16.448540 0.909765
73.823741 26.995299 0.900209
46.405874 19.928259 0.916092
65.480066 29.974588 0.903097
59.801819 30.827362 0.911158
47.454326 17.763166 0.909790
50.356743 15.139660 0.900869
72.520389 24.121549 0.912662
56.816162 25.267426 0.900611
59.800680 25.413313 0.915010
67.496287 31.532010 0.908080
59.965612 28.252690 0.912039
65.462418 24.341144 0.913033
48.034469 29.746893 0.901794
56.638300 15.280193 0.903639
39.343944 17.093681 0.901225
51.760853 29.079248 0.900532
65.666673 21.731860 0.914818
40.904341 22.663173 0.902612
54.738188 16.260738 0.912549
56.372655 27.697954 0.904183
54.633650 24.607268 0.914050
36.082307 19.694575 0.906087
62.200135 24.033791 0.910036
55.789088 28.968690 0.906603
60.434655 25.660356 0.912223
55.572922 20.405241 0.905653
42.120717 27.823740 0.916322
65.618456 23.252853 0.901594
71.631855 29.991601 0.902797
73.241317 25.648870 0.913460
56.767465 21.816772 0.913304
59.441312 16.084576 0.900795
65.984145 18.045145 0.912443
58.519479 26.698899 0.906891
47.023518 21.688364 0.907331
37.122418 24.469241 0.914195
54.026675 16.411891 0.914262
75.162513 24.060139 0.910131
53.916730 21.377347 0.902291
64.589196 20.873649 0.902831
70.084446 24.970475 0.905712
62.599783 19.524674 0.914455
46.470078 31.913533 0.912118
58.066678 24.707881 0.908183
55.920680 20.747481 0.904983
70.233715 28.215423 0.903308
47.510928 25.264417 0.910974
41.341624 27.745447 0.905888
68.337592 28.725079 0.902968
44.108746 24.123141 0.911458
46.350037 22.228759 0.907297
69.930705 26.728747 0.903436
47.944645 23.120772 0.901785
56.305547 32.497835 0.907271
45.994970 27.813277 0.902578
37.713003 17.657733 0.906827
61.865665 15.826923 0.909800
72.016372 26.562638 0.900027
65.964888 15.229571 0.913955
60.842422 23.470047 0.913974
53.514112 21.961665 0.908270
58.421612 15.780283 0.909062
69.830061 27.653468 0.905058
50.154377 26.927951 0.916234
36.918325 19.330786 0.913634
44.899462 29.281822 0.916225
51.863387 18.439384 0.903930
54.974699 18.634907 0.910158
67.821997 24.417298 0.901334
68.693289 27.752072 0.900032
54.307295 22.435997 0.905270
65.436049 30.899803 0.901010
50.594973 25.804564 0.905707
47.404768 27.041806 0.904835
66.537866 23.214840 0.910406
69.422512 24.796773 0.910353
69.827453 27.516491 0.904727
62.155874 18.738321 0.914870
41.659591 20.124071 0.914926
48.766527 17.429380 0.912331
48.208032 16.013208 0.914349
54.884087 27.961504 0.909937
67.381211 24.382476 0.908261
42.588058 29.312685 0.903144
65.697795 16.795633 0.913396
66.144248 14.667389 0.913743
45.449327 26.356521 0.913444
64.005821 15.826900 0.900586
58.799780 29.256885 0.909804
44.780494 23.731136 0.904626
58.988398 17.062818 0.913394
60.907877 18.594512 0.912890
65.234485 31.974892 0.901564
62.624003 22.002581 0.912965
60.664841 20.846767 0.905346
59.724452 31.526557 0.908475
36.398394 26.503734 0.902794
53.498391 31.935268 0.910325
66.546398 17.983885 0.905537
66.632676 30.787636 0.904552
71.041718 25.637909 0.902797
46.275923 23.444941 0.906014
44.125387 30.383740 0.911672
47.754615 28.158374 0.901204
45.962100 30.116093 0.902564
49.779507 16.855555 0.914553
39.912546 26.554543 0.914839
43.566747 21.478226 0.911586
54.036918 23.558017 0.910514
50.612714 28.463002 0.903993
37.645234 24.718899 0.912510
47.013605 18.627481 0.904725
67.434738 27.941175 0.915459
60.720351 18.602775 0.912654
54.559274 21.173965 0.905038
58.715225 20.660544 0.916162
46.026600 25.555525 0.905204
37.223047 20.540263 0.902793
51.182474 21.590561 0.902532
54.906558 31.065513 0.900956
66.910552 27.829040 0.913751
55.406921 23.519867 0.902650
51.703725 22.254500 0.906818
39.106611 21.000454 0.911432
58.587082 29.207690 0.910767
58.213433 20.767167 0.912283
38.112029 22.661618 0.902662
41.054318 31.649578 0.913444
64.599551 20.940085 0.902799
71.315229 29.989674 0.901645
42.864185 18.895518 0.902517
61.894295 15.500238 0.911483
42.595918 25.054966 0.908985
37.924307 17.358325 0.909291
49.832752 14.920397 0.910088
39.203570 23.666684 0.911036
52.998844 18.774778 0.904211
65.896586 15.220512 0.911684
43.418246 22.357435 0.906654
55.056243 20.446480 0.900675
38.187696 21.636949 0.910889
43.628745 21.630947 0.915900
55.130442 16.839323 0.916124
55.889642 25.598894 0.903131
51.818263 30.694649 0.902362
42.936510 22.086369 0.902560
60.065108 14.425317 0.911848
37.582681 19.544890 0.912096
58.646677 18.787935 0.915374
37.926229 28.056742 0.915740
62.011069 22.007036 0.914569
55.367513 32.198537 0.911272
59.341955 24.557900 0.903198
62.498488 28.084773 0.908043
54.276312 15.959520 0.913245
69.194031 28.937872 0.915998
44.072427 23.296632 0.903349
61.240350 15.584056 0.901698
54.239752 27.430812 0.908428
60.074591 16.287399 0.903375
45.702496 18.412764 0.904567
74.295533 25.260957 0.902119
54.366130 24.077808 0.904335
43.621384 29.075873 0.901726
46.361273 21.734918 0.903660
42.314996 17.179001 0.900610
55.158715 32.153890 0.914999
43.751359 23.557830 0.903189
49.645629 23.912638 0.900900
49.920667 31.201941 0.907085
68.788427 23.721359 0.908935
43.408763 18.610436 0.909241
73.901718 30.666532 0.900174
60.577796 18.434604 0.910468
58.099603 24.184816 0.905740
42.085284 21.496194 0.902473
65.045184 16.995547 0.901526
43.598447 22.163099 0.912317
43.830495 16.347572 0.902898
54.892284 15.344020 0.910120
42.790819 23.197732 0.900254
45.629916 22.024828 0.908252
54.741691 19.910576 0.904867
48.577116 24.901561 0.907181
54.060101 17.494196 0.916473
63.790340 16.066454 0.900263
75.178394 28.390458 0.903837
46.895197 18.815806 0.902707
63.728852 19.136295 0.908079
64.454379 30.928145 0.900775
56.226321 18.986728 0.912738
60.288323 22.369288 0.906398
59.581303 15.362742 0.901295
62.086473 16.068929 0.901327
51.564370 14.160603 0.900347
57.278833 20.733304 0.913982
50.382927 23.559183 0.914215
59.186885 18.388683 0.916363
48.483767 23.528231 0.915421
49.304287 22.416812 0.901761
48.350178 27.737168 0.901083
63.002819 24.905257 0.909394
60.306197 30.171467 0.900612
48.386255 23.975696 0.900824
67.834224 24.467229 0.906066
52.337893 17.739659 0.911255
49.187568 29.805268 0.914772
38.776832 26.729354 0.911877
56.081709 31.988432 0.902197
70.511646 29.675377 0.905728
44.297811 23.812138 0.901996
44.807059 22.834796 0.910732
50.751738 31.065321 0.900104
42.783947 31.787772 0.908019
43.933214 20.216792 0.911412
38.467343 26.130183 0.910429
43.373928 31.983462 0.913690
43.739075 23.508534 0.901763
74.628693 30.588320 0.900355
45.187842 22.453351 0.910438
53.455745 19.919871 0.902045
36.232222 28.099749 0.905975
46.467428 29.045080 0.901489
48.588725 18.208146 0.906880
61.562323 14.846923 0.907299
51.186787 19.149190 0.902745
63.252336 14.472783 0.910089
55.439479 26.882025 0.916263
51.822771 17.447647 0.913208
65.356928 20.260041 0.904500
60.665835 17.826847 0.912121
51.558298 20.652346 0.909836
64.536504 29.181980 0.905780
47.460152 17.706552 0.914218
55.518717 30.728231 0.915426
70.590922 28.595058 0.915209
42.096756 32.114983 0.907077
54.676264 15.302642 0.913502
67.470354 24.328567 0.910729
65.170515 25.852681 0.902289
57.390121 30.575808 0.906806
49.319599 18.373856 0.901801
74.603304 31.886446 0.915146
53.440839 16.889907 0.900491
41.938673 18.627919 0.912364
64.945723 28.682821 0.908829
44.916791 29.117388 0.913866
47.116413 19.304510 0.912250
48.423028 15.131600 0.909702
60.911896 30.259900 0.913436
66.410744 17.597662 0.907360
64.934102 24.036780 0.916603
51.257426 16.286802 0.900972
67.612731 26.913888 0.910159
39.632344 18.117998 0.911435
43.834676 21.410990 0.912805
49.030952 20.344960 0.908430
51.379759 28.748027 0.900848
60.369835 14.789013 0.903590
50.385632 22.110604 0.900119
46.674868 17.818908 0.902647
54.828105 22.035059 0.902943
41.088768 21.689802 0.910136
64.715746 29.824574 0.902088
45.680886 29.642752 0.908578
44.657432 28.797917 0.903351
64.517022 28.397920 0.912072
46.575977 19.194039 0.911488
46.618625 23.800997 0.902917
61.861602 31.401252 0.903199
49.841780 24.953565 0.908100
41.045608 22.177284 0.906823
64.248759 21.849765 0.916490
61.752710 16.088847 0.901993
55.903163 29.546662 0.904555
49.448824 25.205062 0.906910
64.345471 18.192926 0.911569
42.733558 30.898341 0.910085
44.016181 28.491759 0.900142
71.019510 27.575737 0.908664
54.080274 13.897668 0.906288
52.678658 18.355009 0.905096
50.653055 14.833351 0.913563
36.311403 20.207937 0.915061
46.203303 25.166307 0.910191
61.439768 15.587791 0.912818
54.208985 28.266260 0.916612
52.163047 25.800119 0.902949
42.656575 29.147689 0.905204
66.217200 27.907840 0.909397
45.199878 20.395376 0.905364
54.332864 32.145398 0.916199
50.439678 26.632434 0.908767
61.926334 27.932528 0.903436
61.375096 22.898730 0.909477
65.089577 16.210815 0.902123
40.318610 25.395296 0.911831
38.458052 18.620989 0.912389
43.600156 30.351008 0.902798
46.869924 17.163344 0.914057
59.188611 16.713064 0.904254
61.827603 30.234698 0.912406
50.908637 15.592120 0.903843
41.582967 17.209327 0.903185
56.120632 31.554731 0.914584
49.564885 21.133131 0.913192
67.679260 29.265847 0.914333
42.647918 23.429051 0.914768
60.781787 19.827580 0.905992
70.415612 32.393208 0.909635
37.786426 23.324722 0.913333
51.604542 29.369681 0.913720
37.713800 19.211747 0.916545
56.191973 18.667246 0.911562
64.879440 29.073706 0.913331
52.148264 14.084463 0.905611
66.354372 27.475446 0.902780
56.998036 30.849624 0.905416
48.829575 24.723732 0.914230
69.860776 24.009864 0.915007
47.019874 20.008289 0.914793
45.327385 18.867839 0.913026
41.287671 24.196883 0.902193
39.675652 18.047807 0.902391
43.007258 19.671120 0.904971
65.484734 26.903482 0.914286
45.288094 30.736166 0.902042
51.765855 23.605837 0.910746
45.776378 27.358843 0.905278
62.757327 16.030563 0.902377
54.788277 25.416818 0.904141
52.123456 17.262131 0.911366
41.773201 29.642490 0.903774
55.092037 15.568839 0.900063
57.371087 21.437668 0.914674
52.252277 31.253698 0.904068
66.084792 29.133905 0.904232
53.361673 22.867995 0.904367
58.722603 26.528262 0.903245
62.027667 14.673058 0.916568
47.002412 15.472208 0.908032
49.405717 19.437647 0.900594
51.412832 26.954917 0.904672
44.385040 18.759390 0.903486
44.588396 25.215847 0.905631
48.321768 15.706657 0.904961
45.029514 27.572953 0.911805
54.513783 26.111990 0.916300
66.418062 27.228297 0.911642
56.132862 26.234778 0.900328
50.763031 26.950975 0.903486
58.158737 16.483695 0.907815
49.532490 32.044717 0.911462
38.158001 22.733939 0.902197
45.772129 18.637208 0.911073
50.528538 16.119015 0.901917
61.745398 21.437417 0.902863
75.913504 28.061314 0.906240
49.986998 21.187128 0.911793
64.007261 30.487311 0.900769
55.338494 30.416016 0.913020
63.074640 14.209392 0.907950
51.245728 21.143990 0.909327
53.793223 17.472446 0.906423
54.930786 14.731058 0.905973
66.348674 21.881718 0.901259
47.454678 24.010286 0.900787
65.571497 22.539329 0.904607
71.147198 28.112346 0.905410
73.852405 27.391220 0.905888
55.263434 32.118231 0.901606
37.519102 17.517913 0.911138
43.779846 29.473647 0.910820
54.893320 29.050170 0.909980
46.404350 26.896034 0.902211
52.886698 16.530557 0.905854
56.996758 27.766884 0.910740
70.812439 32.338930 0.912897
55.284459 29.548729 0.907980
36.684010 27.508935 0.911546
63.281376 26.487757 0.916476
54.042924 16.177345 0.911602
58.694909 16.762752 0.901328
62.657796 15.601381 0.915897
51.114098 25.221361 0.902349
53.717196 32.539436 0.908109
38.195628 26.672063 0.913579
42.029497 21.530102 0.911576
47.481823 24.379323 0.901121
54.434160 20.848600 0.901870
53.275931 22.905957 0.908802
50.190299 28.491676 0.915629
49.894022 21.341301 0.909752
54.615035 29.983134 0.903049
64.270340 30.909242 0.911120
58.627991 20.634253 0.910522
60.849503 22.735395 0.912364
58.252654 30.355916 0.910754
36.689686 18.057335 0.901731
64.869268 29.083825 0.910552
60.290874 14.626872 0.905651
44.618878 17.095334 0.912347
45.288225 24.923033 0.911759
55.019139 16.440171 0.916094
75.816432 26.188330 0.903164
49.083993 17.478680 0.905619
72.444196 31.961006 0.904328
63.681428 17.707186 0.914389
71.535396 28.303422 0.903054
41.747247 21.122826 0.902197
61.434875 22.378141 0.907945
50.596306 25.961329 0.904729
45.769053 16.285023 0.900062
45.368097 20.625590 0.912315
71.521359 31.325892 0.907874
48.049645 23.139912 0.901041
67.386748 22.997054 0.904177
45.503485 22.906452 0.910408
47.031461 24.289088 0.908895
57.208444 28.378036 0.903787
60.488721 31.634619 0.905072
68.049210 25.229067 0.905742
43.783556 21.399655 0.911846
38.381903 23.372795 0.901502
72.750047 28.125594 0.911234
72.102664 28.901009 0.904541
48.783404 14.610455 0.903657
71.860315 28.251677 0.905679
56.173454 23.708360 0.906648
56.149008 21.467110 0.914484
59.320187 15.840778 0.914957
69.511922 29.842950 0.913085
42.642078 24.458970 0.905263
61.582856 16.495583 0.901312
53.810882 21.484160 0.900286
67.925745 28.556620 0.905802
43.382475 23.889885 0.902815
38.168200 18.012822 0.906528
58.538557 27.670901 0.913816
59.618616 16.321806 0.915771
74.812391 27.186588 0.900933
43.304029 24.146390 0.905171
49.595445 16.079490 0.910634
57.594760 23.847639 0.906409
49.864104 25.195572 0.901878
54.785649 14.909936 0.903097
60.769579 24.277811 0.909425
75.872098 26.972018 0.907434
58.845911 28.010785 0.914408
66.887549 16.878711 0.909991
43.409243 24.301707 0.903890
56.014952 18.669113 0.909514
45.318240 17.707083 0.900383
60.760536 22.569855 0.915687
65.557631 23.511800 0.903401
63.447326 31.027323 0.905991
62.746928 28.011040 0.907447
65.421668 28.563903 0.907898
53.668768 17.605213 0.905664
36.659995 19.677250 0.902027
40.765869 25.227687 0.914371
37.651579 21.034264 0.915276
62.643046 17.501885 0.903560
42.010386 16.853738 0.913016
63.602507 27.257912 0.908220
68.803873 27.161688 0.914429
57.278564 19.297434 0.905935
49.790970 19.025509 0.900916
64.877941 21.186483 0.902799
57.625378 17.552047 0.916542
42.599408 23.947464 0.903400
72.981401 32.288493 0.914934
44.738327 24.917517 0.913577
65.256121 25.030678 0.911753
65.324378 15.357907 0.904876
43.019753 22.839432 0.909933
61.620428 19.105036 0.913313
69.821834 31.566304 0.912926
68.893341 23.840005 0.909288
65.718113 22.475926 0.914867
61.811166 27.974565 0.904422
44.818403 23.187546 0.912842
66.130883 14.675434 0.913072
39.948896 17.892086 0.916299
53.608567 31.051040 0.905317
52.304603 29.933717 0.901461
71.644476 27.089245 0.901046
47.044378 26.460306 0.915557
58.900463 15.863185 0.903289
47.007843 20.259809 0.914551
43.205137 30.482269 0.916598
60.703797 28.674591 0.910294
73.095770 26.682444 0.901524
45.890679 22.216163 0.903891
46.779271 29.089632 0.912971
63.657780 27.578451 0.910870
58.593740 14.976101 0.911531
64.517507 14.641386 0.904491
51.635555 31.274201 0.903196
43.765165 25.087877 0.915040
56.372409 24.139768 0.901809
65.386755 28.231037 0.911097
54.188611 16.252402 0.901927
69.900399 28.335159 0.901275
44.161428 20.327590 0.911652
57.419358 18.089785 0.911251
58.008890 20.148816 0.903353
56.726494 26.719191 0.911388
59.577415 19.833039 0.905807
60.099388 17.698109 0.909769
53.736671 17.690876 0.909773
49.490253 25.181713 0.912518
62.594467 14.011451 0.907056
71.740538 25.397086 0.916204
37.418146 22.117366 0.904456
49.929773 25.674574 0.914471
39.278906 18.936852 0.916091
43.089866 20.711915 0.900874
67.011811 17.484778 0.914933
67.507358 28.890918 0.915995
45.825554 19.316373 0.910536
43.841536 21.252380 0.910955
75.282068 27.487787 0.906635
60.608225 15.941339 0.916511
42.384648 31.158434 0.912070
60.588965 29.853509 0.912913
51.222119 20.196347 0.914767
55.804904 16.562035 0.913646
75.277905 31.114630 0.901046
38.796486 24.589359 0.907337
54.020498 31.615024 0.907075
42.726319 27.656268 0.909940
48.807764 27.488558 0.905529
42.633174 26.247338 0.907871
52.901805 17.935999 0.900085
41.599017 19.126618 0.916451
52.557009 19.214834 0.907055
51.046548 26.570617 0.906257
60.717728 19.793169 0.901882
42.909933 28.871317 0.900707
56.146773 28.782556 0.900880
49.518721 21.345786 0.907785
49.788940 18.071602 0.915915
48.753381 14.432249 0.916367
38.026056 21.213311 0.912608
43.260126 20.056336 0.907703
74.491109 25.120375 0.912159
75.583442 25.964197 0.914107
42.498599 17.822677 0.900712
44.542590 17.784717 0.914269
36.032578 20.595578 0.903223
57.561699 15.063870 0.911296
48.776194 20.856171 0.907419
41.303399 21.639149 0.909592
43.821208 30.535975 0.911186
65.646191 15.053207 0.910045
73.955118 30.016538 0.905576
55.908938 23.187895 0.901363
71.075177 23.593806 0.904319
53.615435 20.842030 0.904116
75.279236 30.160991 0.914435
51.069942 14.776608 0.900359
49.527812 30.736893 0.900310
57.285325 18.353071 0.908429
73.699603 22.967396 0.909810
41.588950 29.035801 0.910134
51.580129 14.673309 0.911292
46.899544 19.571309 0.900983
49.333900 21.695468 0.907712
39.870878 26.889887 0.910254
61.153544 24.427623 0.912982
52.082961 19.446541 0.905853
55.121525 14.827412 0.913574
37.952012 16.902681 0.904926
53.651361 23.420539 0.907051
74.532486 28.731072 0.916197
47.217164 27.081091 0.908575
58.848182 22.330139 0.915143
63.956523 24.314822 0.914813
73.331138 25.352407 0.906601
68.753275 28.720266 0.915290
61.008092 28.667808 0.901899
54.061097 23.782764 0.910452
41.624844 21.406183 0.903073
51.839125 30.761310 0.907726
71.622470 30.260353 0.903291
54.685888 28.770387 0.902865
53.731022 24.080316 0.915898
55.941111 29.264827 0.913302
47.773113 25.969015 0.906578
62.163018 31.296703 0.900163
61.550579 26.061694 0.909768
50.500996 32.434443 0.916329
64.693092 28.819713 0.901102
63.200577 22.350040 0.904119
62.579371 23.156391 0.904454
66.915676 28.042119 0.900193
70.190750 25.117347 0.914568
42.239788 22.857823 0.909765
52.200747 15.373483 0.909866
65.703361 24.736064 0.912187
56.157584 14.514844 0.901062
65.404435 18.887264 0.907100
66.751703 30.515154 0.901006
50.035100 27.002980 0.914098
42.740596 27.960459 0.900243
49.064260 17.061102 0.907677
48.889914 21.126175 0.903293
61.294741 28.108587 0.907395
49.530414 24.050217 0.911823
49.578354 28.123267 0.902912
39.989717 26.828548 0.909634
60.478586 17.736593 0.907539
65.466925 18.733151 0.905971
71.500996 26.233406 0.902316
46.497869 30.314127 0.901609
75.285256 31.865971 0.913929
40.700075 25.885637 0.912973
75.657641 28.791445 0.914559
41.637050 16.604095 0.903030
48.636229 27.631584 0.907210
49.928453 23.551200 0.910945
64.754470 17.484959 0.905141
59.097763 29.569010 0.911507
67.416836 31.478580 0.909969
51.167524 14.993786 0.909486
45.167657 30.113224 0.910523
53.782164 14.839468 0.905760
66.510048 30.544767 0.900243
49.347797 24.543236 0.905140
58.918518 14.069217 0.912227
70.382218 26.263901 0.902127
51.586428 15.844166 0.916221
46.747586 16.234870 0.914107
73.982204 26.128427 0.916029
70.897157 30.226494 0.900256
56.588028 27.045200 0.906239
37.136027 25.111727 0.903351
38.787151 20.140594 0.907184
60.188480 27.603131 0.907101
42.751738 23.477173 0.914946
58.712610 28.580081 0.912308
38.598906 17.125987 0.910067
70.719377 22.989707 0.909627
54.699919 16.389640 0.909596
40.492703 18.640489 0.912753
57.860024 18.958314 0.908299
72.452999 30.134986 0.909433
69.616247 26.583299 0.903312
47.259965 23.126552 0.902748
52.342210 15.923477 0.900518
70.897082 26.984133 0.915250
72.892666 29.607113 0.916510
40.430388 21.823853 0.908968
45.140493 18.944530 0.915518
56.447940 30.016588 0.903156
68.811695 25.910066 0.900324
63.981625 19.783175 0.908707
48.632585 22.312566 0.904308
71.437189 24.949196 0.909158
36.934821 27.476976 0.909446
58.706063 17.512565 0.904416
44.115274 18.021423 0.907478
70.086526 26.189885 0.905045
69.388896 28.832190 0.913690
59.778852 16.436057 0.914868
67.975112 30.862210 0.913343
41.066335 29.720051 0.905673
58.804130 25.471131 0.911516
47.158260 15.920292 0.915289
55.112693 27.479374 0.902351
68.435187 26.275721 0.904291
47.876006 22.290654 0.900243
71.429575 32.527255 0.914970
57.488462 21.927836 0.906474
41.938459 27.792610 0.907496
51.904531 27.801180 0.915018
49.455453 20.055572 0.914413
40.995121 29.197298 0.910640
54.943869 21.180331 0.910546
49.542049 18.688680 0.916215
60.524263 31.769535 0.902565
51.615423 27.673647 0.913721
49.902225 28.524276 0.909314
63.275774 19.390784 0.904154
56.910641 26.858735 0.905077
47.635566 15.753976 0.916023
74.498199 26.271797 0.907112
43.705607 21.405851 0.915377
42.712517 20.641647 0.901275
41.127694 29.821894 0.915998
56.206688 23.952485 0.906031
44.892447 21.448982 0.901730
37.274018 28.663755 0.914608
63.211013 19.947058 0.910547
61.562363 30.635437 0.900028
38.055761 19.917345 0.902815
53.580153 19.788053 0.903390
50.082656 28.233533 0.903731
75.460124 24.204554 0.903010
58.498233 14.236851 0.902860
63.448057 20.132644 0.900473
46.421420 24.714612 0.915056
64.618461 16.934014 0.904359
46.330584 23.416114 0.913008
60.285171 22.714152 0.905361
51.743950 15.437128 0.909010
52.708698 23.861415 0.909873
40.067124 21.272228 0.906835
73.339999 25.582338 0.907600
60.198705 14.010900 0.904129
62.634395 14.560841 0.901565
68.676179 29.789500 0.911230
44.827029 15.951478 0.913892
61.246244 22.836981 0.910107
36.715267 23.569815 0.909498
57.644567 20.226993 0.914542
49.364951 14.690535 0.910225
48.788454 16.023424 0.915960
54.350198 14.221965 0.906517
69.359278 23.213872 0.906242
37.041525 23.370215 0.915116
53.487895 19.507978 0.910525
61.281604 16.339223 0.912130
50.448352 14.569933 0.912172
65.210431 14.838149 0.903780
55.820643 17.557031 0.903601
46.142774 30.041169 0.901388
64.190729 16.188599 0.911973
41.119286 21.414145 0.902282
43.653132 20.851910 0.915087
67.887368 28.205738 0.900031
61.635332 19.118431 0.914628
38.111917 26.407863 0.908726
47.505361 25.779285 0.902971
54.647233 18.770459 0.901055
49.826158 16.447950 0.906933
55.901543 32.011140 0.900617
47.365230 26.250623 0.916507
67.359601 27.197733 0.912491
53.964342 27.349839 0.908980
50.043250 31.631010 0.904584
56.899898 23.827480 0.914519
52.386627 21.799356 0.910060
60.034652 15.430080 0.910899
54.931266 22.608566 0.912060
62.409405 25.975911 0.901263
37.509581 28.360347 0.901787
58.234999 21.280829 0.904779
48.465411 19.721849 0.909256
54.724009 27.352567 0.909953
43.160784 21.662815 0.911102
50.431997 14.116945 0.905069
63.141397 25.931743 0.910752
60.100468 22.096557 0.914479
63.103320 20.996596 0.909830
42.717465 24.653949 0.914309
59.301020 17.215348 0.908885
72.799308 28.613609 0.916173
56.307810 19.774612 0.915159
55.573627 32.041861 0.902027
39.041310 20.790910 0.911871
53.639860 19.710285 0.905404
68.337789 26.207719 0.914274
37.708668 24.282462 0.911159
57.236630 29.514177 0.901330
50.238387 28.585670 0.903807
49.153268 21.821980 0.912400
52.123717 13.826530 0.903483
46.157449 16.913317 0.904519
55.281995 30.577760 0.904207
50.317794 24.374044 0.904337
59.916583 31.467009 0.911924
61.500260 31.158783 0.905550
57.296276 17.893748 0.900146
49.700611 31.669391 0.904940
57.773276 30.614417 0.901759
50.958101 24.206948 0.911048
42.202317 28.447444 0.913560
54.832728 20.575444 0.916445
64.755871 17.457832 0.905134
48.843998 14.023841 0.910590
40.010237 27.071550 0.906584
51.634292 26.792915 0.912470
52.445663 31.117850 0.905414
41.126494 21.823879 0.900536
56.140169 19.800870 0.912323
42.969025 29.664178 0.916113
63.916823 28.574672 0.900405
66.841797 32.415306 0.915946
64.519546 20.607676 0.906196
39.804324 24.367741 0.905125
59.390454 16.092390 0.901592
43.313598 29.989574 0.909934
36.019237 20.795382 0.916227
70.504847 26.342180 0.902333
52.757810 14.648289 0.902129
38.812368 27.388332 0.906867
62.251502 15.309866 0.904897
75.523545 24.087088 0.902471
57.162570 25.553454 0.908246
47.097460 28.286583 0.908313
63.157096 29.832221 0.914184
58.106599 15.944585 0.901185
43.315686 18.899822 0.907514
52.315924 25.703781 0.904312
56.354379 25.640881 0.909773
65.831829 21.681412 0.909939
42.209666 27.312090 0.910424
64.429151 32.529740 0.914370
61.679701 17.800212 0.902784
57.019670 24.357425 0.914112
62.580224 23.181436 0.903532
59.440005 13.903384 0.900406
65.307864 21.122249 0.902813
42.064101 18.884577 0.904655
59.322782 28.274064 0.912581
65.720667 18.351026 0.902498
64.893756 25.942557 0.901249
49.035036 14.834698 0.909098
64.856157 24.800047 0.905704
61.861907 31.047339 0.908318
55.640275 16.133516 0.912966
63.508804 24.401315 0.902302
68.635062 31.650277 0.906960
35.998153 23.917418 0.912686
62.738510 24.423279 0.906457
45.723548 20.777628 0.900817
69.978025 25.192381 0.900708
72.110895 31.731340 0.906156
65.393585 27.687178 0.913764
49.864500 30.329318 0.904887
65.345540 24.461499 0.905730
37.762777 23.854566 0.905671
55.934470 21.272858 0.913574
49.138378 21.296701 0.914292
65.295435 25.060740 0.909482
61.754914 14.968574 0.908987
46.212945 26.970629 0.904995
65.690813 22.204864 0.902471
54.860716 25.887641 0.905221
46.075217 17.306971 0.908845
51.686801 22.375379 0.905777
52.772767 24.545174 0.906758
56.805455 17.590947 0.909115
70.582328 24.485078 0.916541
71.624992 32.210082 0.906975
60.152298 13.772208 0.911012
58.893077 18.945534 0.914805
46.224673 16.109283 0.904465
55.658126 21.226139 0.906511
66.290761 15.685098 0.907129
50.611357 18.628260 0.905290
37.043210 24.523027 0.906250
56.632312 26.679724 0.910556
48.561472 14.732088 0.910550
63.974402 29.033982 0.900648
49.148257 32.216875 0.914822
45.613201 30.772912 0.902905
64.613322 23.838121 0.903025
36.206907 18.874208 0.906087
73.509265 30.203364 0.914370
43.719406 28.313109 0.910503
50.997165 15.939341 0.911297
44.519666 25.006359 0.902783
43.908081 22.011644 0.908746
57.836469 23.064916 0.914472
42.990212 29.466686 0.903000
45.095706 26.317719 0.915576
51.241048 27.382559 0.900222
36.383983 22.065998 0.907846
61.281625 14.369027 0.908895
68.171760 29.463285 0.914085
59.584754 14.481381 0.911392
57.374496 13.918658 0.915004
69.482033 29.541374 0.914033
41.163355 19.978606 0.900885
56.553650 30.316005 0.915740
61.551873 23.611441 0.912893
57.469757 27.908520 0.909676
55.040819 22.653723 0.908134
58.479034 18.088864 0.913356
55.646505 27.567420 0.904937
45.379257 21.271725 0.908030
62.516487 21.501161 0.900670
64.359714 17.973501 0.902083
40.925586 22.635201 0.901525
69.901248 25.742508 0.902389
51.323600 19.110016 0.901414
56.744099 25.263275 0.901201
43.763902 30.949593 0.909511
36.587451 18.864207 0.901054
66.465395 18.282560 0.913166
57.773976 15.083152 0.910387
70.431587 24.816440 0.901954
41.670867 23.865668 0.907003
39.226868 19.030291 0.910523
43.995978 23.026119 0.909135
48.524315 17.194245 0.903476
63.908334 17.211597 0.913242
59.379726 15.555202 0.905501
65.040119 16.568381 0.914854
60.322098 21.352938 0.915333
44.943276 23.944712 0.908393
52.925123 32.354622 0.910673
36.702664 25.405699 0.909907
48.874746 19.421534 0.905216
71.367002 31.338970 0.904503
43.848324 26.245369 0.914227
44.054582 22.251459 0.907595
64.186362 26.764885 0.906813
36.400685 24.137169 0.908480
58.556482 15.066096 0.913913
47.161655 28.389720 0.916271
41.427725 19.423961 0.903098
60.151104 15.993648 0.908257
54.986194 27.020721 0.912546
50.809687 28.176936 0.900749
42.770740 27.811383 0.903622
56.078452 19.664842 0.913415
51.597385 20.712686 0.905908
69.531618 25.581499 0.908073
49.706300 18.021385 0.902263
58.511332 31.165508 0.914010
42.792816 20.406647 0.901252
44.750657 23.252102 0.908973
59.808592 18.589599 0.916568
37.823105 21.242542 0.914230
59.830447 15.228325 0.914337
52.508292 16.380923 0.908379
59.020256 23.465649 0.915172
43.689397 30.404323 0.913939
54.279931 20.787295 0.910164
54.738501 22.955457 0.906948
49.560257 27.544881 0.910033
60.121683 24.123734 0.915845
36.890864 22.375522 0.914835
56.681872 32.420131 0.901495
66.948486 30.818702 0.915640
61.530423 25.779722 0.906397
70.553200 25.555451 0.903781
74.649672 27.435691 0.903745
51.002070 15.851802 0.914523
64.340322 21.092020 0.902324
51.911858 21.038311 0.905326
54.481212 19.207280 0.914512
39.690683 24.782274 0.904068
59.589591 26.175859 0.904264
52.920294 15.347079 0.915428
72.338883 23.264601 0.911000
43.120437 22.020783 0.901489
66.787618 28.472471 0.910719
39.855449 21.449081 0.904051
45.983697 19.663880 0.911626
51.202859 30.342757 0.915855
53.317958 22.546219 0.909834
47.779689 24.212093 0.903738
37.365096 25.901355 0.906361
74.122972 24.423198 0.910815
42.599692 26.474086 0.902635
56.720322 21.155317 0.907602
55.414743 14.651273 0.908331
66.761989 16.723785 0.912307
58.286154 17.233446 0.914611
47.477218 16.326073 0.900352
66.763421 25.454027 0.902607
64.346876 17.332104 0.901133
40.918761 28.244668 0.911470
54.157582 28.558188 0.911450
46.793737 28.056987 0.903049
63.879682 17.211172 0.913268
73.471934 28.708296 0.913651
75.699024 29.044676 0.915176
67.057547 23.000084 0.911862
55.315588 26.095938 0.910811
61.392786 16.832763 0.910122
60.488930 19.855513 0.904258
56.666202 27.411158 0.914660
53.752007 19.889270 0.902277
71.420154 24.186076 0.901462
65.365498 25.539842 0.908239
66.985612 28.652435 0.913441
67.146662 23.819586 0.915021
56.300885 21.114364 0.908442
51.177353 22.937317 0.914975
58.153629 30.363515 0.914035
40.483940 25.554576 0.915664
66.020073 16.634222 0.915227
49.209631 21.442511 0.908880
72.039563 28.305754 0.909242
49.873586 26.803002 0.907077
42.313523 31.261268 0.910545
73.999191 24.011911 0.902377
54.021483 25.553038 0.905411
58.256172 24.460475 0.906893
45.824152 22.235006 0.904837
64.557877 29.792278 0.909564
49.235763 27.969903 0.909086
42.842349 27.018576 0.910187
62.281464 16.277429 0.905601
72.475418 23.191838 0.911895
66.643501 17.127530 0.902313
50.927908 17.901027 0.915527
61.714398 17.468373 0.907170
62.361718 21.118427 0.913206
51.873239 29.418186 0.906176
46.153815 25.211708 0.909928
69.749803 25.714914 0.916302
41.978417 18.231202 0.911488
42.926574 23.857169 0.900293
49.407588 28.019820 0.900391
59.245119 25.064207 0.908381
69.801507 27.628684 0.909831
50.062531 23.608270 0.915046
66.075115 14.980195 0.904994
38.822501 22.482318 0.910249
63.782674 20.007801 0.901054
46.716281 24.631316 0.912637
42.532039 26.300127 0.907185
44.095110 32.276539 0.905579
57.773279 24.050951 0.909356
47.524103 23.564266 0.900183
38.840855 23.430776 0.906967
42.120496 20.067577 0.911540
61.643945 13.873066 0.902528
44.034598 32.330974 0.902489
65.809001 28.675141 0.904600
54.102168 26.986687 0.908290
70.434321 29.222593 0.905430
74.591716 25.338231 0.900535
61.470108 30.211290 0.916325
62.424459 24.350403 0.901724
39.975088 27.039333 0.907146
55.721529 19.811044 0.902494
58.903767 19.578433 0.901888
49.693740 19.131916 0.915322
40.149851 23.570468 0.905031
46.811393 19.346212 0.914963
59.692508 25.380375 0.909352
50.399159 19.695702 0.911378
74.816172 23.510802 0.916421
63.022995 29.146488 0.904746
54.945246 21.059887 0.911748
69.126611 23.815115 0.902800
42.644893 28.039292 0.909608
38.028514 17.818278 0.902609
64.530215 16.973257 0.916576
46.451489 18.978181 0.908193
56.986392 25.759743 0.913941
49.688790 19.062809 0.913140
61.827714 32.106087 0.909069
63.388694 30.011398 0.903197
52.256729 25.070912 0.915735
47.526624 26.249672 0.905059
37.828798 21.464115 0.903552
65.075710 15.758333 0.908845
53.904921 21.198427 0.913358
57.015877 13.958173 0.902522
53.040581 18.602085 0.907714
65.565755 30.381469 0.915877
47.411985 29.924992 0.915642
65.276469 20.035584 0.902084
36.542974 24.937933 0.916302
74.439260 25.094797 0.900425
46.377323 26.465486 0.913757
47.391897 24.327676 0.915339
51.661844 22.352897 0.902835
52.631523 28.933144 0.907641
47.076697 23.154020 0.905412
37.682191 26.176664 0.901683
46.191982 26.761098 0.906463
36.033129 27.980907 0.906198
46.572997 28.943609 0.905504
71.569937 26.652297 0.900330
72.480654 31.293580 0.915878
61.915421 14.862347 0.916310
63.037778 18.230382 0.914835
37.783460 19.487337 0.902552
49.271086 17.283540 0.903239
64.510993 21.927677 0.914119
62.446263 21.680205 0.903372
43.218712 27.607579 0.903453
54.359615 24.344817 0.915520
48.315011 24.957527 0.915400
59.211084 14.265063 0.911864
42.783241 32.312075 0.908845
66.633546 28.507439 0.908805
73.038985 30.470220 0.913495
47.453021 24.397185 0.901715
64.611064 14.568056 0.904492
52.278740 29.275219 0.909920
62.783761 20.629043 0.902336
52.769047 24.114103 0.907185
67.223906 25.588115 0.900614
51.485300 27.169163 0.904229
37.888839 24.492861 0.916487
65.497212 18.753743 0.906910
45.473175 19.954956 0.900583
69.096732 29.199810 0.904025
61.361518 22.340909 0.910270
54.079396 13.789223 0.915287
43.000528 23.349934 0.910672
72.643595 30.345388 0.912137
62.447428 27.888617 0.904439
71.192764 26.692648 0.904260
66.961747 22.218046 0.900585
69.636431 24.281812 0.904911
64.828274 23.130541 0.911885
54.909571 25.654484 0.904980
42.105150 17.790476 0.903021
59.790790 17.803542 0.900742
42.618501 29.422098 0.907623
57.617842 20.339292 0.900552
65.414489 31.308779 0.906959
42.641522 21.408146 0.908014
54.007722 26.237093 0.912613
42.483493 30.917608 0.909991
73.868856 31.242560 0.911478
56.584537 25.547516 0.904312
55.640260 19.553504 0.905514
55.573179 20.186366 0.905047
59.205454 15.336955 0.912850
58.970305 25.745271 0.911539
38.578728 22.918045 0.910905
73.881851 25.478661 0.908343
63.413441 27.913190 0.915570
62.812974 15.599802 0.903130
63.250624 29.838214 0.914548
40.451966 19.008567 0.901390
58.431495 28.789002 0.901444
37.768358 26.176154 0.913544
67.746414 25.534367 0.901185
48.705919 14.962236 0.905698
62.722419 23.192214 0.901137
51.543275 30.249215 0.914004
51.897143 18.864707 0.902198
59.872028 19.071933 0.914156
45.909576 27.813341 0.910200
69.199232 23.221659 0.903836
52.198467 22.366870 0.902861
47.136589 24.685422 0.910142
53.874069 14.911145 0.900588
54.298494 25.451002 0.908424
54.769439 22.196180 0.916408
74.511728 29.105991 0.913237
55.571417 20.286909 0.900806
44.093478 24.514028 0.915712
70.022719 23.838843 0.912879
56.973192 18.819861 0.901889
64.345144 15.606426 0.902493
46.009447 22.036818 0.911871
71.872423 25.269378 0.916009
67.629260 25.698817 0.905776
52.588726 18.431916 0.905706
66.106635 14.776481 0.913249
51.062707 14.937450 0.904423
54.381973 21.220315 0.902024
71.108682 30.291684 0.906392
55.582789 32.187078 0.901799
45.799231 18.743729 0.903855
69.124573 23.202964 0.902083
65.934285 18.914064 0.900215
66.287842 21.219130 0.904453
48.749322 32.451955 0.906052
42.647290 32.469743 0.914765
53.922495 29.893542 0.910306
50.625105 28.992304 0.916531
36.504482 27.270732 0.914715
47.797022 22.886021 0.911380
53.360239 23.368981 0.906532
66.696194 31.116520 0.908750
56.162451 14.483075 0.907901
64.183231 14.989835 0.900160
63.440530 26.788109 0.905836
63.431670 21.440539 0.913305
63.013262 28.027734 0.900420
72.975605 32.312650 0.914891
36.823092 23.220685 0.904264
64.951406 31.906488 0.905273
71.939675 31.273242 0.902491
75.049180 29.342310 0.907238
65.498551 19.808571 0.905469
50.179393 22.501116 0.914953
65.458045 16.906535 0.914713
55.334424 29.405841 0.909158
42.551946 19.318218 0.907203
42.576030 25.293882 0.906160
43.072929 25.697450 0.913513
63.569083 15.144564 0.909387
46.414501 19.747641 0.915292
62.046489 23.843200 0.903344
41.019565 20.789252 0.914072
59.870719 16.261663 0.913319
49.449276 14.861080 0.912165
54.451390 22.876312 0.907967
46.632295 17.110417 0.904405
64.161985 27.436860 0.915016
61.961751 29.330738 0.902522
61.050290 31.858207 0.902246
47.234062 17.875040 0.908670
47.806079 21.633473 0.904873
58.415302 28.387912 0.906474
56.753684 31.087156 0.908638
43.508129 16.874956 0.903049
44.145133 21.669879 0.901465
42.034142 26.673290 0.903670
50.487875 14.143253 0.913503
53.543223 16.918114 0.901545
43.329125 20.074631 0.913271
45.514660 29.448861 0.915426
47.130590 14.821461 0.912490
72.518268 29.716101 0.913541
38.976801 22.948179 0.910061
47.996254 27.425744 0.906624
62.036538 13.850499 0.902316
68.049692 28.340238 0.909055
63.950358 28.451525 0.902775
37.351003 28.318495 0.904561
71.033709 28.913095 0.902859
59.216780 15.080687 0.907985
68.883719 31.822620 0.908965
44.675970 19.658729 0.904792
44.147733 23.064438 0.904000
75.314106 24.657568 0.906525
45.174902 28.680767 0.911087
43.138027 23.180399 0.904864
55.933115 26.888263 0.904500
66.726442 16.320339 0.903364
54.541579 21.822464 0.905661
74.788976 25.365605 0.907613
51.922261 31.390223 0.909615
48.270183 15.022943 0.910003
37.680545 26.091979 0.907992
55.325818 31.974740 0.910824
61.445862 24.091363 0.912202
66.163146 32.419902 0.903612
63.963336 23.857518 0.905720
43.941964 23.139421 0.911678
45.643046 22.869209 0.908045
74.342933 26.040993 0.912683
67.149695 26.905595 0.900372
63.149114 19.427208 0.901506
39.725000 18.059932 0.904700
71.955581 29.504895 0.914944
59.548630 29.571916 0.901165
73.816776 32.334213 0.915414
55.608808 30.628668 0.907219
65.501291 29.543752 0.901905
66.201387 25.298924 0.912222
56.729138 21.120978 0.906317
58.795751 20.021124 0.907278
50.031177 14.836828 0.913089
49.200377 17.366681 0.903122
70.562200 29.684954 0.915240
52.185090 16.995855 0.905746
39.044479 22.573377 0.906040
45.798832 17.870827 0.910668
52.888508 31.984866 0.905916
55.406166 19.051165 0.912400
45.095430 21.463555 0.900764
45.214897 19.114602 0.914267
64.347433 19.828896 0.910299
55.041109 15.506251 0.902014
42.216037 28.086642 0.909187
75.142191 23.985005 0.909381
59.663517 22.227664 0.914057
40.500032 22.701827 0.906908
59.168466 13.851740 0.902608
47.420015 21.808748 0.914384
49.567302 18.865357 0.905999
41.616376 32.077901 0.915565
59.829257 21.141229 0.913205
73.387246 32.366250 0.913905
53.253184 23.337588 0.906207
47.509182 21.450100 0.913723
61.062803 30.036405 0.900035
65.135384 27.925808 0.904632
70.088677 26.434344 0.914215
54.912708 25.713812 0.909907
60.658486 25.057096 0.907002
50.060308 28.323938 0.916434
58.208968 25.434370 0.912185
54.682075 15.739605 0.905782
71.685711 31.814956 0.900940
69.226376 28.247009 0.915449
47.649519 17.632928 0.904532
65.687336 32.153093 0.911705
38.498783 16.543658 0.910466
39.566905 22.884759 0.905520
53.953093 14.726012 0.903473
60.023022 30.398189 0.902161
59.908004 24.123677 0.912343
45.106174 17.497832 0.914048
41.669169 22.550658 0.911614
73.175517 31.506017 0.916184
58.643550 18.576267 0.906108
57.550307 29.614841 0.915785
64.026227 21.659515 0.916078
45.982090 18.137724 0.915436
62.097640 19.606029 0.904940
65.567884 24.301834 0.911823
52.397018 15.062154 0.905877
68.368839 23.297035 0.907046
63.921914 31.645013 0.908374
63.736386 30.292329 0.900378
57.807138 25.040241 0.903267
43.902650 29.265557 0.910704
53.529985 14.136062 0.901933
51.393434 28.397144 0.911116
41.130358 20.582200 0.902829
38.170223 25.955093 0.904718
42.304746 21.938235 0.903315
54.461323 25.130483 0.900909
67.811700 32.288723 0.910564
67.275756 27.315826 0.903135
45.871550 17.192342 0.902403
54.658583 17.446557 0.914683
49.769113 14.537221 0.901205
53.415024 14.888889 0.902619
63.294015 25.115853 0.907081
55.129759 15.124640 0.907378
43.272378 25.256414 0.911083
70.951352 28.412842 0.915529
45.165460 22.562085 0.915384
39.480608 24.613335 0.914497
65.421077 20.036802 0.900033
44.275736 17.674798 0.911268
61.230901 26.434595 0.909819
56.754385 22.371825 0.911259
39.423143 24.241025 0.914110
75.230779 29.822045 0.911171
52.009641 18.078246 0.904963
42.094209 17.455562 0.905112
48.649927 17.605515 0.915188
50.143615 25.391904 0.901974
49.965752 27.177568 0.910873
60.085851 18.853634 0.911693
58.697992 28.588961 0.910389
46.018471 25.538240 0.900993
58.442935 18.890217 0.904692
48.702031 23.670024 0.907326
52.631533 17.104253 0.906994
70.377412 23.262841 0.909287
38.193851 17.834665 0.911389
70.225527 24.087711 0.912035
56.830031 14.310434 0.900955
70.911954 30.842982 0.914665
64.358302 28.431423 0.903147
71.686981 29.040508 0.902633
42.895759 29.707122 0.914425
47.628536 25.721915 0.904437
50.570300 26.391938 0.907692
43.879089 31.978002 0.900273
61.542424 32.148253 0.902804
59.541899 20.087893 0.904758
38.000783 21.466431 0.905333
51.783670 19.326294 0.900374
64.323894 18.010234 0.900215
45.656217 23.366449 0.902506
49.204043 21.840670 0.911550
39.849172 23.904050 0.903037
56.298244 22.480841 0.916557
49.510673 30.256486 0.906298
75.008717 27.549362 0.900073
72.280886 28.285255 0.916189
47.124216 28.028847 0.904077
54.831122 18.267481 0.902462
61.935457 18.881779 0.913631
51.163425 23.126910 0.900873
45.979565 23.486695 0.909924
54.915386 29.444703 0.907282
47.272596 23.999225 0.902317
53.281513 25.535842 0.910661
42.664201 27.553729 0.911441
57.583789 31.093385 0.900929
50.637028 30.203437 0.908390
59.076613 13.806633 0.909285
50.481098 31.294617 0.902215
44.084371 21.766494 0.901466
44.924533 24.763085 0.909720
67.011606 23.654191 0.916081
54.069618 22.440373 0.907036
37.670566 19.765370 0.906223
37.599078 27.283685 0.911896
64.381807 22.850779 0.913601
39.323368 25.705849 0.902489
49.347585 28.389479 0.900055
60.925943 21.660255 0.900905
44.646639 28.843277 0.914947
43.621814 32.538897 0.900978
75.854500 24.395382 0.903114
39.945865 23.821337 0.905269
46.894197 20.901728 0.914871
64.076539 19.808332 0.907045
49.908973 32.055210 0.908863
58.090455 27.174614 0.915042
54.700808 14.038746 0.913758
64.244546 31.183443 0.905917
45.842553 30.302828 0.902875
41.364251 19.598506 0.909650
57.744459 22.292450 0.904296
62.746780 19.447190 0.900499
54.112746 24.541932 0.912639
55.359553 18.832297 0.909509
44.652455 22.306789 0.900866
47.256390 26.517743 0.915712
54.862807 23.886384 0.911250
71.458519 32.356704 0.903438
48.541802 19.415841 0.905999
41.418270 20.621218 0.913941
41.347511 20.731452 0.904786
56.942711 20.062046 0.911998
41.122691 18.549895 0.910727
38.887162 20.129200 0.915306
71.722975 29.382552 0.914358
66.380535 31.377287 0.904194
36.750477 25.015303 0.914423
48.794354 24.686162 0.912850
54.101620 20.159800 0.906322
42.107587 31.676236 0.910441
47.172454 19.612816 0.905442
50.675955 17.767999 0.905044
64.224442 23.791290 0.902605
53.201903 25.797570 0.914565
49.742463 19.820114 0.915199
54.813142 22.236796 0.915034
40.635952 21.188155 0.907964
49.031426 23.524321 0.911759
73.525277 30.948024 0.909447
66.540646 23.247134 0.911347
38.875790 23.029000 0.908009
47.587409 29.430025 0.915913
62.817180 30.880443 0.912149
74.794109 24.680432 0.909216
69.787922 23.567046 0.915284
59.752012 31.165701 0.916194
74.927270 29.838260 0.911338
52.403159 19.341463 0.912483
46.050119 17.170466 0.911702
64.520170 23.995226 0.903370
71.739338 28.363592 0.906346
48.826588 21.007011 0.907429
63.124017 23.815971 0.912057
57.882128 23.588992 0.903251
43.494880 17.133918 0.903435
40.575899 21.000599 0.915427
72.801041 23.329925 0.910990
36.273442 28.025203 0.914702
73.491534 26.032237 0.903957
67.394659 23.129177 0.903671
40.264329 23.133439 0.911454
53.504899 16.174610 0.907010
61.523626 28.389522 0.901442
47.588840 19.799742 0.913294
51.489131 23.728017 0.901234
56.714022 21.614481 0.903338
44.477648 27.367405 0.910482
44.050845 16.279167 0.911369
52.760205 15.228059 0.907314
46.439729 24.679575 0.914634
44.403534 30.298235 0.903979
69.925670 32.430277 0.906388
45.595924 22.593799 0.901384
59.860138 24.967083 0.916385
43.311109 23.994481 0.912032
41.625814 26.834330 0.904668
74.674217 29.363909 0.909785
72.513738 28.233592 0.910878
45.040090 29.415159 0.907653
54.721257 21.436238 0.909273
50.112695 15.916975 0.908570
46.474338 31.515404 0.904119
43.863356 20.373525 0.912673
54.061399 31.032420 0.907001
59.522265 27.473243 0.910432
69.367726 30.262958 0.914432
45.266604 18.030128 0.903919
44.594880 30.699462 0.908105
56.207376 30.376013 0.913896
48.719782 19.502394 0.912991
54.904356 23.646485 0.900564
52.760235 24.086700 0.908307
74.385952 26.130911 0.909935
63.129449 29.946587 0.900587
37.087621 27.357912 0.909276
57.778869 18.479378 0.900466
45.871489 30.792080 0.900277
61.456823 15.249564 0.904037
44.736045 18.743241 0.916182
61.111465 26.101251 0.904507
50.586273 26.590005 0.916196
50.144030 16.367904 0.908911
67.749020 23.293485 0.910096
57.198786 13.923429 0.916393
71.965710 25.115562 0.903583
37.684944 19.469630 0.907837
58.664850 21.814510 0.902789
73.178946 30.949622 0.913574
64.347929 27.720137 0.900601
50.345023 14.165875 0.913590
56.669925 18.083139 0.913962
73.286803 25.094582 0.901934
54.063684 22.317463 0.906528
50.653780 18.620570 0.900898
55.136322 18.186917 0.904482
56.278206 20.256301 0.903852
52.217771 23.058385 0.902923
54.754435 14.054335 0.913296
71.860100 24.940481 0.907679
57.773872 30.824406 0.908402
55.221235 30.451093 0.912964
55.787565 21.850924 0.907088
39.654280 27.171997 0.914627
64.559855 24.610904 0.913644
43.717408 16.927609 0.914024
74.073099 32.093322 0.914411
55.846277 18.699452 0.909541
66.646748 28.993117 0.904946
57.899005 14.363543 0.911515
55.161889 26.922198 0.914863
60.519356 15.198571 0.911346
62.996035 24.846483 0.909656
36.242608 19.868036 0.909094
53.855140 19.827028 0.907999
53.028835 24.470252 0.904588
60.648552 14.199166 0.910506
59.332617 25.937778 0.913392
40.072875 22.553241 0.906725
49.664875 31.696933 0.901626
65.577340 23.437732 0.913925
67.183475 27.736681 0.909515
40.984944 19.235968 0.907042
50.864802 20.310597 0.916631
48.863163 16.880495 0.906140
51.306082 25.139751 0.907840
47.216760 27.162535 0.906231
70.261381 24.912377 0.905457
45.276837 20.425872 0.916565
53.323913 26.364696 0.900592
45.307099 30.109454 0.911254
59.099737 19.879254 0.905895
42.023127 31.397333 0.913176
65.290629 21.249518 0.902458
47.649011 31.714672 0.910279
70.562276 24.612882 0.902744
70.868264 29.407877 0.905239
52.185555 24.363268 0.907351
45.020103 20.700096 0.916023
56.267980 22.012176 0.914269
60.852550 19.920870 0.907820
53.176871 14.024079 0.902812
44.682464 25.239320 0.905228
58.902498 25.888714 0.915985
49.090668 14.514851 0.913701
51.787128 30.382754 0.907050
45.332266 19.851403 0.906801
47.605779 29.873365 0.909331
64.325053 19.376032 0.907251
53.235101 28.678789 0.905921
56.688225 31.185297 0.908920
44.052678 19.640600 0.901170
67.506587 31.615752 0.914409
58.072952 28.722585 0.909970
43.290817 29.941518 0.906378
51.557559 32.318670 0.903148
46.765101 31.692553 0.904010
55.347442 30.696151 0.902462
52.316441 14.695095 0.902620
49.493603 23.610576 0.902733
50.073154 15.610122 0.915916
43.113895 31.671187 0.910880
74.167213 28.360174 0.901211
67.003731 29.514033 0.911553
56.528387 15.639637 0.902706
62.397311 26.754011 0.905683
62.689516 18.280721 0.910011
71.992989 28.658805 0.906910
59.239945 24.352235 0.907505
57.158107 21.604693 0.900244
53.375753 15.023009 0.902637
60.957262 20.386885 0.901069
55.438399 26.333585 0.909483
53.564862 24.090560 0.908553
56.276750 21.250304 0.908721
50.352537 13.849554 0.912385
63.636724 17.913991 0.916200
46.320280 32.268643 0.916660
73.669611 28.756735 0.916560
40.611644 17.658856 0.911669
53.804436 26.313500 0.912468
67.094801 26.189698 0.905416
48.128211 14.409283 0.910560
43.609695 32.446923 0.907570
64.209236 27.192815 0.911121
56.370764 27.705907 0.904514
53.274125 25.634932 0.904347
43.983244 22.138891 0.905160
46.770902 17.084546 0.902571
60.952307 19.152626 0.904435
52.220599 21.654057 0.906034
56.270498 20.584647 0.914581
54.859308 31.796615 0.905562
60.862052 15.156814 0.908086
66.732185 15.604456 0.916228
63.538952 31.770806 0.907746
41.307622 16.780307 0.907379
44.535408 27.338405 0.905068
62.996165 24.622522 0.902960
44.150311 22.501179 0.901776
48.751077 23.738422 0.908984
53.886893 22.181739 0.903474
45.694914 24.574517 0.909378
62.490725 23.202001 0.902956
42.398583 25.051123 0.905685
50.397507 29.100421 0.902607
46.647981 24.678180 0.909826
74.093150 31.272571 0.908851
45.805295 25.216907 0.909979
42.110220 23.294107 0.908695
66.640037 22.329537 0.901407
44.687693 19.801048 0.907666
62.847597 31.088090 0.906051
50.166756 17.084304 0.910807
51.638010 14.120471 0.900857
44.237922 24.433035 0.904363
72.807995 30.542505 0.911486
54.979078 17.958894 0.903910
62.987215 21.887967 0.908421
40.992378 22.080046 0.915425
48.505174 23.768251 0.900194
55.384947 20.672503 0.910369
44.368009 24.517515 0.909483
62.078240 17.096301 0.915822
46.623243 30.688315 0.905582
58.367882 27.563552 0.913935
38.277474 25.733471 0.910176
54.249845 27.951216 0.909004
41.212872 26.836189 0.906147
58.622187 27.600652 0.912166
41.172927 26.499190 0.905483
65.615412 31.647606 0.914237
54.377830 22.396155 0.916261
70.026085 26.577455 0.906627
70.287484 24.095609 0.913052
63.008314 19.322068 0.906048
59.051253 19.543693 0.902407
65.014429 29.077685 0.903877
54.079203 23.127912 0.907644
43.192284 29.945956 0.909857
43.978303 21.407176 0.914801
51.096049 18.572027 0.912337
57.182034 29.505294 0.900114
68.605718 28.500948 0.910608
54.793363 27.934041 0.904777
54.240242 23.682553 0.910947
50.772687 18.469069 0.913711
72.200255 28.454156 0.904441
75.268802 26.978527 0.912898
51.445430 16.710823 0.909445
57.218990 31.001214 0.915704
56.441752 15.310359 0.904641
62.347663 31.588335 0.907031
50.839740 25.323922 0.906759
46.693015 23.198044 0.905120
67.867225 25.942587 0.914252
46.102666 22.241660 0.906192
66.078670 17.354800 0.908970
38.433229 26.761137 0.901113
61.578911 14.382077 0.915568
56.511356 18.701655 0.911496
51.081650 31.480502 0.900275
51.609174 26.393127 0.901476
45.129699 27.582532 0.915323
52.098584 23.580605 0.910699
75.250786 26.990924 0.911854
69.418340 23.886508 0.908351
69.768466 24.684417 0.903121
58.538604 18.692893 0.908919
41.772038 30.867968 0.902268
60.750902 29.608530 0.902617
61.329573 14.978329 0.904495
58.173453 16.173398 0.905195
53.650315 16.347827 0.910051
39.512651 27.343973 0.906396
37.798562 21.308490 0.904508
65.666469 27.799530 0.913302
51.081756 22.280261 0.912819
52.163557 21.344124 0.914340
46.147548 16.626606 0.906165
48.994261 13.836845 0.912388
46.586777 24.362254 0.913759
53.422400 19.409204 0.902411
43.105225 25.474126 0.914713
55.381839 20.880743 0.909112
61.620060 22.947698 0.909922
44.436705 20.047368 0.911910
51.451971 24.547747 0.908186
62.943684 26.737832 0.916100
75.261374 26.330482 0.912093
38.778412 18.782491 0.909975
39.198744 28.449133 0.908564
44.139950 17.793115 0.914115
65.282158 15.339569 0.902894
64.023967 21.543459 0.908577
65.744745 32.195876 0.911243
38.236840 25.680686 0.911428
73.470102 28.911719 0.913763
72.638858 26.561843 0.903088
47.979526 17.700293 0.909381
60.483271 21.429003 0.902102
42.894277 17.235839 0.913215
36.222102 19.458171 0.902684
39.317553 17.094706 0.900760
60.190093 14.004649 0.904208
68.405808 23.152002 0.909961
58.002629 23.575279 0.910274
50.967421 27.084255 0.910873
44.602347 22.812093 0.912132
45.883511 18.086218 0.907079
57.312080 30.345996 0.903041
70.819683 26.822095 0.916355
51.032836 25.414653 0.915721
44.122046 27.582152 0.915678
50.094030 16.301600 0.909083
68.713607 24.609255 0.903816
61.413750 15.302531 0.907601
70.748827 32.410414 0.913206
59.271440 14.864860 0.906695
48.935459 13.900966 0.903195
37.823995 26.227147 0.901568
51.665818 31.368218 0.903296
60.006555 16.022494 0.914490
38.171716 18.188626 0.901272
50.247074 30.083472 0.901142
72.575876 31.136101 0.906731
55.994600 26.347027 0.901875
63.803874 17.266142 0.911189
41.856950 26.463626 0.907424
59.565572 22.868076 0.907646
51.427641 28.688299 0.905707
71.082116 25.838467 0.904892
44.081732 24.041473 0.901116
40.544604 28.731006 0.911483
52.983537 23.975936 0.911346
65.776069 15.280513 0.900444
57.489330 25.096298 0.914259
56.612940 25.624983 0.905391
56.152989 25.767945 0.907375
69.654197 31.477646 0.904777
55.920195 20.636616 0.904887
54.512274 32.104876 0.909605
50.818690 30.504519 0.913284
65.274737 21.145780 0.902139
58.298548 25.775566 0.903045
60.118175 17.483944 0.906841
38.300105 27.340868 0.907057
58.866860 18.799279 0.904988
45.941472 31.733392 0.914579
41.463943 26.194306 0.911917
49.379221 27.881415 0.911877
65.668315 18.116225 0.911217
38.110843 21.142659 0.910657
64.352291 28.104503 0.911804
53.955553 15.443283 0.909709
38.429359 26.801960 0.905951
55.975662 28.288143 0.911101
61.987745 31.862664 0.910665
51.921262 25.792714 0.900029
45.992974 31.900954 0.901541
55.783123 23.943729 0.907295
53.182698 22.135599 0.913389
53.186081 27.296860 0.915832
47.902284 19.438004 0.908373
57.407724 29.755586 0.914876
63.458487 19.794882 0.907537
60.986661 16.139251 0.909574
55.944654 20.718860 0.905424
68.142774 23.281849 0.906922
75.357299 29.394703 0.912343
59.896002 25.191194 0.910934
40.155947 17.261129 0.916139
58.536407 26.146184 0.916107
57.507851 30.227476 0.911141
60.288996 19.482752 0.912690
45.608107 23.505770 0.909349
47.077237 29.984155 0.902207
46.307873 25.154263 0.902830
52.109195 27.757242 0.909769
57.495748 17.886127 0.914990
37.956946 27.287809 0.909286
64.961407 29.013424 0.907875
52.751766 18.936821 0.904375
43.781627 31.041737 0.909452
56.131974 17.577810 0.916307
74.565455 23.347824 0.913851
46.131395 23.540665 0.906831
56.570836 21.242022 0.906755
44.767411 29.624846 0.907970
51.439605 15.249246 0.913307
45.602591 32.020382 0.902762
72.057262 28.897515 0.908447
68.746136 32.173067 0.900633
55.815750 20.801231 0.901879
41.847447 32.037900 0.913600
42.125125 30.847628 0.907569
43.008888 19.496148 0.906543
73.416335 30.228893 0.910807
71.826469 25.110934 0.912484
60.907109 14.198862 0.901677
62.800629 14.056092 0.903779
51.424934 16.926260 0.909482
65.792283 27.542266 0.914055
72.260802 25.358008 0.905634
60.680039 25.408080 0.911564
72.324094 27.047552 0.909358
65.030777 29.613678 0.900847
44.081521 24.315188 0.911917
39.482058 26.623909 0.914258
42.149477 32.002971 0.905946
49.489361 18.959035 0.900924
42.507894 25.720019 0.901150
38.910363 24.304674 0.904535
66.976432 17.995266 0.907872
69.747357 24.769664 0.901817
49.972390 22.362157 0.915462
63.769761 19.506855 0.910650
64.459072 17.178628 0.900536
66.324931 24.219304 0.903354
61.633319 16.279013 0.911598
51.367062 18.967619 0.909657
65.918792 32.405782 0.908066
69.803681 31.008024 0.915320
63.565834 15.370689 0.909065
40.412986 25.767950 0.910195
39.636898 28.866807 0.904599
46.697144 28.327069 0.908877
73.183053 26.544474 0.904386
70.723208 30.055987 0.912488
72.064325 23.929471 0.907216
62.007913 24.383553 0.916538
37.016389 26.693317 0.915677
55.679626 16.323006 0.906539
55.789886 26.761404 0.905286
57.954691 17.053320 0.905877
65.586487 28.411528 0.916098
50.222217 23.385941 0.905077
62.555740 22.061619 0.912897
54.255907 14.422923 0.904450
73.158284 30.553382 0.905891
50.245835 20.069482 0.905540
50.234341 28.176857 0.903647
60.705444 30.296395 0.908618
69.456396 32.287225 0.908053
45.399543 25.661896 0.900053
61.295654 27.478124 0.903402
43.307448 29.693413 0.908027
43.159210 31.893629 0.910407
51.008873 16.947064 0.913220
50.048964 30.238736 0.910752
40.107378 27.600635 0.913728
48.224857 15.920322 0.915297
56.513661 28.637683 0.912225
40.504872 21.895811 0.908506
42.597491 20.743920 0.901043
46.491273 30.884751 0.904041
49.761143 14.665676 0.909016
50.298430 14.050125 0.912262
54.982378 26.693128 0.913559
55.050852 22.107762 0.905605
42.502041 24.973396 0.902232
48.626851 24.145386 0.900653
57.664041 32.452477 0.908623
70.967752 30.417668 0.902269
62.455438 23.801563 0.908451
42.122552 27.129094 0.903234
63.773382 22.000028 0.902685
68.699211 31.447596 0.912391
61.240443 30.142229 0.900360
70.722793 23.372587 0.912795
37.955092 19.710506 0.901567
49.446445 24.108966 0.911046
38.334100 21.265167 0.902176
55.332573 18.993939 0.906200
64.732239 32.101921 0.908536
65.111119 28.496403 0.916331
47.312551 24.957963 0.902217
64.159902 26.240372 0.912293
55.455092 27.847623 0.902764
36.770856 28.758483 0.913874
50.913491 20.732036 0.901536
59.371579 24.769068 0.903117
50.020900 19.556951 0.909921
59.475893 21.522176 0.916409
45.706148 17.256995 0.913529
44.247657 24.513029 0.911980
41.532028 19.285830 0.905945
44.051003 23.334238 0.901717
55.590638 29.380798 0.911264
55.923225 22.846078 0.910829
66.150586 30.084131 0.903515
66.851851 18.252463 0.905889
39.846822 22.957729 0.905953
51.398562 14.554508 0.914366
51.770241 24.261264 0.912501
53.670253 20.971633 0.915845
40.874941 25.992685 0.912992
54.205811 26.942942 0.906376
57.891902 24.116151 0.904043
51.473331 13.869351 0.904947
57.654824 22.582562 0.909760
45.038631 20.864439 0.900803
48.307754 22.704947 0.904340
51.490559 27.100261 0.904986
54.437184 32.552421 0.904353
53.597450 27.371170 0.905427
40.349105 24.248429 0.901957
67.765820 23.099129 0.909411
67.071433 30.396117 0.913045
41.153971 28.580162 0.909503
37.000366 24.634196 0.913724
66.854654 31.795982 0.915209
38.287584 28.211490 0.905534
39.551732 21.729823 0.915924
53.058846 16.682971 0.906614
48.978322 23.900651 0.900939
45.965398 24.094940 0.912494
55.462367 28.207473 0.907031
48.862606 19.483057 0.908639
36.492608 27.384825 0.911553
72.165908 24.607317 0.904396
56.334100 20.689142 0.907132
38.762708 16.327408 0.913188
63.804595 21.045990 0.908096
40.890691 23.129787 0.900663
60.583428 19.219669 0.908056
48.654536 22.023987 0.914845
65.279767 29.050536 0.914683
55.170277 21.414834 0.911821
48.605250 20.254458 0.900477
47.348615 15.507816 0.909114
55.413656 29.940720 0.902187
64.609610 14.871711 0.913354
38.638917 21.167596 0.909819
65.793743 29.647653 0.905864
45.273874 25.110817 0.911483
37.077327 21.811894 0.913545
56.188789 20.037336 0.900373
53.130146 19.885986 0.901936
69.513548 26.965301 0.905966
60.618348 20.721210 0.915735
47.996515 21.932491 0.906207
73.862651 30.401590 0.916133
71.286034 28.022077 0.905483
43.241500 30.285094 0.914748
65.750964 22.648149 0.913440
58.243923 30.507625 0.910058
71.622584 25.735430 0.904793
56.320021 22.373365 0.913060
50.750977 23.434141 0.906156
42.297038 17.143201 0.910532
52.810251 13.779182 0.911554
43.838535 22.164712 0.914210
55.332519 26.491536 0.912676
66.154903 15.880736 0.900066
68.047268 30.296453 0.901412
47.513914 15.621128 0.904931
73.322677 26.617537 0.913779
62.365287 26.793843 0.915890
66.733639 24.006259 0.903096
45.006446 29.209680 0.907373
40.802359 17.459442 0.901421
40.260640 23.015796 0.911239
41.595662 25.872162 0.909081
48.580919 14.877782 0.915534
67.393917 26.056590 0.900427
69.361101 23.470181 0.902337
45.612878 27.646253 0.916196
63.960570 29.449683 0.906600
54.993483 21.478419 0.905072
56.648725 21.590916 0.912079
61.759605 29.278268 0.910857
55.476968 14.747710 0.911059
70.980537 31.041780 0.910243
52.048502 23.119164 0.907747
48.474558 21.171993 0.913024
62.277597 19.726258 0.906739
44.665175 23.737981 0.901200
70.419366 27.599985 0.912620
64.041944 17.280561 0.916424
68.281045 32.483613 0.913894
41.875877 20.492933 0.909587
42.167861 21.609911 0.912795
62.091976 28.379112 0.906155
66.992516 31.955675 0.911689
58.147017 30.422573 0.909229
71.875499 27.840611 0.909698
49.300611 23.922035 0.909593
76.046684 25.920669 0.914472
59.378931 17.189565 0.907916
38.348413 18.126200 0.913354
71.884029 27.536362 0.901527
49.350116 15.013772 0.912807
44.144664 20.205475 0.900767
51.802082 30.582549 0.901810
41.581951 26.091982 0.913446
53.005392 30.948170 0.909764
70.006177 23.911786 0.906363
42.766535 27.672664 0.912424
47.886364 23.123270 0.911268
60.454838 32.156443 0.913000
64.089848 30.862317 0.907956
54.670884 20.157034 0.913333
44.352590 30.439991 0.911297
73.879727 26.325351 0.904706
58.352943 25.732742 0.908866
44.163225 32.200055 0.900066
39.538085 24.002527 0.900239
49.598968 14.122139 0.909468
39.213100 17.282045 0.908170
42.464365 30.441309 0.907212
36.990769 26.366922 0.913195
57.843701 17.172004 0.907119
60.619728 30.004257 0.913407
39.277109 23.875343 0.905868
73.484060 28.968806 0.913071
45.038662 30.935143 0.900893
47.062506 16.023666 0.906842
36.255118 19.358888 0.902990
54.124857 17.152380 0.916065
67.029963 22.686674 0.901628
65.203337 16.418059 0.905525
73.530672 27.246182 0.904727
45.559165 30.447318 0.904643
42.513560 30.443206 0.904276
54.884146 31.882078 0.915134
41.391845 22.087355 0.907339
42.463616 23.138184 0.902821
37.449780 17.099766 0.908084
50.990772 29.483518 0.913798
51.059078 24.727587 0.906834
52.998473 25.346861 0.913523
68.049667 24.161523 0.914776
59.441111 21.908172 0.911692
46.009617 28.700672 0.907446
47.104763 18.590895 0.906434
52.815614 24.468461 0.906848
44.240111 20.778668 0.911131
50.598805 26.310672 0.907522
40.866257 18.641025 0.915655
59.405146 29.844703 0.907810
75.216881 23.887872 0.900156
49.534345 30.302951 0.903957
61.311367 32.363686 0.913913
47.298782 17.494084 0.901458
42.598581 25.804306 0.903668
49.636895 30.098456 0.909649
61.025099 25.010028 0.902364
60.250213 18.283681 0.909658
46.462801 26.147313 0.916276
61.157229 25.998076 0.902259
67.367676 25.737690 0.910744
70.058223 23.102426 0.912699
63.100315 21.158160 0.907327
42.473646 26.812486 0.910318
49.958240 28.994787 0.908211
46.275788 19.834009 0.912581
48.584283 20.343414 0.905449
63.517013 26.919770 0.905354
49.797184 23.701919 0.901177
55.480528 17.295634 0.913629
42.598936 23.736896 0.902513
74.830635 31.826245 0.914380
48.351653 22.584523 0.914905
60.856057 18.773984 0.912798
69.833849 30.959290 0.915624
52.210484 16.490303 0.911636
43.733185 31.047035 0.910501
46.305152 24.035647 0.904085
64.255691 15.362660 0.907140
70.427139 30.975513 0.911340
51.369463 26.011083 0.904217
53.963585 14.736496 0.901570
71.472062 28.225167 0.916666
58.172518 29.849998 0.900032
36.646491 28.088973 0.911120
50.401463 14.477950 0.912233
62.340139 32.084049 0.903756
55.613806 28.385859 0.901657
60.786574 14.035365 0.907402
60.497537 18.946699 0.901385
38.114921 17.670717 0.914779
58.612324 26.114027 0.916657
45.021823 17.652121 0.901247
56.040681 20.663843 0.906393
60.316096 15.182537 0.912711
45.933827 25.011728 0.905889
66.064313 26.193043 0.902913
71.470441 28.124902 0.902970
52.997692 17.615729 0.909546
53.622983 19.829736 0.903093
44.947867 28.586633 0.906872
59.222652 18.134770 0.902425
70.693087 26.404968 0.908896
59.478912 15.569988 0.915939
70.831539 23.480121 0.910170
64.530930 29.592706 0.910912
41.016250 25.369877 0.913111
50.568028 16.538769 0.903476
57.902077 17.745945 0.900242
39.551496 26.854679 0.903442
62.164779 13.942227 0.904308
57.299066 21.098789 0.913762
62.887725 31.106897 0.902311
43.141213 25.744798 0.901340
44.035190 21.484838 0.903694
43.235411 23.465484 0.910952
50.573650 19.134149 0.909700
61.528720 28.258167 0.915906
42.744945 30.619673 0.916586
56.249823 27.977275 0.913879
57.140216 23.588804 0.906769
54.450584 24.562285 0.913419
54.318788 16.087947 0.913497
55.765320 29.091675 0.908793
53.231996 17.974036 0.907580
67.681107 29.894604 0.906810
63.342364 20.233969 0.908453
49.131174 14.613688 0.907223
55.760519 16.469417 0.903906
65.586359 18.936303 0.914453
69.578713 26.143788 0.907782
36.074728 22.206851 0.900275
58.239241 29.008149 0.909771
50.649091 28.153156 0.908828
60.322211 22.885333 0.916453
36.081073 19.736396 0.911567
55.162741 19.734373 0.909029
60.541171 14.919125 0.902978
48.037189 21.437774 0.900130
52.445360 26.215154 0.909869
51.077875 18.580808 0.906619
55.796528 17.186569 0.905911
47.840899 20.732328 0.901294
43.532708 17.162354 0.903213
73.116514 27.388549 0.906036
51.454437 20.408449 0.914364
57.756741 30.381375 0.905166
73.793993 31.570953 0.900378
68.939810 25.301359 0.911297
59.900976 31.597113 0.912387
75.199395 24.805311 0.913542
53.828755 31.369373 0.909105
61.512355 15.548484 0.907099
53.319733 19.898255 0.916483
60.600938 23.786147 0.906711
51.308973 26.150167 0.911063
65.190518 21.851821 0.902567
72.263269 23.155685 0.901779
38.108340 25.859896 0.915335
39.178508 23.161902 0.902405
56.360643 32.092919 0.900458
50.595554 24.813548 0.905684
42.957329 27.867216 0.905574
63.362344 28.657737 0.901995
66.660857 15.474803 0.907134
63.124532 24.136397 0.916324
45.116663 27.749955 0.906737
56.006821 17.331100 0.913269
55.788286 31.343946 0.902815
52.779551 21.019225 0.916268
60.445194 24.394218 0.911968
53.169263 30.767565 0.908077
61.998727 24.749874 0.903576
38.491435 22.970255 0.908114
50.402011 28.897123 0.902226
64.311996 16.391488 0.905857
67.706538 23.152425 0.912824
50.478578 29.707451 0.915275
53.745341 22.619379 0.909085
64.944093 29.376176 0.915452
74.828943 25.714273 0.909834
56.079542 20.635768 0.905476
40.287587 21.796156 0.912311
61.512353 14.497600 0.903338
54.590991 22.558018 0.908272
53.336914 19.156107 0.903139
45.647974 27.375464 0.915939
42.992895 29.511509 0.904875
54.347106 19.502459 0.907394
51.128488 19.168443 0.915234
71.426144 29.926415 0.902417
38.924699 16.468083 0.903944
66.676443 18.113111 0.908500
43.967069 24.259097 0.903579
48.130247 24.081171 0.903387
42.820622 23.355086 0.900341
52.199876 25.140519 0.911492
57.112687 17.844073 0.910385
67.917420 24.867901 0.900351
65.936761 30.894260 0.902689
59.582143 17.471174 0.908539
64.656883 17.944722 0.903362
57.347606 21.489412 0.909833
65.311255 26.978604 0.910619
37.015715 17.735027 0.902151
62.143045 28.403245 0.909682
58.754285 22.601397 0.912629
71.355535 30.038636 0.905819
61.011578 28.570086 0.913585
67.713935 25.221900 0.908003
52.620820 17.716816 0.911420
51.355518 23.685452 0.908903
43.716116 16.553176 0.911127
46.902751 32.284664 0.911922
66.297817 21.559177 0.915609
65.249661 22.165982 0.905237
44.603328 29.984243 0.909448
51.779000 16.694949 0.910860
57.673638 32.384620 0.909998
38.334033 22.796881 0.902622
55.551112 28.707912 0.902377
74.949781 30.145124 0.902739
48.505026 22.451077 0.900750
43.483598 29.444708 0.910608
75.344148 26.420436 0.911971
69.068574 28.435890 0.909575
42.482056 26.637113 0.904620
43.843808 21.285449 0.913944
47.104371 14.933496 0.912635
68.609148 31.721008 0.912876
62.908932 28.059556 0.906345
37.327133 23.883463 0.905392
65.258457 15.963573 0.914691
59.601621 14.115322 0.902228
64.399978 17.244294 0.910239
43.144524 19.192107 0.907725
52.653259 15.458875 0.911868
43.223066 21.651103 0.914163
48.396221 23.191574 0.915874
72.560862 24.465963 0.907397
63.849668 17.192032 0.910805
56.967775 31.320898 0.906586
58.691514 15.124256 0.916463
74.817569 27.262730 0.908210
60.242349 22.840573 0.903984
57.450162 25.615106 0.904194
70.920308 28.538618 0.900493
40.995123 25.566944 0.900944
44.696349 32.076495 0.907431
43.377006 23.048323 0.912989
61.754106 22.428936 0.911906
59.861413 13.881217 0.915694
55.737577 14.911259 0.907297
38.790993 21.486268 0.909626
57.524669 21.677697 0.911663
58.136977 14.319615 0.905041
42.769782 27.466134 0.914552
53.584725 14.845668 0.907997
41.941071 26.277956 0.912667
55.433138 21.864031 0.903457
63.377580 25.174524 0.906543
55.229394 28.995654 0.902670
65.711314 26.940999 0.907623
69.876878 26.178539 0.906485
58.500455 15.146498 0.900912
43.902940 29.600604 0.909839
42.610101 17.075331 0.913904
57.400920 26.372192 0.912989
56.066085 29.106193 0.913304
63.542282 23.079676 0.905658
57.210760 25.955671 0.906704
57.633757 23.516116 0.910893
48.047529 16.312464 0.903306
54.975730 23.424188 0.908060
49.821742 19.339394 0.901750
42.613621 27.242119 0.906788
55.531591 31.839955 0.914492
37.034344 18.406146 0.906092
58.944770 17.526126 0.900651
38.366207 27.254604 0.907922
60.817305 31.738919 0.905103
46.556323 24.412592 0.910327
54.637329 25.406608 0.902642
50.357539 22.200881 0.900207
56.745446 30.400619 0.910699
41.330793 29.409272 0.903808
66.398585 30.334638 0.916246
46.845394 31.450410 0.914229
48.650178 17.015676 0.909101
57.970887 31.431134 0.912743
38.629553 22.131043 0.902119
50.798514 26.863750 0.902971
64.435178 29.836859 0.900401
69.364663 23.849224 0.902217
64.915468 30.402224 0.916508
51.214395 18.199269 0.909461
64.438447 22.595631 0.914516
40.232864 24.199955 0.905316
64.660126 27.341181 0.908844
53.767627 29.742502 0.907337
72.682799 28.090574 0.912262
36.559969 23.546216 0.901652
72.191358 23.578789 0.908355
41.831223 25.174640 0.913872
38.804075 17.434897 0.909374
56.945269 28.012714 0.915305
38.462072 26.754736 0.910308
73.334228 24.606245 0.902051
58.720341 24.705602 0.915083
59.214576 25.719591 0.912906
53.653285 16.681575 0.907375
36.181595 27.954500 0.909735
52.137893 16.450929 0.910306
44.183580 30.338101 0.915222
61.207221 28.453829 0.901520
64.662580 26.816449 0.909151
71.523650 25.426175 0.915843
68.761786 28.356963 0.905406
74.736042 25.035609 0.910546
40.013898 24.358167 0.907158
44.396715 23.652756 0.910234
68.440344 26.913570 0.911151
54.147628 14.228169 0.904707
64.297598 22.497271 0.915982
47.144507 19.323352 0.914596
47.105445 20.349085 0.909847
52.263212 26.635657 0.907450
62.815111 24.603104 0.913355
43.092230 30.869656 0.910731
54.571164 25.025725 0.901819
47.270006 23.354240 0.906686
49.957679 14.914253 0.914633
55.605020 30.921678 0.901279
52.917410 16.197831 0.915307
39.204548 16.722272 0.915525
65.004480 14.548916 0.906610
45.907879 31.813488 0.907029
66.426201 21.209792 0.903940
41.882886 29.073981 0.907616
52.637494 31.821876 0.908749
55.405992 21.890474 0.914613
69.280007 24.214433 0.901181
39.610543 27.050484 0.913529
65.295365 15.148896 0.913972
50.172526 24.203930 0.905091
65.757550 30.150831 0.906121
50.242689 31.679441 0.915730
65.149746 16.113940 0.914655
43.728814 25.474319 0.916461
54.405536 23.855216 0.906770
63.357722 14.332483 0.903023
73.369547 26.526147 0.910579
55.208551 14.042882 0.916619
63.319246 29.318375 0.906102
60.135716 27.952083 0.915459
65.467501 25.247847 0.915884
70.674638 25.015980 0.911487
57.769407 14.580517 0.901294
56.929265 17.151921 0.903623
45.494868 32.407798 0.911897
52.979523 19.332941 0.915334
73.795686 24.306754 0.916047
67.035674 22.117714 0.903125
40.868496 17.479225 0.912232
49.134645 22.118061 0.905009
61.062860 24.623910 0.903861
75.953828 27.289547 0.909480
41.619901 27.010555 0.900278
51.487982 18.805423 0.907851
55.827773 21.544005 0.907173
39.199458 23.107988 0.902824
50.867324 26.763063 0.913027
55.064165 31.580847 0.911267
70.693569 29.448251 0.909232
63.736754 27.103977 0.904970
47.580737 23.712349 0.909638
55.408277 23.372376 0.906030
37.039606 28.245870 0.911192
45.004168 24.638973 0.904284
64.128787 27.740129 0.906693
39.093506 23.385492 0.911399
66.192807 17.011648 0.903675
57.235404 26.156685 0.911409
63.090959 26.319079 0.905370
60.867476 19.724962 0.916204
67.120715 24.101884 0.910446
58.641917 24.987231 0.902950
74.565958 28.589126 0.900620
66.019574 27.626744 0.901214
51.368576 16.880299 0.902524
47.614826 22.697520 0.906862
58.397572 24.899386 0.900164
74.281941 23.386500 0.912170
67.259674 30.030106 0.915705
53.196733 21.318282 0.914931
40.684716 22.018698 0.909850
38.135052 28.143618 0.903573
62.975553 14.674635 0.908246
57.641146 25.510824 0.904375
53.935147 31.429666 0.908212
63.123052 19.991365 0.900916
67.806039 24.026643 0.905787
54.498596 19.291747 0.916550
49.499118 23.401643 0.907295
58.720698 24.979650 0.901722
44.895811 22.976862 0.904295
45.048597 31.700188 0.909708
48.610947 20.167181 0.905686
49.876860 22.544645 0.909067
57.962510 17.807674 0.908942
44.331816 26.569727 0.913537
71.292451 28.289487 0.914731
48.494332 17.162707 0.912678
44.222494 32.461107 0.909725
64.743010 17.922869 0.905077
74.735838 25.094875 0.911254
52.302489 17.947627 0.909686
55.736600 21.368411 0.915556
67.896648 30.170693 0.904670
42.991486 20.724420 0.907568
57.999283 23.359879 0.901224
66.971358 25.848240 0.903461
69.785436 23.935332 0.904562
53.043755 31.483743 0.913637
65.067723 21.505624 0.910916
53.013199 17.260899 0.905302
69.902180 28.314005 0.900239
54.851283 29.035463 0.910677
56.517427 21.295789 0.900442
38.510830 16.994911 0.905581
56.497464 30.020236 0.904055
64.547102 19.775842 0.905472
44.233103 28.475906 0.903672
72.666842 24.259694 0.908390
36.225242 24.296870 0.913580
71.975848 29.464950 0.910007
43.363011 21.276262 0.911026
62.913318 15.879352 0.909358
43.395291 17.826443 0.911851
54.416422 20.345522 0.904938
69.766645 26.360718 0.907445
37.557636 23.446592 0.904831
71.851626 25.913630 0.903390
38.899538 25.141998 0.906084
71.137239 24.473538 0.916430
72.565178 29.882394 0.902331
61.733908 15.317738 0.908707
37.782353 22.632617 0.907949
39.388538 17.103358 0.909453
71.310885 27.942952 0.909292
51.477225 24.606220 0.907741
47.618987 21.271111 0.916284
43.472581 22.461426 0.907839
54.201580 23.131996 0.906402
42.459347 31.792975 0.909560
41.068287 22.515609 0.906167
45.302942 24.462833 0.914624
38.166807 25.437381 0.916242
43.532796 31.279258 0.909819
48.925002 13.789191 0.911825
61.497299 31.409799 0.909323
56.064509 20.527901 0.906687
63.957049 15.947028 0.900965
42.216864 18.333078 0.902404
50.208864 22.370585 0.909704
58.361723 27.181913 0.903150
67.583829 29.874997 0.903767
74.573100 28.971427 0.912602
63.903624 27.063880 0.904915
62.609232 15.631332 0.909103
71.391027 32.114922 0.901395
47.652327 22.524391 0.901234
59.733707 17.688462 0.902568
45.072300 28.500992 0.904940
55.561087 28.648385 0.906345
66.688389 30.763645 0.905283
68.233097 31.450405 0.910294
54.325072 24.722988 0.911923
74.737027 24.978875 0.900330
47.753432 21.700870 0.913878
62.678541 32.420880 0.901871
62.233619 25.897895 0.900972
60.172876 27.848996 0.909896
46.882980 24.307482 0.907372
57.316465 17.686464 0.914094
75.076433 29.600180 0.912287
65.264977 21.541055 0.912251
46.732732 18.372668 0.909320
61.205680 19.686245 0.904512
66.017691 15.709862 0.915045
50.054047 24.460659 0.912703
55.383835 26.092752 0.912417
61.492334 15.329796 0.911803
69.479910 27.516247 0.907416
59.525152 20.905718 0.903417
55.281312 15.667280 0.907133
46.762328 21.386173 0.907231
39.353513 18.021298 0.910102
44.138243 23.345565 0.901598
61.945650 17.208243 0.903803
51.793024 22.027212 0.903124
52.017650 18.124206 0.903498
54.498172 23.666472 0.914403
52.941898 24.860485 0.906602
56.097982 17.870174 0.914402
45.712189 30.268475 0.916209
74.699989 22.991692 0.915698
47.399811 26.560581 0.903071
54.204433 29.655203 0.907812
42.577395 29.068718 0.910803
57.482034 22.258544 0.912222
45.452173 27.360681 0.915527
53.366929 24.051810 0.907043
36.669003 23.070625 0.911401
64.555605 26.721078 0.906671
50.902391 31.446238 0.906880
46.744608 25.292861 0.900737
51.453966 17.455601 0.908735
72.116832 30.994800 0.903594
52.735179 25.081259 0.905018
36.406406 25.654147 0.913112
53.349613 14.799081 0.902014
64.296895 26.718593 0.908313
65.717896 19.255914 0.915440
57.471702 30.452280 0.900194
54.995474 25.739234 0.904176
42.921862 31.605870 0.912130
40.479300 27.238052 0.903923
40.840235 18.487184 0.914699
40.455599 22.119476 0.901586
46.528041 17.164405 0.916089
43.040351 19.589514 0.906573
54.689375 20.436774 0.906576
47.256840 21.304273 0.915959
72.462659 30.042939 0.910748
51.995548 19.676525 0.901027
62.444120 29.959933 0.902696
71.846720 32.323771 0.913651
69.461734 28.252119 0.900206
51.371432 15.150829 0.903646
53.210369 17.562171 0.913692
63.107728 24.005730 0.910455
37.062109 22.885659 0.915670
46.924625 16.731570 0.908729
48.214580 24.849056 0.907669
65.629293 16.885551 0.913195
58.826944 30.554049 0.914584
40.607021 28.457328 0.915247
53.212161 17.644213 0.914318
55.006094 19.489897 0.914579
69.570264 24.101344 0.904205
69.437175 24.848327 0.908877
58.789678 14.860601 0.911692
54.885179 29.555781 0.910765
63.898993 32.032429 0.910839
52.103641 30.867989 0.901779
53.134894 14.833297 0.901287
64.959991 29.005297 0.907846
71.937137 27.879851 0.903358
58.911899 28.767609 0.903183
60.105638 22.861595 0.903550
65.912961 19.182142 0.901141
37.198960 20.744597 0.913969
66.115467 32.042969 0.916122
62.949554 15.970889 0.905858
46.975917 14.932491 0.911899
53.853577 20.918730 0.906904
43.610531 16.289698 0.907112
62.840766 17.468857 0.914532
41.244612 31.982835 0.908383
53.444514 16.498608 0.904424
55.329360 23.282842 0.900023
40.541480 26.667470 0.904804
62.099308 30.293500 0.909641
50.311216 29.698734 0.900221
42.648383 26.739116 0.906582
42.583249 21.333184 0.908032
55.752629 24.562258 0.911249
68.229354 28.672194 0.915328
38.343444 19.398719 0.903050
65.385300 21.382032 0.903573
61.224631 14.956241 0.904240
37.117811 26.771755 0.904288
56.063305 21.471624 0.915348
46.187804 25.558681 0.908439
44.740726 21.464698 0.912377
65.812388 22.204199 0.908393
40.311638 16.963312 0.910261
51.791064 32.041936 0.901897
52.892363 26.178794 0.905686
36.088663 23.830219 0.900111
67.244795 29.155021 0.902340
39.904244 21.348074 0.900661
49.322464 15.973162 0.902227
72.913862 29.046658 0.900570
57.125209 27.928589 0.913926
44.287537 22.487955 0.902289
57.055234 19.028462 0.909928
59.214312 23.047726 0.904524
62.214156 14.045092 0.916655
49.225333 29.173151 0.900970
52.630574 31.432731 0.907376
55.747009 27.501678 0.905727
46.079047 16.763555 0.907092
52.730805 18.892827 0.904049
51.668346 14.544115 0.915453
65.104889 16.310060 0.914873
46.134950 28.372348 0.906861
39.158339 18.792383 0.900834
73.244372 30.655732 0.907660
45.811681 16.905392 0.916513
38.725612 26.203151 0.901514
56.155567 29.198091 0.907662
49.206117 17.249686 0.907495
55.416564 13.849995 0.914920
48.154406 30.670935 0.914376
43.293612 24.567107 0.905891
65.650923 22.132031 0.904968
62.431516 28.340850 0.913051
48.056162 23.775898 0.913507
36.944799 27.702657 0.913299
42.847775 21.577272 0.908377
56.564526 14.144118 0.915745
51.214255 15.148689 0.901445
49.279200 30.019357 0.903766
64.154353 19.646721 0.903963
53.651243 27.875631 0.909393
39.217343 23.741695 0.908787
44.412758 22.843815 0.913113
60.231053 15.028969 0.901280
55.960625 29.531896 0.905205
75.052482 28.924994 0.904831
54.531924 18.793560 0.907958
61.402197 29.831418 0.903605
62.823263 24.327877 0.911384
65.330605 20.400683 0.903980
66.658631 31.133692 0.915961
38.303554 22.804631 0.903310
66.018931 16.113154 0.904228
72.127745 28.682102 0.911553
42.940912 19.781830 0.902673
43.538910 18.170931 0.906625
67.375703 24.294975 0.908985
58.169308 28.697879 0.905448
53.386825 14.813355 0.901735
69.378199 28.194281 0.913501
55.320329 17.130376 0.914838
44.373486 23.518073 0.900189
55.760284 29.224369 0.909859
52.676848 17.657764 0.911267
64.955727 28.436190 0.915768
63.035824 21.916788 0.905973
44.758545 27.666038 0.909203
45.255539 24.781380 0.903580
70.879066 23.683164 0.906874
67.935046 28.372849 0.901843
65.225649 14.507164 0.901895
65.626644 20.124559 0.910421
47.671535 23.989263 0.913521
74.269856 27.065176 0.905683
66.033531 15.531778 0.909805
59.794170 17.210850 0.902136
53.839645 15.616957 0.912820
45.140417 24.149552 0.908690
63.606174 27.962329 0.902921
45.034720 16.928931 0.912614
42.778906 27.666878 0.913804
73.430885 24.408688 0.904514
63.003747 31.263838 0.912101
44.751824 23.135604 0.908915
71.610551 24.888903 0.914279
64.437946 23.034002 0.911808
41.186155 28.277224 0.916142
64.335844 31.599865 0.912247
42.308593 20.331706 0.909038
52.805796 20.662745 0.903623
57.289072 24.232381 0.907621
46.580704 19.934840 0.909008
44.266248 29.569367 0.910278
72.736534 27.386144 0.910576
45.465514 27.343972 0.916145
41.458920 23.023254 0.915353
50.038497 24.459008 0.913556
63.581003 15.526317 0.907052
53.871628 18.594362 0.908916
61.746940 22.329221 0.909173
50.936259 26.086929 0.912126
57.557885 17.575711 0.909907
52.782470 15.103681 0.906778
44.668037 19.879471 0.907600
56.287913 22.608795 0.916417
36.109173 24.866775 0.901677
67.299482 26.623882 0.907947
37.908686 21.307141 0.911715
57.246611 20.448367 0.901869
40.880903 24.316739 0.910637
52.087125 23.652863 0.913215
58.991869 22.646274 0.913475
66.415799 18.089157 0.910665
45.914411 32.409908 0.916314
51.286033 25.186353 0.907550
44.497696 18.538930 0.912322
44.851057 22.252926 0.912769
39.540803 24.352051 0.914998
70.566664 26.592209 0.913452
48.858136 23.340458 0.900824
55.378893 14.615447 0.908742
51.753056 27.013634 0.903171
56.325708 17.101271 0.912533
57.685576 17.374774 0.907175
51.376557 21.757519 0.906094
66.606557 24.601412 0.902260
66.746036 15.951678 0.908569
64.921659 30.079856 0.903634
53.042213 19.048385 0.912137
59.405335 22.520327 0.927503
55.562341 28.228280 0.922475
45.486342 17.806439 0.916961
56.398701 25.883782 0.930500
74.518555 32.382730 0.919860
52.619594 21.463914 0.931256
47.555502 15.908248 0.929768
48.679172 16.368346 0.923079
48.534281 20.034303 0.918019
57.165806 29.866808 0.926085
60.551149 24.942584 0.927187
47.584290 29.424797 0.930204
50.022451 15.968242 0.922579
54.355540 23.934974 0.927565
48.965267 30.813168 0.920659
50.396105 15.995413 0.925825
54.542817 21.508616 0.922377
54.468072 15.348975 0.926775
55.114065 19.075659 0.925804
58.294942 32.369556 0.931743
49.525509 31.690068 0.929974
60.434966 14.285780 0.924413
48.413347 17.569646 0.930747
45.034848 25.333129 0.917487
39.722046 28.851829 0.923081
65.591365 16.404727 0.919724
55.025371 21.558280 0.931205
63.725009 22.688135 0.932162
66.196936 23.787481 0.928861
64.455446 28.012104 0.931120
60.562236 22.176521 0.924487
73.995747 26.401750 0.924176
67.515150 30.340716 0.923775
56.370265 13.860712 0.922110
40.570249 17.123377 0.927080
58.617343 26.077522 0.928941
57.525550 30.676576 0.927593
53.471120 22.961255 0.926524
41.971141 29.280523 0.921382
51.022148 22.815701 0.918479
58.910984 29.358064 0.932323
46.142170 17.531037 0.923031
75.632430 26.403491 0.925369
65.211837 19.271146 0.931631
55.301546 18.550075 0.922979
63.002641 24.064525 0.917544
36.662240 24.729513 0.919666
57.669856 29.651737 0.930956
43.773246 26.330003 0.921837
48.109194 18.723066 0.929700
55.163604 27.036224 0.921118
63.358561 25.629475 0.930267
57.046079 18.468934 0.923373
51.961675 31.046018 0.917240
59.835971 32.028299 0.918040
61.286428 29.817382 0.925796
49.637181 27.700329 0.926951
60.044118 14.074368 0.923976
64.293500 24.986582 0.926520
54.835947 20.953466 0.924140
52.921592 27.166586 0.928723
66.808686 24.428424 0.927701
62.300660 18.035097 0.926844
52.963238 27.484352 0.925607
65.344359 15.801584 0.917150
60.054774 20.902543 0.917166
51.643303 16.381189 0.923297
61.738245 13.782685 0.925845
67.661273 24.295894 0.932284
43.840415 22.124140 0.928408
64.395343 18.813921 0.925562
46.603994 20.266529 0.926800
57.742822 28.418955 0.931345
52.591438 16.020788 0.919750
58.285910 19.731696 0.928333
53.641432 13.821030 0.923935
48.789473 27.622746 0.928255
64.830640 28.959887 0.921430
49.811505 25.982241 0.921164
38.223920 23.280499 0.927639
38.289244 17.791248 0.919379
60.524991 28.559179 0.920867
55.123511 24.223709 0.932327
75.424459 31.861212 0.927432
42.690587 23.516849 0.927046
48.713601 30.113579 0.916871
46.737034 20.065511 0.932275
66.632203 28.719676 0.926123
47.483936 17.167400 0.924186
54.501204 20.216652 0.926121
56.046783 25.358979 0.921745
41.222496 29.558767 0.924334
67.594020 22.989590 0.918941
48.265436 28.197965 0.922323
72.610014 28.270993 0.930771
54.280750 14.016781 0.928113
43.319326 25.644027 0.918152
58.963529 15.833598 0.925866
43.810547 25.004927 0.927395
61.258898 23.652360 0.932916
55.853749 16.527945 0.932964
75.999276 26.968245 0.930201
45.340710 23.907277 0.925087
58.165547 20.635876 0.920036
42.826913 26.900727 0.917564
53.663372 28.751580 0.932775
57.957307 18.798507 0.923359
43.379251 22.764417 0.917731
58.880086 32.055605 0.928553
64.634644 22.861090 0.920687
52.668298 22.898100 0.930535
46.575208 17.104466 0.918001
59.763049 29.667198 0.921311
52.617535 14.465340 0.929932
38.237107 20.314179 0.923977
37.557422 24.693661 0.930401
54.293732 25.205843 0.919323
41.013209 20.833542 0.932066
59.071413 31.756467 0.925525
71.450545 30.798110 0.928829
59.636853 19.280736 0.923782
60.997590 22.288536 0.920340
55.716042 17.155306 0.932449
64.243364 24.558701 0.932205
61.733455 25.876075 0.931584
43.922592 16.416476 0.929993
75.544267 28.630071 0.921066
42.807404 28.880780 0.924288
61.631093 20.916716 0.932623
48.437355 24.756761 0.919139
59.832065 23.089312 0.916695
58.619383 23.861241 0.928113
59.662430 17.039944 0.918337
41.888363 32.205245 0.924761
54.677215 16.714473 0.922343
49.022991 21.843953 0.920498
53.657334 29.562455 0.924152
60.743485 17.208656 0.916905
38.006504 22.895850 0.927793
51.788577 18.086726 0.920448
39.880742 26.463912 0.928868
60.846870 21.433667 0.917490
41.346450 26.786645 0.931541
57.182833 26.028470 0.922594
48.120360 22.211356 0.921834
41.128250 22.338221 0.923842
75.346627 31.705319 0.925093
45.412867 20.909245 0.917084
58.726234 26.877198 0.926518
68.375591 24.406631 0.922630
49.438501 17.770199 0.922930
52.708390 26.468640 0.923967
61.655312 13.941371 0.923252
45.577122 21.578691 0.930633
63.323468 18.951983 0.917824
50.413503 31.514280 0.929140
71.817616 29.743915 0.918567
56.980258 17.253458 0.930197
59.959834 22.355823 0.921983
70.156220 31.135308 0.930691
45.441369 18.092865 0.931974
75.269719 25.116489 0.929524
61.208873 24.071146 0.931337
69.376950 29.065865 0.927191
60.291660 18.993594 0.926842
39.622058 28.646149 0.918549
67.288265 31.452703 0.921964
53.407486 21.122300 0.925432
38.956353 25.849125 0.927234
55.027711 24.456630 0.924678
49.274010 19.854272 0.918186
65.666539 25.183043 0.919579
45.812947 19.345463 0.922238
58.981988 25.456848 0.921145
65.173332 16.036890 0.927236
49.635851 19.498815 0.922762
45.912259 30.918345 0.929547
61.581173 14.893331 0.926404
45.308914 25.434085 0.918545
50.184600 29.514171 0.931005
67.194782 23.745261 0.917913
57.889974 26.510995 0.921954
52.362033 30.421046 0.929566
53.613763 31.919802 0.922674
41.947534 17.757001 0.932354
64.880151 25.194992 0.926892
62.082759 27.965761 0.924294
44.623521 21.140546 0.929302
36.955381 26.640107 0.929107
46.969111 26.283471 0.928911
59.097978 25.179608 0.924339
55.594606 17.908742 0.917876
72.931457 25.745747 0.921083
68.863789 29.152879 0.921011
73.046174 31.902073 0.920391
50.388776 18.556143 0.926385
43.219399 29.637994 0.924827
53.855073 19.111258 0.920404
73.912353 23.030083 0.917626
71.849976 24.432555 0.926289
56.086764 25.011760 0.918606
45.722098 16.092221 0.925835
57.675439 20.285512 0.933087
49.545357 15.547984 0.932082
53.412380 22.075186 0.932940
38.424208 26.590508 0.930755
64.281418 27.720140 0.928378
66.037414 22.611212 0.922875
53.184517 27.029756 0.924277
48.688946 28.331426 0.920827
51.670354 31.638369 0.925223
49.752824 17.924035 0.921027
42.049645 19.724997 0.931832
57.372294 19.703901 0.925646
45.402605 22.216644 0.932457
67.709739 28.071930 0.925455
52.389847 29.534152 0.920919
69.243387 30.223299 0.916868
46.952239 20.355071 0.928561
63.073483 14.395768 0.928587
62.082700 18.796653 0.926703
57.118968 28.284018 0.932499
50.418481 24.871988 0.918050
60.836315 19.176369 0.926467
64.843816 24.842058 0.928329
60.557236 20.228669 0.932463
62.190556 18.234554 0.931857
71.176141 24.739099 0.933097
62.610401 19.257290 0.927806
52.181338 19.309881 0.928936
69.392793 26.346020 0.921103
50.807799 31.145541 0.931203
60.576474 31.994451 0.919933
36.064312 21.476816 0.930578
61.709599 15.837225 0.932190
47.606113 15.050966 0.929213
55.048030 30.983326 0.924117
61.725199 21.522210 0.925224
58.461470 15.632777 0.931804
36.823425 21.073629 0.924516
65.482018 18.234127 0.917373
39.353042 21.167532 0.927217
63.799386 31.166441 0.929604
64.064520 16.266339 0.928392
39.405202 22.874586 0.921170
42.131425 25.208753 0.922652
63.239517 29.189089 0.925100
54.928353 16.117957 0.927720
38.801075 17.194844 0.923635
46.715286 21.992791 0.927634
45.633697 23.916710 0.924130
67.334035 27.004439 0.928231
54.986296 23.381345 0.930738
63.076826 19.349843 0.927548
54.285272 29.007122 0.929048
36.774714 22.746816 0.916693
45.417687 20.395202 0.926364
45.384617 20.415109 0.927615
49.967629 19.352773 0.930500
62.056149 27.968268 0.924453
72.465606 28.978156 0.924051
51.332324 15.097080 0.932989
41.220308 27.075894 0.929400
63.537894 23.537735 0.929029
37.476837 22.005298 0.928187
74.874180 27.100215 0.920630
56.271986 25.286137 0.922377
63.964591 26.712371 0.925882
59.222261 22.967191 0.932002
60.034989 16.712818 0.917982
60.408081 23.357206 0.926098
36.665645 28.331409 0.920001
66.039064 22.291453 0.932843
68.255516 28.443187 0.924859
47.589849 18.161081 0.916996
63.572665 24.305617 0.923884
61.827747 29.171841 0.919409
60.271781 31.308235 0.919841
41.314551 17.787088 0.917980
76.006229 30.184014 0.921360
58.891863 32.254634 0.929387
53.577731 30.955535 0.930375
47.523097 24.384531 0.925552
46.952875 31.877396 0.930365
37.695371 17.092332 0.921443
50.588167 23.829786 0.921535
66.750786 32.048494 0.923344
43.630337 22.796648 0.928319
72.836660 23.267182 0.922443
58.761750 26.029497 0.927090
45.834426 26.416892 0.922898
51.599156 26.783372 0.921801
38.198922 26.458095 0.928280
59.361696 23.911166 0.931495
70.849109 30.382259 0.923098
58.174250 26.613577 0.919598
43.889237 25.915781 0.919579
52.921887 23.596781 0.928234
39.771189 26.065438 0.930123
54.358221 25.620829 0.920110
49.741723 21.125630 0.918770
52.201922 26.673784 0.916829
64.137723 15.067825 0.925800
73.403068 30.253070 0.933223
46.659119 26.740112 0.920773
50.851279 29.134661 0.925625
55.802383 26.615950 0.927067
64.035683 25.507556 0.929630
73.968063 31.806416 0.918583
44.747193 28.986047 0.919780
72.054635 23.453079 0.928418
54.485874 22.951557 0.918289
68.230222 28.447120 0.922311
63.476380 18.693110 0.924150
51.332857 30.406589 0.921199
54.692196 29.756580 0.932547
56.072659 21.645434 0.929489
64.112528 27.361149 0.923859
56.494536 20.785758 0.921707
59.806998 27.331063 0.927496
46.784020 23.846293 0.930096
62.935336 20.223029 0.919661
66.545971 28.968624 0.930468
50.988427 15.675631 0.924770
68.044618 29.486769 0.931484
43.821428 28.761654 0.929814
38.598121 16.970820 0.922067
53.516059 21.172573 0.931900
63.837105 22.577433 0.921689
75.318540 26.541137 0.930956
50.851985 32.430614 0.918048
62.722102 16.380294 0.924723
56.968036 17.534387 0.917428
43.969218 26.430437 0.919022
60.842354 16.533754 0.920349
50.335726 24.160950 0.932229
64.953258 16.037834 0.920866
47.849939 14.421973 0.930063
41.642976 24.687434 0.917446
58.093684 16.908613 0.932121
75.574888 26.613821 0.923634
65.334306 26.139787 0.926706
38.029254 25.292432 0.919714
47.587207 19.980292 0.928596
55.380910 25.830425 0.924414
61.053795 21.719050 0.923491
56.193096 22.299299 0.925525
63.177576 22.158439 0.931922
53.508651 26.080993 0.928090
51.448812 30.808663 0.923447
54.619539 23.837428 0.928237
62.025296 28.576401 0.923705
74.328684 25.923347 0.927777
47.074121 16.785966 0.929842
75.268976 27.737465 0.929188
55.741994 19.167406 0.922285
50.892661 31.355559 0.930348
51.444323 21.119590 0.926054
48.268359 27.862130 0.921726
44.147744 27.012000 0.926318
66.667156 29.489237 0.928768
47.808782 17.820622 0.928033
43.156016 31.329549 0.918137
58.926764 27.504177 0.920542
59.181292 14.453805 0.926487
53.737085 21.872497 0.917590
47.155470 15.713576 0.929710
65.746782 23.209298 0.933196
44.251249 25.120188 0.927957
56.102608 15.224397 0.928418
54.412398 18.263988 0.921384
41.368754 29.839775 0.928752
67.744772 28.708430 0.931593
64.370141 25.550307 0.931647
52.941077 30.049406 0.919853
61.713682 19.975756 0.928751
57.790619 14.925959 0.925257
55.578182 26.063183 0.922549
46.251160 31.628522 0.931429
48.738377 31.724530 0.931877
40.972930 22.758392 0.923500
44.235016 18.888377 0.918005
45.171756 17.265540 0.925407
56.970087 16.683024 0.927135
36.700845 20.933444 0.923344
49.167606 27.609376 0.925730
49.816245 17.403286 0.918953
52.116547 18.177191 0.925967
66.606730 20.414173 0.925727
61.782922 21.525480 0.925778
60.712941 31.956492 0.923369
58.118331 25.804465 0.927332
37.394067 26.523114 0.918317
73.861133 32.111886 0.917528
73.395380 26.364769 0.920864
48.910087 20.987121 0.926902
57.258786 25.635277 0.918548
51.997109 22.424525 0.918816
64.127959 32.067140 0.933182
52.081495 32.310348 0.928326
63.025148 26.665513 0.917118
68.405441 24.723823 0.927655
51.782510 23.252354 0.925130
61.452022 20.047302 0.928881
42.324583 25.799704 0.927267
53.074852 22.558291 0.933313
60.438937 15.660578 0.920270
66.696646 29.187013 0.929101
74.010986 32.249625 0.931699
61.218100 20.550123 0.921579
59.171556 26.245837 0.923404
60.982813 31.509800 0.927751
46.447819 29.875085 0.919472
60.404433 15.036505 0.924024
43.718118 31.401388 0.929826
60.115572 25.254446 0.932253
65.744146 32.237913 0.921580
64.331605 15.728542 0.926724
51.530721 16.570240 0.924335
43.977730 16.416757 0.923498
75.951334 30.874002 0.921971
61.151010 23.527857 0.925573
49.811940 23.729254 0.931536
59.334357 15.990380 0.931485
57.817993 14.291769 0.917239
65.974866 26.242730 0.923471
47.385425 25.163632 0.928243
56.624925 18.576979 0.919721
65.565301 32.330758 0.926831
59.967277 23.455011 0.920296
74.420958 29.797158 0.919943
46.509916 27.079796 0.929082
55.518902 24.275675 0.927269
58.585066 29.173517 0.925120
37.046660 22.054247 0.926614
47.324091 32.195468 0.929522
51.721294 18.268658 0.925470
62.934379 19.352652 0.916831
65.972356 29.781490 0.928917
70.854448 30.586577 0.927832
74.515518 24.015064 0.932881
46.549246 16.500141 0.931202
53.228440 25.827367 0.929646
66.945932 24.328070 0.928651
51.973288 13.766083 0.928669
45.469989 26.587232 0.930133
56.675184 29.506993 0.923079
42.653027 26.309095 0.925178
56.617148 32.368313 0.928474
48.360023 14.417116 0.917483
43.623464 24.363214 0.921204
48.938741 31.047107 0.925265
51.018074 20.327118 0.931290
54.960848 26.049145 0.927107
67.201956 30.608181 0.925869
75.020149 28.761770 0.919113
47.948464 18.717846 0.925648
72.117911 27.236877 0.919734
74.908192 24.932775 0.923437
67.010267 18.317113 0.921412
55.475210 16.698508 0.923998
73.513754 29.084828 0.921339
54.925867 21.202618 0.919048
56.951894 15.051460 0.919804
57.660179 17.532505 0.930974
38.644205 26.815125 0.923412
49.859679 15.846814 0.927937
73.638914 26.363267 0.925771
62.449086 15.203458 0.931349
53.710826 22.018126 0.925093
68.185215 31.435317 0.918077
44.215085 18.924729 0.929108
42.294940 25.076990 0.927571
50.215916 31.848128 0.918585
41.563933 24.931424 0.922148
43.731917 26.460881 0.923278
37.746732 25.374064 0.921236
74.843515 25.028714 0.920201
64.239627 15.206760 0.928842
49.057086 15.627654 0.924962
73.541142 32.497346 0.926299
63.116426 21.611174 0.921072
72.951109 26.865018 0.929522
56.826362 26.673226 0.931668
60.672988 31.924211 0.928040
75.906979 29.465355 0.916869
66.592490 24.972301 0.932568
68.349225 23.820492 0.922584
64.188744 27.778005 0.929721
74.057359 27.867518 0.931955
39.095218 27.640040 0.922794
55.543562 22.199322 0.922828
65.550933 19.029882 0.920882
44.104293 16.481713 0.927752
55.085324 22.010433 0.923028
39.788574 26.453624 0.924738
75.859413 32.041538 0.923209
54.333377 31.952189 0.917780
42.630141 18.142691 0.931140
53.112338 21.187167 0.931828
64.963300 22.560717 0.922593
55.932338 27.784044 0.919229
50.871586 14.369775 0.919108
47.682837 32.413613 0.921478
40.337581 18.866494 0.933008
59.884913 32.089532 0.928751
42.887881 27.310567 0.921213
52.571829 24.202121 0.924791
51.596564 30.774324 0.916718
55.499820 25.350753 0.926048
63.389842 21.212699 0.928885
35.994570 27.838452 0.923369
62.475507 20.520612 0.929053
63.073691 20.655652 0.924428
38.837798 16.388845 0.926460
56.257516 30.855160 0.922692
64.784983 27.609976 0.929754
65.471327 20.290889 0.930787
55.692951 17.005106 0.931918
42.586800 23.570959 0.928293
53.306120 25.262099 0.928962
63.690285 22.122984 0.928469
50.443768 25.057291 0.923918
66.563310 16.514428 0.931647
58.958678 31.209660 0.922618
56.736984 13.992025 0.925568
68.719260 28.828082 0.918043
63.059572 22.476747 0.932654
52.820449 21.930215 0.923135
48.281356 27.746780 0.925584
55.295006 17.139607 0.928163
70.543750 29.306729 0.923227
70.253847 32.247020 0.919638
46.128371 20.049081 0.929295
36.198760 18.563599 0.922640
46.080965 20.896306 0.923572
67.598433 23.083861 0.928711
59.361692 32.478771 0.926507
38.585740 22.675061 0.927773
57.678329 29.605720 0.929693
50.358044 17.084300 0.929838
38.503928 20.500621 0.922295
37.909733 23.780232 0.918696
50.006810 22.005292 0.930411
61.277242 29.400679 0.928566
69.933801 25.446521 0.928636
51.515342 14.960434 0.924277
62.707293 32.368705 0.923338
75.918324 32.018282 0.920419
52.471145 21.852202 0.920249
44.758355 30.456346 0.922655
60.424045 19.613875 0.921689
36.210222 21.215817 0.931789
51.934711 25.525605 0.926091
42.140082 17.918725 0.922470
42.558115 25.238846 0.926771
43.618895 30.388162 0.918481
57.582433 15.846233 0.925541
63.672814 23.026321 0.919820
47.266273 23.309376 0.920585
74.558584 27.269003 0.927886
61.367020 28.895225 0.920010
52.824207 21.928772 0.922690
41.246141 26.761415 0.931801
69.552306 26.459708 0.921702
53.038868 32.526888 0.923829
43.208767 29.744372 0.928679
59.989166 31.601996 0.922293
57.174312 29.798841 0.918427
54.071831 31.526146 0.924023
53.415829 24.264557 0.919222
53.340056 25.843416 0.924079
46.992865 24.525666 0.922170
51.317875 15.227208 0.923758
57.257982 30.117378 0.930307
40.751725 19.256804 0.920100
55.035478 24.007112 0.918499
48.015913 24.440721 0.932017
67.601658 31.632559 0.927050
59.392268 27.997966 0.932938
64.107340 19.608360 0.919309
62.611562 23.131789 0.927921
46.629001 19.641185 0.917271
72.649504 28.296154 0.932721
60.486122 21.787874 0.922233
70.243007 24.645269 0.932968
55.162322 23.300249 0.927678
43.723125 25.253220 0.923304
57.491823 28.179961 0.928819
74.007427 23.908206 0.924591
45.957700 29.922570 0.930085
39.875834 22.894714 0.919155
47.455889 16.673111 0.926561
66.550033 32.468465 0.921995
52.437761 26.261012 0.932075
58.996815 19.448978 0.918314
61.939659 20.445835 0.923027
51.876920 22.271326 0.916907
56.759767 28.471874 0.926627
57.463011 20.454416 0.918295
55.175859 22.026539 0.917591
48.659543 31.773308 0.932077
42.925312 19.355217 0.924582
43.818686 25.233739 0.917351
43.139091 16.545387 0.927051
41.508371 25.484755 0.920594
40.312214 25.020166 0.927183
61.825352 31.892883 0.928251
54.110815 15.319477 0.927817
61.715340 21.535377 0.923787
69.620753 25.795603 0.918811
74.915967 31.536796 0.919352
67.254139 32.355348 0.931930
57.336533 27.948271 0.931838
40.070020 28.899771 0.917731
66.616601 23.206475 0.919399
49.523810 15.333409 0.922697
67.872717 28.286909 0.922754
59.756213 31.493674 0.922855
43.044734 23.864060 0.928657
49.013454 32.244969 0.923191
44.488453 24.395962 0.917167
60.606491 30.059174 0.924945
60.298347 15.662870 0.929958
37.854868 25.594801 0.923586
74.074046 25.625021 0.927969
55.654642 30.466673 0.923119
59.044122 27.876374 0.925046
59.452677 21.080730 0.933118
53.214672 22.641460 0.931958
44.885384 26.593300 0.925232
48.719855 31.341580 0.927995
47.099513 28.758086 0.922708
54.949442 14.566300 0.929446
62.529380 16.234066 0.921198
54.959773 26.268612 0.923165
60.813488 25.148882 0.921553
41.603328 23.035580 0.924500
44.236453 26.274997 0.929799
65.570344 18.038925 0.919049
42.309303 22.016828 0.925680
49.968569 22.469286 0.917884
47.591337 14.197603 0.918922
53.744507 28.979268 0.919128
59.028976 20.735885 0.921963
46.308697 27.049981 0.925162
54.855539 24.215973 0.919543
58.390562 21.567243 0.928697
53.868575 16.074403 0.933050
71.347324 25.488156 0.926759
73.473650 31.240389 0.931937
39.483555 23.430461 0.923891
53.008633 19.659235 0.922860
54.123224 21.284012 0.924638
60.849639 24.783815 0.917959
44.957388 29.745040 0.927828
54.854915 21.384857 0.932980
62.901727 25.185189 0.924731
65.688129 19.811200 0.927107
46.969247 31.969098 0.917881
48.159247 28.136033 0.923324
55.578095 30.908805 0.921268
66.037756 24.157573 0.931153
72.886872 26.673049 0.926371
52.400586 24.898446 0.931070
44.962702 22.572371 0.921171
50.507196 22.672918 0.921675
38.037949 25.741837 0.926976
42.844755 18.181625 0.929735
49.393666 23.458364 0.926539
45.192253 17.169399 0.931802
42.743311 19.705192 0.926265
74.042851 30.760225 0.918169
55.386934 22.358834 0.922538
59.838449 16.949066 0.923224
53.548399 14.814808 0.917134
50.966778 14.613578 0.916805
42.849420 22.436965 0.919193
40.139829 24.290844 0.927421
55.221433 22.701729 0.927283
63.780391 16.988479 0.918592
72.893475 30.761314 0.917410
58.723822 25.207998 0.930570
73.773600 31.144278 0.929983
42.889186 23.716980 0.928966
49.939863 21.256103 0.919681
57.100232 26.072913 0.921886
46.720375 22.221094 0.928968
57.295447 25.187050 0.928654
66.423179 15.436923 0.918797
58.530400 24.014769 0.927280
62.537805 30.565751 0.916989
52.062283 20.923672 0.924645
51.562209 14.255676 0.926322
64.064048 28.105482 0.919072
44.433529 31.546972 0.932129
63.226463 20.993315 0.922145
42.705010 26.763204 0.920004
60.226757 31.454996 0.919955
65.142563 22.708706 0.923886
58.085149 26.661016 0.919796
39.041717 25.034000 0.919715
42.349218 23.697654 0.929728
50.951250 16.641896 0.923010
38.417264 25.547379 0.918551
71.499777 27.763784 0.916753
64.916381 17.220953 0.919700
47.396587 25.724382 0.920328
69.612862 29.175832 0.921670
58.341826 27.813948 0.916950
42.800265 27.331777 0.920775
38.743735 23.878450 0.917709
48.364269 32.329299 0.923502
38.474097 27.211133 0.929932
55.488762 30.663475 0.926873
60.749715 16.027613 0.917754
57.985187 31.130149 0.922977
74.543100 32.438248 0.920799
61.484059 24.999312 0.926307
65.180555 30.882455 0.922452
40.772920 25.229448 0.930950
63.890458 31.652825 0.931797
37.984859 26.764899 0.929939
58.010480 28.294161 0.924155
50.811907 24.203214 0.923564
63.817945 18.927700 0.928155
53.739056 24.868323 0.926779
54.956282 32.052775 0.918553
38.201958 27.563362 0.923675
62.580376 30.233940 0.918470
59.584441 22.677934 0.929537
61.518394 27.538675 0.925683
51.755364 22.195097 0.920653
66.053884 14.982462 0.917893
44.985781 16.938488 0.926575
63.179101 24.844647 0.916920
53.316901 22.059748 0.918282
51.444368 30.742812 0.924890
72.874801 28.568133 0.931653
70.146076 28.265240 0.929776
41.844836 26.591027 0.924405
75.318389 26.125877 0.922123
52.891231 24.739476 0.932407
54.170610 21.061601 0.920235
49.283924 16.714288 0.917349
56.288069 28.805955 0.919484
43.172987 23.428832 0.932139
38.859960 25.107905 0.918636
57.682645 18.695565 0.921571
51.836815 16.237647 0.925685
55.381753 25.664965 0.929389
47.295481 18.797441 0.927991
43.480847 30.274329 0.928736
64.341774 24.033029 0.922126
54.327637 22.086470 0.924807
47.080255 25.155195 0.929387
63.245595 19.786255 0.918327
70.859330 25.600873 0.919859
66.826803 32.218721 0.919093
60.780756 17.208973 0.920206
50.861702 21.671154 0.925018
71.950718 29.676989 0.918010
45.008860 27.410950 0.917072
52.952320 23.999006 0.929129
62.385183 14.001742 0.923460
63.604100 18.737518 0.921933
47.668249 19.359198 0.930137
65.094068 18.116559 0.927046
52.335721 25.731199 0.929663
70.538343 30.057139 0.926536
68.668337 24.643182 0.926023
55.372221 21.407385 0.927952
42.082252 23.079531 0.928200
43.097462 25.500768 0.932661
50.781862 19.598278 0.924719
58.001218 17.396583 0.922950
69.745388 25.419783 0.926627
57.985500 26.813578 0.916987
60.197408 22.067897 0.932541
54.235190 32.438952 0.932264
75.982340 30.710778 0.920541
45.297826 25.680318 0.917844
55.878332 31.983743 0.917964
38.353521 22.611360 0.926159
64.243609 27.948892 0.919402
40.459573 27.424960 0.920859
46.447778 22.636738 0.918367
67.245691 23.736101 0.917844
46.815483 28.319010 0.920797
64.567451 23.492672 0.927448
60.444321 29.642584 0.931835
54.927269 23.965095 0.921717
63.378460 29.226974 0.926110
58.838486 22.650888 0.921536
44.475221 21.924018 0.920536
74.097690 27.771232 0.927957
41.676963 24.985510 0.933266
57.329847 26.764459 0.922666
46.761103 24.611152 0.921876
62.757450 23.019832 0.916830
47.336756 31.408660 0.925137
52.978460 24.266413 0.918982
68.505036 28.473720 0.917496
53.888321 30.018940 0.923504
60.170844 24.624034 0.929463
69.435274 24.759610 0.928854
45.620072 32.175894 0.920274
43.939387 25.072760 0.923273
40.967964 24.384321 0.933148
47.126007 27.618101 0.928061
37.983274 27.915762 0.917197
63.929044 30.556987 0.927250
72.674709 32.316035 0.929774
44.070381 22.053775 0.919029
49.581751 24.703159 0.922337
45.690853 32.071926 0.924894
47.374790 22.654618 0.929481
59.996430 17.120428 0.929358
61.413264 15.130576 0.917233
40.501853 26.795196 0.921945
50.324330 31.487068 0.917693
61.649287 25.987278 0.929111
67.299605 29.523411 0.932437
40.049433 28.406890 0.923255
64.265372 18.823833 0.927755
50.612394 21.183805 0.928190
74.474547 25.772082 0.925793
38.457745 17.942260 0.918918
52.700766 24.207886 0.929984
69.922323 27.417731 0.929889
60.270206 16.940278 0.917355
58.833616 32.442913 0.932151
53.049855 27.874487 0.931998
52.075983 20.091856 0.922812
73.267802 32.229092 0.932464
75.831419 32.027008 0.932484
47.606661 25.737325 0.917189
50.621054 30.037740 0.919199
54.268383 20.860986 0.917211
37.244046 28.571600 0.918475
37.371630 17.573276 0.925329
51.746069 30.975076 0.917063
67.883342 23.885059 0.918805
66.834822 18.541737 0.931889
53.834710 31.115773 0.931926
62.683516 18.451159 0.930462
68.792641 32.046525 0.919535
55.121256 29.159912 0.920130
59.433140 29.870385 0.924798
56.729547 14.284225 0.931744
62.902174 27.509558 0.922288
45.391300 22.178823 0.932778
52.678951 28.896670 0.930242
36.114918 24.552347 0.933111
55.578703 17.965058 0.929837
58.735398 19.082551 0.930193
41.438318 30.284648 0.926464
47.268829 22.633370 0.931939
42.506975 23.686971 0.931122
36.858120 21.512448 0.929009
54.534028 21.778448 0.925040
75.341619 24.328687 0.933215
49.764501 17.249283 0.930093
57.033099 32.317692 0.930876
70.335022 24.478723 0.917224
44.705214 21.736140 0.922931
64.504951 19.678066 0.926460
51.677327 20.590178 0.929750
53.241942 20.507689 0.931497
61.037903 31.212664 0.924933
69.090962 29.625492 0.927890
56.288899 27.581511 0.925800
55.761335 19.105960 0.921562
54.664711 26.031098 0.927935
43.552455 29.738666 0.922945
67.318807 23.721143 0.919296
54.228191 27.269863 0.917414
37.168499 23.651902 0.920257
41.838254 17.321325 0.926487
47.947735 17.744826 0.923048
42.310193 19.921421 0.929735
63.641604 17.062258 0.926205
57.074382 31.721260 0.917148
42.020052 31.001554 0.919153
66.397578 26.433196 0.927518
46.952897 24.767680 0.924333
52.151333 31.018112 0.926125
43.416171 19.389205 0.930224
74.242936 23.538013 0.921369
46.896488 23.032520 0.919396
72.960565 24.640628 0.930050
70.580512 28.755738 0.930247
63.761095 23.313093 0.923046
55.967480 22.223115 0.928068
54.695503 29.297655 0.919843
39.945435 28.356089 0.927794
48.191050 25.095196 0.933102
56.821578 15.008539 0.921075
73.605342 26.816051 0.930157
66.850452 26.063574 0.918438
43.828816 22.496305 0.922094
54.206548 19.149085 0.922463
69.886917 28.400819 0.917416
54.485782 21.257221 0.921329
48.621618 14.053338 0.927973
37.522242 20.123266 0.924894
41.134066 27.004979 0.924404
54.285856 22.258730 0.925181
47.310470 31.449008 0.930051
61.655129 30.003576 0.919791
69.181620 31.710455 0.922851
41.849188 29.401406 0.931718
59.407125 16.975341 0.916990
54.761165 23.028244 0.929230
57.830357 28.222452 0.924414
47.561191 25.199331 0.917570
63.394707 21.440397 0.924639
47.316929 24.555697 0.932234
39.282637 23.902077 0.925145
55.101113 32.048504 0.923036
53.533990 18.979817 0.921441
61.306213 29.356184 0.923808
40.933689 23.345024 0.923282
54.059863 31.524493 0.924960
58.217672 20.762431 0.923391
39.552840 23.289878 0.931045
40.513139 18.632310 0.929015
48.578888 23.522732 0.917351
57.438825 28.692245 0.918549
43.887125 22.041943 0.931259
59.839742 13.922912 0.920492
47.591257 28.701071 0.930686
50.130474 32.224945 0.918686
53.096025 23.488166 0.921678
66.315755 21.874848 0.927915
45.365332 27.304924 0.922474
57.066953 30.648607 0.923753
59.818324 28.703294 0.927088
56.726906 24.917616 0.931744
61.581391 24.470561 0.926307
45.455034 20.591992 0.930666
47.466950 23.020981 0.929414
58.312146 13.805669 0.918062
75.806759 29.369557 0.918419
58.299055 26.208051 0.928572
54.684526 29.264868 0.927144
59.440915 27.889887 0.932193
53.477734 29.014030 0.931944
65.101697 31.735438 0.929986
39.241300 16.925486 0.923177
44.774772 26.673659 0.924938
60.101659 21.678291 0.928103
66.028563 27.126562 0.932604
57.208174 29.947311 0.926643
48.351630 31.100337 0.926498
56.437100 21.978489 0.919405
69.487039 26.548142 0.920824
51.238931 28.803329 0.922262
74.371028 27.595164 0.927591
58.425345 29.417491 0.921446
49.809027 13.947819 0.916814
51.934436 16.752896 0.921728
45.314169 32.362395 0.927601
62.739861 31.482920 0.931121
50.037794 15.448939 0.929382
63.911384 18.554075 0.922475
55.403853 24.509798 0.923541
55.685895 18.189617 0.930347
54.174266 15.216938 0.918109
72.027464 26.056868 0.921069
48.131781 20.341014 0.926575
61.667440 17.093404 0.923056
41.360808 26.828869 0.932779
54.319300 13.962975 0.931399
75.035130 25.063056 0.919715
49.078687 23.811723 0.927171
42.621548 17.163164 0.926673
51.594843 18.190971 0.926252
48.855445 31.811979 0.928690
41.315913 19.778861 0.929688
49.652795 19.244089 0.924882
73.963713 28.226581 0.926783
65.709139 32.058091 0.923507
69.832186 25.582616 0.919779
48.363490 16.806686 0.917516
46.395833 22.889053 0.924504
56.907543 28.773949 0.924186
60.178901 13.824966 0.923160
60.657845 32.123584 0.916805
64.497336 27.549253 0.922761
42.884506 25.466377 0.921000
50.513374 24.972857 0.928290
42.958169 30.692334 0.920792
57.821250 18.641251 0.921985
38.732927 28.186912 0.929582
58.256962 14.001841 0.918049
42.583528 25.052931 0.931482
45.526932 31.909589 0.933254
68.994159 23.617223 0.925531
46.016597 22.832751 0.924586
42.835480 27.310146 0.922080
52.983234 21.694834 0.925368
54.498267 30.126389 0.924770
74.809131 26.711113 0.928199
54.933675 18.891869 0.928677
40.469847 22.622950 0.919928
65.392613 17.784470 0.926459
70.291179 31.227261 0.928129
46.574179 24.703375 0.929725
74.474001 24.501496 0.922742
55.760008 21.275929 0.931138
61.247266 25.149594 0.929867
63.375372 32.112742 0.926377
45.210031 23.927254 0.925621
69.097059 26.391980 0.927691
64.885652 25.307394 0.929379
49.304467 27.624939 0.917274
70.480160 30.042976 0.924532
68.235759 29.683668 0.921801
57.729152 17.827956 0.926761
57.329518 15.874809 0.919133
52.743428 25.355333 0.933021
63.540978 29.452036 0.920499
56.469775 19.643238 0.921877
45.529587 23.582162 0.930376
44.183923 31.850631 0.917911
63.700413 19.634879 0.931513
38.122257 21.871427 0.931540
56.853923 28.373310 0.926962
48.619775 24.031223 0.929224
51.610211 14.466039 0.921107
45.722292 25.826785 0.921359
70.310280 31.026831 0.928900
56.791578 26.660415 0.931773
57.477199 17.252523 0.928154
38.315358 22.979420 0.929232
47.634807 25.539477 0.922728
39.531589 26.183752 0.920592
49.605992 22.469218 0.930022
51.827719 22.242195 0.918716
51.419989 27.388953 0.931318
59.980112 22.608838 0.919744
54.776665 17.059030 0.923463
38.567438 24.380474 0.918556
52.390898 24.975039 0.917301
46.481586 24.500305 0.922296
59.740978 29.729704 0.927406
59.479722 27.372264 0.932617
36.140071 21.160032 0.929184
62.932463 27.111517 0.923527
53.235385 24.744207 0.918485
66.155549 26.907447 0.929580
63.029199 24.451069 0.932111
48.750650 30.173252 0.918399
57.956019 28.044825 0.921914
58.213332 15.590543 0.920854
49.293808 29.686837 0.929032
59.240986 31.949050 0.921234
67.836056 27.363233 0.921865
63.809937 19.385994 0.926562
43.723049 25.086947 0.925982
46.884764 19.015825 0.927872
58.581749 19.445185 0.923977
45.089365 20.931969 0.922975
37.773735 19.900800 0.929651
39.308944 22.761532 0.924082
57.982077 17.302522 0.928756
38.021521 25.788642 0.922583
61.369827 24.296086 0.926577
55.233216 21.369717 0.917453
47.960915 24.897881 0.918307
51.744669 22.535630 0.926745
52.541437 27.975964 0.932950
40.388335 22.700744 0.928412
59.607352 21.950884 0.925612
48.520102 31.893026 0.932165
51.830969 21.916430 0.922465
40.517239 23.960335 0.925299
46.868802 14.446606 0.924575
75.132236 30.033788 0.932689
50.758650 17.124227 0.927222
41.115726 20.580071 0.932711
73.577063 26.875368 0.920522
47.619631 15.527458 0.921835
72.635450 24.487562 0.930074
56.710821 28.378594 0.928547
59.621370 22.524523 0.928506
53.019307 31.546397 0.918547
52.860231 25.657230 0.930709
74.602237 23.651072 0.924620
64.398411 18.956279 0.931315
64.128839 21.334334 0.925056
49.244186 15.524278 0.922627
63.863777 27.675867 0.922549
49.815748 16.663030 0.930377
66.299099 15.106569 0.929053
74.046587 28.329419 0.922998
40.392341 28.780522 0.917247
68.609270 29.356488 0.933099
57.927303 30.096802 0.917093
57.093916 29.787107 0.925850
41.507679 32.029179 0.923352
62.216241 23.223126 0.933196
71.887971 29.270255 0.928512
54.504285 18.090583 0.923842
60.664226 22.699772 0.922879
49.530873 17.760772 0.931853
41.386832 31.369343 0.928002
38.551219 22.654486 0.927330
72.969844 23.162203 0.920309
58.507960 20.433526 0.924454
56.172380 21.223483 0.928771
65.217172 20.388791 0.920273
48.107637 18.584174 0.927827
56.918565 22.257411 0.925685
45.991092 25.573596 0.925316
39.237355 28.090107 0.932703
69.745171 25.525463 0.931435
64.680922 16.801612 0.920789
47.916530 15.007190 0.931411
36.315625 21.940609 0.929141
43.269784 29.616091 0.923840
75.104975 26.746414 0.931581
66.114108 25.702656 0.924504
59.776837 24.084219 0.924583
45.111964 26.509996 0.919068
51.947289 14.738304 0.926627
48.640353 16.253217 0.921848
43.604588 30.479252 0.922573
54.310065 25.258813 0.928289
49.753121 31.357490 0.930122
39.742211 17.893205 0.929122
53.677410 19.079987 0.917764
48.432527 16.301707 0.932261
53.449803 21.501056 0.930466
75.318142 28.477661 0.932556
55.375764 21.456524 0.931530
47.186307 28.906503 0.925057
46.179980 16.659291 0.933272
53.225041 31.295817 0.921059
53.542446 26.087517 0.921672
70.165136 28.158805 0.926002
49.894500 16.123441 0.926178
66.946746 24.657359 0.932232
59.643873 16.641663 0.930867
43.003831 20.031379 0.926902
42.920536 31.783898 0.929991
75.470341 26.186193 0.919362
36.222266 21.034411 0.918616
50.950381 30.547980 0.932112
75.140025 26.430706 0.928508
57.555662 17.524506 0.918044
42.018389 28.848100 0.928809
55.309673 16.874872 0.931670
46.359293 17.789450 0.919063
58.714047 22.968476 0.921799
57.035236 25.807356 0.923712
44.626791 30.065535 0.925907
75.518039 29.349028 0.932541
38.748211 18.476112 0.925669
55.786924 17.051240 0.931428
36.310671 26.514647 0.932840
58.777226 21.338749 0.930225
47.224547 21.410922 0.927077
68.310266 28.787386 0.927297
74.202329 29.129929 0.925234
48.751526 18.003816 0.933301
53.242716 20.090452 0.923095
53.381049 31.025426 0.926522
60.411552 29.165241 0.932275
61.586032 18.866521 0.928271
75.298791 26.101978 0.923476
65.226335 31.898467 0.928221
57.113273 17.397104 0.919325
59.955393 29.297209 0.926116
38.476627 27.210612 0.930845
55.330562 29.793984 0.916937
73.233731 26.981901 0.929858
36.227922 19.693779 0.924077
56.934684 32.205947 0.919413
37.549642 22.072583 0.932094
73.770718 26.787699 0.923060
49.497462 24.259638 0.922749
73.469266 30.706424 0.930700
45.166670 27.058468 0.926084
62.962294 23.790897 0.926558
56.708333 19.033094 0.930389
56.411406 27.397376 0.925780
41.427670 25.628973 0.924319
40.320431 18.450810 0.926839
55.271567 26.267686 0.922850
41.666545 24.606850 0.917158
49.089126 19.486580 0.923941
48.215025 30.192845 0.920625
51.071755 26.298771 0.924098
59.146051 28.875672 0.921746
57.593136 30.159375 0.931347
46.985145 14.988203 0.921784
52.665209 26.925446 0.924514
73.923182 32.399570 0.920026
40.761877 22.206114 0.925409
53.979248 29.478436 0.930388
59.316686 16.625419 0.925021
51.935361 14.557798 0.922195
36.388610 18.981258 0.931912
41.835059 25.915599 0.921133
48.816487 17.729320 0.925221
62.727984 20.270036 0.931733
68.682281 27.823144 0.924848
45.883745 20.958406 0.925395
56.586000 21.803068 0.926950
57.307123 18.312593 0.931291
48.059509 18.504760 0.931413
44.575651 28.756314 0.931530
36.348218 21.979586 0.929315
45.542042 28.492027 0.925629
60.514552 17.455660 0.931772
42.272996 26.850023 0.925844
56.820044 28.413313 0.926772
61.263041 31.617333 0.918379
41.366488 18.380521 0.928429
54.518381 26.530273 0.927964
60.052899 21.986801 0.926576
69.766383 31.629963 0.933040
62.579376 20.590911 0.927161
61.028325 20.946992 0.920110
50.374306 17.140878 0.931301
46.158403 26.782493 0.929430
53.327664 18.540553 0.926343
49.182809 20.575514 0.921314
68.425503 32.058890 0.918195
41.012644 21.622063 0.928624
57.948882 27.093215 0.933052
46.259639 26.376546 0.923819
45.604042 23.067947 0.931156
41.105609 30.711315 0.916978
37.953388 25.075571 0.927511
73.693215 26.461502 0.930333
61.490563 25.557681 0.930933
47.338620 21.445523 0.926597
56.524314 16.600292 0.917534
64.792655 30.085203 0.927529
65.808554 22.775275 0.931370
45.589941 28.551920 0.930745
55.004841 20.599004 0.921046
56.466114 29.047186 0.920026
50.269279 23.509800 0.921044
37.633427 28.222312 0.924876
61.294288 23.984334 0.929153
61.621843 14.731907 0.925730
49.828137 32.388473 0.923204
40.724765 18.985774 0.931047
49.203992 18.666176 0.925162
53.041982 18.914670 0.922157
58.722977 30.442113 0.916825
66.792660 16.846448 0.926871
52.549884 16.776565 0.931151
48.487576 16.320956 0.919991
55.400095 23.956389 0.931437
58.415701 16.095097 0.927471
44.687307 29.849762 0.919011
52.738015 22.098961 0.916778
48.934641 16.878549 0.918919
57.574914 20.670847 0.922337
75.951564 29.733300 0.924098
51.521855 27.140644 0.919976
62.826440 25.239140 0.927090
44.593281 21.137091 0.924330
55.025597 23.360924 0.931807
54.450455 26.686538 0.927282
37.261827 27.752128 0.927741
49.802722 15.234828 0.921504
45.646735 16.868713 0.921594
46.886488 18.859470 0.932736
72.111196 24.675874 0.918762
51.856171 14.014163 0.928818
63.642283 28.048220 0.930177
59.474016 31.226352 0.931978
65.041243 26.175603 0.923700
64.423338 19.710266 0.921751
64.112308 23.924037 0.921335
58.927663 31.014790 0.918603
73.990067 28.348281 0.929626
61.427493 30.430503 0.920830
66.111798 23.009695 0.930528
50.119699 32.228677 0.917236
67.898333 29.494947 0.931819
64.069470 26.311173 0.920207
73.753255 26.372832 0.924432
57.424978 21.650667 0.931123
53.944097 28.376635 0.919087
74.512491 27.370275 0.927708
62.718583 29.862746 0.932054
51.577129 14.723553 0.923606
51.357366 28.015630 0.927314
43.069761 24.884157 0.930029
51.864004 25.717625 0.926403
54.135466 28.794435 0.932899
38.125035 16.847174 0.930899
47.449672 25.125790 0.922237
60.316169 15.843568 0.923548
59.803851 17.435134 0.924192
57.639836 17.796115 0.929299
64.182781 20.912429 0.924192
36.408980 24.837625 0.916690
57.115724 30.123810 0.932388
39.032908 28.111005 0.922197
51.220280 30.790500 0.924016
62.994228 22.559640 0.928529
41.224542 29.455080 0.929527
50.803697 23.541640 0.920658
59.500188 23.415061 0.918891
54.785971 26.105990 0.928327
54.359409 19.233761 0.916954
66.075923 20.489143 0.931480
50.485257 21.901596 0.927360
54.534164 16.243410 0.920904
44.452992 17.705271 0.929204
43.876798 29.765018 0.917974
55.416063 22.647441 0.921416
52.486743 16.545501 0.927670
44.075338 25.995753 0.917581
52.584018 28.146703 0.930829
54.302727 26.020212 0.927236
47.386415 24.107364 0.929277
73.651312 26.319706 0.924258
56.328888 19.170220 0.917449
57.513132 31.756635 0.919164
68.270033 30.316848 0.925310
61.950734 24.250175 0.922514
42.128456 26.284369 0.923622
58.796302 25.654015 0.926861
38.097709 24.653217 0.923136
64.512140 25.326049 0.933324
36.029084 25.372779 0.918011
44.175429 25.874134 0.922462
55.064786 15.761793 0.930699
41.954584 25.912520 0.931916
72.478301 28.961338 0.922620
49.685345 18.301779 0.920887
62.831472 30.099474 0.930324
39.771472 27.304793 0.920234
49.548105 22.401292 0.921155
51.660650 30.101849 0.919550
52.910444 20.384790 0.920854
70.811986 32.112846 0.923675
55.675315 16.216562 0.926702
45.494490 17.590641 0.917292
41.679507 24.835575 0.919933
62.422239 15.247107 0.923683
69.987559 25.055798 0.919130
43.012722 19.803764 0.926783
73.790802 25.465711 0.917851
44.139922 25.630788 0.927008
44.886416 22.241953 0.933166
39.767618 24.106346 0.931858
52.134091 25.340510 0.931904
64.411156 18.463928 0.927110
53.026710 30.010290 0.919159
36.865812 24.575605 0.927949
61.689877 30.116978 0.918211
43.036049 19.699914 0.927335
62.921323 24.863168 0.922025
37.302447 20.089156 0.931352
57.421163 13.917373 0.925605
65.011322 23.438944 0.931315
69.629760 28.338362 0.923466
61.369427 27.783217 0.921031
60.422941 30.611178 0.924805
36.342953 18.573004 0.927534
47.582817 23.753231 0.919325
53.163068 14.685494 0.929730
41.557991 22.629616 0.923401
47.244631 21.195031 0.921376
75.910432 30.880622 0.923693
55.110779 23.546794 0.927479
59.971123 31.211944 0.917225
61.765372 20.768292 0.931302
62.134340 20.469164 0.916965
48.363342 25.142562 0.923885
74.553399 29.815451 0.918467
67.509807 23.330326 0.932257
59.735008 24.984712 0.931213
57.704633 16.330465 0.921047
58.724453 27.965770 0.920236
71.451617 27.746689 0.923378
64.095311 28.024522 0.920869
55.039740 13.988737 0.919261
62.204695 21.799813 0.918729
65.274386 28.505517 0.916869
53.499225 24.146679 0.929946
52.141698 30.438447 0.927672
66.505180 28.360859 0.918539
73.912468 24.052758 0.922544
42.656086 22.770053 0.921368
38.312425 21.435298 0.920230
54.007798 29.417712 0.931177
48.818713 14.741814 0.917053
54.254059 29.525835 0.928823
44.358026 22.013761 0.917269
36.585778 22.360250 0.923245
49.014960 32.247767 0.922517
69.531370 23.115498 0.924347
58.153957 30.655983 0.928741
46.084851 28.546248 0.930882
54.849225 13.933976 0.920240
61.086431 14.846760 0.933189
55.078843 24.268273 0.926211
48.288124 22.521463 0.921821
64.981207 18.541322 0.931465
61.152947 14.519970 0.926444
64.824493 24.615785 0.918696
64.565868 29.217922 0.924994
68.522106 24.942125 0.919690
51.128784 20.318093 0.922246
53.160157 24.506199 0.925335
49.331459 24.009708 0.926915
54.044638 23.692771 0.918388
64.565654 27.509889 0.926738
36.851433 27.778456 0.920242
45.414503 23.760260 0.928919
54.447520 26.136239 0.918408
44.415212 19.943571 0.920372
48.425307 14.406398 0.922231
52.326247 30.426659 0.932915
42.120251 32.133756 0.924340
38.109165 21.458083 0.919489
61.685127 30.751284 0.924615
45.149436 19.456666 0.924074
59.744476 20.027324 0.932010
72.434058 31.929659 0.931113
50.444508 24.273935 0.932272
50.491492 15.154769 0.931566
45.910439 26.193659 0.920985
56.700516 28.358081 0.927273
51.614573 30.927267 0.921561
54.163632 29.101323 0.931413
61.727275 15.523091 0.922862
38.862849 24.471030 0.922235
61.006360 29.118035 0.923434
59.003265 22.847791 0.930452
50.841359 21.722943 0.925801
54.522488 26.117383 0.930495
62.881941 19.242895 0.926501
54.454455 20.186504 0.927479
60.297086 28.836317 0.920290
72.830352 28.620121 0.926270
62.858800 18.343936 0.919707
74.384662 31.529266 0.921527
41.613816 23.138599 0.924135
47.462058 28.706257 0.920634
48.060487 27.629909 0.931955
41.890369 24.553355 0.927999
45.744510 16.410361 0.920381
66.765541 27.639269 0.929469
43.268791 16.608176 0.923992
42.075549 21.709340 0.929013
51.194141 13.880811 0.923950
51.945742 22.266894 0.917914
43.299253 19.000563 0.921818
53.055984 27.106058 0.931116
67.799037 23.279024 0.926841
55.703004 16.097538 0.922279
47.299935 22.622683 0.919716
40.671955 22.862868 0.920875
53.647680 15.137405 0.922051
47.602798 27.598649 0.931003
57.981507 24.244806 0.929598
41.664917 22.981966 0.921481
56.232764 14.351063 0.924812
52.338248 27.911482 0.916898
64.940897 23.557112 0.922039
62.464776 14.558344 0.917804
53.395185 23.383020 0.922265
74.870749 30.855388 0.931870
73.516885 23.248608 0.930883
55.983394 16.736449 0.920136
55.847346 28.194324 0.921752
62.160753 20.386169 0.931181
60.680426 18.356943 0.932778
51.855073 13.983578 0.928190
42.940513 24.150827 0.932588
43.892154 27.234190 0.926101
37.613765 19.827787 0.932442
75.932008 31.502822 0.932364
61.464543 19.648441 0.924742
66.281447 30.928988 0.928328
60.076462 32.062023 0.923611
71.991447 29.784870 0.921538
58.336572 15.419865 0.932059
46.946489 22.914851 0.932347
54.410321 24.058524 0.922849
69.070304 29.316808 0.927695
62.411604 29.738421 0.918026
74.070167 30.531331 0.925182
60.971781 30.330029 0.930529
44.770556 25.052539 0.919645
51.813164 30.949368 0.916852
74.514342 26.248460 0.928173
46.334626 17.495156 0.931711
54.700062 21.219053 0.928108
49.224455 15.398530 0.918840
65.438550 19.225129 0.926497
52.308777 19.437336 0.930489
56.402653 28.265124 0.929351
39.585665 26.852098 0.927292
57.729353 22.026762 0.921191
56.101010 16.933293 0.928029
44.775807 24.970656 0.920040
36.670582 22.592788 0.928590
61.103954 31.427162 0.928013
60.479640 26.960202 0.917306
49.271427 31.569145 0.926942
74.397731 32.198792 0.918202
40.048194 17.364385 0.928125
59.658643 29.656014 0.929758
52.812925 27.339180 0.931236
65.038311 22.033825 0.928455
75.923730 29.582256 0.919104
73.350597 27.814851 0.924631
49.811451 17.107025 0.921428
45.110798 21.774575 0.929740
67.553935 27.419034 0.925064
69.377613 26.092752 0.917171
64.742106 23.372920 0.923807
74.765224 24.593761 0.916723
38.691914 22.851567 0.928525
58.354132 16.567197 0.917160
54.940081 26.446889 0.924971
65.985885 23.412974 0.933304
62.790210 30.350798 0.931286
64.994714 15.285025 0.920832
75.613155 26.875313 0.920198
66.460475 18.131138 0.922445
45.110624 31.004671 0.918120
48.717767 25.240937 0.926644
39.339342 27.607699 0.920302
48.398984 23.480959 0.917738
74.370249 23.126309 0.929159
62.869152 30.381002 0.926377
67.860079 26.658331 0.925373
57.812827 16.774777 0.927600
61.134530 30.995191 0.923519
67.977329 24.174715 0.924118
42.387259 28.842679 0.928261
57.202911 14.187282 0.926519
46.485229 23.236140 0.930690
69.707583 32.484398 0.921248
51.074616 28.220079 0.922674
62.512933 26.938951 0.927330
67.158604 27.174353 0.928872
51.535705 32.099622 0.932900
56.659573 21.800700 0.917355
73.500321 24.985201 0.927376
47.082214 16.973626 0.927479
56.435961 21.710752 0.922039
61.195341 30.194003 0.921956
48.847297 17.128868 0.920416
39.108490 17.649394 0.931180
44.251315 28.892795 0.930877
65.934120 26.899293 0.925883
39.505611 25.320264 0.921180
56.341285 20.752471 0.925013
63.343254 30.572991 0.920738
47.830310 23.168728 0.919408
48.405709 31.345276 0.927893
51.467338 28.146494 0.926018
48.925252 20.977331 0.927947
61.055087 20.411485 0.927557
56.816835 16.085006 0.932837
48.536756 18.513066 0.929877
47.002023 29.806449 0.919535
43.744231 28.881371 0.931300
52.865011 20.997657 0.920561
47.630089 25.525737 0.923245
53.454181 26.967138 0.922755
73.076763 30.486014 0.920203
36.441232 24.691553 0.926943
37.482662 28.449281 0.932694
39.652747 24.672423 0.919980
47.002600 29.307012 0.925152
41.246136 20.321925 0.925492
43.332130 26.500769 0.929449
46.371879 26.873364 0.917711
46.557652 17.299753 0.917451
56.850777 18.113244 0.919669
49.440222 20.923379 0.922828
66.935217 24.293615 0.919032
45.150094 19.267195 0.920676
49.533477 14.625551 0.920072
54.532011 14.093579 0.917810
45.553892 19.533375 0.922052
62.246757 29.400415 0.928853
52.397245 24.472374 0.922799
62.053009 26.748706 0.928803
42.859800 29.981940 0.920279
43.817765 20.547271 0.917235
65.712632 24.598485 0.924966
53.724824 31.613394 0.917370
44.661205 21.369734 0.918979
58.947801 18.807323 0.918136
55.257411 25.650294 0.928688
50.040816 32.061185 0.922206
68.415078 23.661139 0.918147
39.609072 22.567291 0.927999
51.629105 32.520945 0.918333
69.802138 31.429319 0.917436
48.563214 31.098310 0.927661
57.454023 19.307181 0.924042
60.733470 24.655613 0.928323
49.667603 20.926337 0.920472
75.926047 26.854175 0.920634
55.679808 23.363130 0.929828
44.335775 21.744424 0.921080
48.706266 17.912724 0.919498
61.071713 16.983744 0.928130
41.161240 17.756972 0.921479
53.306083 25.290387 0.918786
57.455036 26.219418 0.916747
40.442368 24.813411 0.921814
62.360915 21.208109 0.932626
73.733493 23.610142 0.924210
57.618273 26.466013 0.930475
70.319186 28.536984 0.930046
63.899069 25.073534 0.922022
57.466502 22.335280 0.930609
71.356295 25.546893 0.932755
71.668416 31.754508 0.923077
57.872534 29.599153 0.925690
43.439484 29.690448 0.924112
68.449243 31.327735 0.931479
45.994232 16.162559 0.931845
52.564504 16.101886 0.916697
68.758564 25.216287 0.919129
72.017402 24.681904 0.920099
37.076135 17.996687 0.933020
47.775113 19.400151 0.923556
70.694861 25.649485 0.923928
46.217100 18.768399 0.926732
57.742305 24.276093 0.922187
56.384624 24.668244 0.920775
60.518449 24.595487 0.925083
55.697050 32.077944 0.918201
65.440210 15.870374 0.918626
37.062231 26.288139 0.917524
43.866223 21.028675 0.932597
41.455167 22.397240 0.923491
46.148590 24.883224 0.920350
44.720454 20.671624 0.921847
64.669729 23.365657 0.926823
63.526010 18.661655 0.922711
57.068733 22.089938 0.931725
55.084832 29.625286 0.923093
58.247569 24.488340 0.932980
76.023575 30.204999 0.917361
38.160578 17.521229 0.925075
57.510641 30.434911 0.928379
58.402293 30.045412 0.925370
59.604910 23.127721 0.932251
55.023287 14.091871 0.927091
59.637981 19.567502 0.917143
40.515808 17.320429 0.925265
56.961693 26.288155 0.930292
73.139022 24.419544 0.924631
61.321269 29.988301 0.932828
73.856705 24.522854 0.931143
55.438041 32.030171 0.923641
59.966926 17.203354 0.928331
60.545750 26.801324 0.924179
45.364007 31.308232 0.922043
55.740470 18.548551 0.921822
56.178218 23.214769 0.918821
66.936398 30.949325 0.917012
63.341238 21.034810 0.924732
71.209512 23.712462 0.930463
49.491332 24.616955 0.926215
48.951620 31.127455 0.927384
56.231646 14.218446 0.918351
64.623659 22.412106 0.920412
65.164543 18.794961 0.929944
55.225190 19.820065 0.917557
61.541752 22.094750 0.927357
43.606192 21.976794 0.923946
44.046112 21.109482 0.931428
74.207764 26.292015 0.932821
57.784113 19.176184 0.923790
51.545737 27.837394 0.920470
52.798982 13.960158 0.923265
45.433230 25.854978 0.919497
42.252729 21.309335 0.924178
55.384868 15.611973 0.928052
49.100082 31.121302 0.932939
60.012320 23.816787 0.930108
72.737741 31.941076 0.930967
42.839189 28.766008 0.929811
49.913512 16.604221 0.921921
55.894815 16.006662 0.930869
46.142840 27.218394 0.921218
55.247825 21.451970 0.918920
46.400566 26.876490 0.928037
66.108130 23.513242 0.930094
60.278755 31.418231 0.923070
70.282570 28.168341 0.927709
53.309543 14.722023 0.929004
73.705431 24.649374 0.921779
42.315223 26.818135 0.920520
48.323690 23.258030 0.926983
49.407644 28.932150 0.922145
52.630263 14.410419 0.925887
53.614336 24.945929 0.929853
65.135912 17.379536 0.926583
66.684181 23.384068 0.932881
50.230445 20.442866 0.920085
41.977807 20.235676 0.923093
70.891952 27.716669 0.928601
51.782027 21.466817 0.925046
58.281928 17.978165 0.916878
56.192969 23.204239 0.925823
55.003854 32.129041 0.932804
49.788036 32.521903 0.918281
38.962151 26.606443 0.921508
61.051348 22.079496 0.920975
53.988829 28.830172 0.920876
58.884099 32.054468 0.928011
56.364226 26.648056 0.917302
61.446294 22.464272 0.921966
61.919326 15.467401 0.931240
60.287993 24.575619 0.927457
58.642564 26.325738 0.925380
49.040512 16.739310 0.919388
53.169409 16.515905 0.917017
51.992696 18.484289 0.916993
60.886390 29.073600 0.926235
68.738571 23.455188 0.927361
59.743042 17.067563 0.920802
55.479132 21.919221 0.932739
56.767393 13.816463 0.927025
57.853642 29.693098 0.918089
47.311182 23.154927 0.927133
62.723049 22.798964 0.922459
43.942736 16.383119 0.923508
54.929335 20.274826 0.931700
49.302414 23.172344 0.931825
56.801762 14.098292 0.924983
41.040267 21.975698 0.922003
43.388205 16.939744 0.924718
59.887443 29.201547 0.931133
63.104447 20.409133 0.924588
54.964018 18.179416 0.930514
49.498032 22.545608 0.928660
52.822167 30.714134 0.922158
68.904841 27.134231 0.920024
61.958807 24.688603 0.923561
41.620784 23.767989 0.920493
47.529794 27.380754 0.932830
47.904245 31.342905 0.930630
55.199165 29.503076 0.922886
62.991557 18.132556 0.927235
60.426319 15.951458 0.922788
45.798647 19.425073 0.921266
43.862419 22.556538 0.921879
43.932799 27.097622 0.923223
64.090807 15.893143 0.924051
65.263281 27.575136 0.929403
61.856896 26.143769 0.921145
42.925499 17.629202 0.926970
66.687208 27.352500 0.925135
46.671427 27.136250 0.920633
74.477027 24.931936 0.922904
45.838957 27.986364 0.923341
58.474492 19.758746 0.927945
37.985920 18.676747 0.920867
57.026866 30.651949 0.924510
49.534684 15.309611 0.926473
62.711125 14.083130 0.917427
72.494014 23.247528 0.919939
39.322818 25.980355 0.925468
44.786055 27.285196 0.919348
47.390165 14.984149 0.926835
51.187785 14.760146 0.931112
68.037429 23.103444 0.932428
55.589879 31.898095 0.922603
40.631921 28.250304 0.925242
57.797178 16.257882 0.924505
54.475212 16.729726 0.919057
55.540147 32.483250 0.930350
47.117527 18.554194 0.920876
57.219892 19.532268 0.921311
65.891969 28.583689 0.923285
42.270164 27.056549 0.924899
64.903150 31.606801 0.921679
49.740693 14.516924 0.922673
41.430531 29.799922 0.924330
45.172365 21.151449 0.927806
36.817368 22.204695 0.920805
38.355987 26.982025 0.931327
54.148391 17.542037 0.919520
60.020882 30.339705 0.917033
68.197800 32.072684 0.920843
37.347654 27.795088 0.928566
61.194537 25.120039 0.930752
55.857254 16.683305 0.923155
47.552870 28.913212 0.919594
50.560678 25.974942 0.918302
57.117224 19.524717 0.921077
53.856010 28.800784 0.925796
49.486985 17.759829 0.930015
65.095628 26.873752 0.930238
58.183902 18.022546 0.932392
52.282426 15.387920 0.920709
56.169096 20.365713 0.932467
68.333165 23.944897 0.922016
44.495216 18.794402 0.918107
58.636648 26.081649 0.930415
56.448713 24.710757 0.927270
70.904927 24.796348 0.930643
38.534887 20.070084 0.924991
64.701885 25.242363 0.920334
55.235777 25.628887 0.927918
63.531408 22.761263 0.932701
45.737977 25.013956 0.917249
45.651009 28.123882 0.922607
42.254475 27.205386 0.928671
37.934394 18.304916 0.919478
70.332288 25.554785 0.918518
71.990946 29.296203 0.930978
47.228827 32.015846 0.926157
67.626282 27.804285 0.921197
38.620392 25.660702 0.927075
41.178788 22.127794 0.917737
55.463528 28.176183 0.930393
68.628824 26.773371 0.923388
43.178448 20.337477 0.923748
66.021215 26.293213 0.922164
51.600096 17.049486 0.919018
38.169251 22.148938 0.931279
54.010473 14.560998 0.930684
45.441961 18.975880 0.932390
49.862710 23.751851 0.921855
40.770628 25.124626 0.930339
53.761238 19.607646 0.932989
57.874169 20.835340 0.918370
51.650158 30.113933 0.931506
66.844325 26.792587 0.922677
48.248336 28.360337 0.919760
53.097032 31.169016 0.919592
40.197257 17.964213 0.922286
71.239018 24.672899 0.930861
54.936685 19.139078 0.931707
57.339766 31.729201 0.926650
47.229981 23.753654 0.932170
48.266393 19.639729 0.924876
49.244391 25.083295 0.930502
70.341194 29.862518 0.928341
54.524582 19.160414 0.923079
58.547387 19.400703 0.929646
48.696480 24.549668 0.920405
61.414731 21.370142 0.923648
38.612105 20.003516 0.929297
37.204804 17.773410 0.921898
59.462206 23.004585 0.925402
48.704988 15.395177 0.919129
55.313240 24.172382 0.926581
61.477153 19.217048 0.917479
66.892980 16.759288 0.931541
37.070334 19.421419 0.929302
47.990143 18.765275 0.922240
52.467230 25.393534 0.924814
48.805223 28.911328 0.920762
71.738764 29.610400 0.932661
55.281891 31.398100 0.927788
66.367582 24.722733 0.930585
43.074520 20.163254 0.920669
68.809147 29.989803 0.916687
72.912850 31.426879 0.923495
61.956869 31.546467 0.916725
49.440107 24.222457 0.931717
53.260530 20.508481 0.933136
67.699801 29.957244 0.922484
58.527421 24.029447 0.926341
75.946820 26.324368 0.918869
43.585303 21.866762 0.925833
50.847729 32.050120 0.929682
61.412877 26.113287 0.930230
39.395367 16.740179 0.927410
43.717684 21.379351 0.920794
45.371345 32.161594 0.929485
51.145180 24.790384 0.918724
43.466605 27.731640 0.922467
57.113660 18.654806 0.930975
54.019237 26.527723 0.924132
46.075704 27.981259 0.931545
56.647394 28.815853 0.926613
61.631182 29.009739 0.932484
61.282127 29.338500 0.921495
74.134857 31.425785 0.923685
61.140278 24.813406 0.930371
51.888327 20.786592 0.926394
36.950153 24.848900 0.927305
45.050270 23.726452 0.932332
51.312329 31.781137 0.919675
64.205730 28.824888 0.928056
57.653000 18.623974 0.926724
48.125905 24.110752 0.926916
57.207736 14.339501 0.924311
59.087179 19.031795 0.932224
75.281408 30.374159 0.932255
39.377254 17.380582 0.921790
42.470723 18.066724 0.917977
60.514599 28.438790 0.928411
69.549129 25.074047 0.925707
47.975971 14.457553 0.929747
58.643549 18.149323 0.929040
63.541330 18.481257 0.923056
69.399659 32.534281 0.924075
56.141373 20.009221 0.932826
49.964158 28.642950 0.929254
46.163716 25.290713 0.925636
52.575710 27.662865 0.918502
73.490089 23.245211 0.929476
52.374846 16.734709 0.921439
67.907647 25.077659 0.929195
65.827603 25.059455 0.931567
74.714930 25.826143 0.922288
57.906541 29.318619 0.931877
44.691320 21.377039 0.918434
65.644790 14.740200 0.927581
49.152699 17.847756 0.928101
63.053818 19.169815 0.922855
42.744935 22.867276 0.923199
41.580866 18.026848 0.930274
52.047076 14.308045 0.921602
45.909614 16.279659 0.918736
48.695870 25.247213 0.927456
42.030963 22.270660 0.918913
57.305840 28.442864 0.929574
56.039027 29.112627 0.932874
55.774043 27.475829 0.917482
65.623205 28.157178 0.922348
52.383169 23.561430 0.924446
44.912633 28.878563 0.925897
40.921288 22.993934 0.927735
65.639371 22.604642 0.919187
55.918935 30.893321 0.919930
42.531414 23.090862 0.920762
41.664745 21.448218 0.923695
47.571444 27.386336 0.932025
59.639469 15.960076 0.930628
68.483017 29.401277 0.931590
66.570191 26.438949 0.931742
52.692972 16.292160 0.921612
66.994798 21.445413 0.918289
56.851755 31.637901 0.932942
45.306033 23.599816 0.921927
48.142039 19.010010 0.933289
46.787888 20.865729 0.921857
58.078986 18.388918 0.924068
48.832873 28.910428 0.918873
60.367040 29.423414 0.926970
48.663178 14.443831 0.917833
49.673951 20.047188 0.931393
38.096890 21.788965 0.928323
39.824488 26.174562 0.923107
44.383137 16.707323 0.918281
75.633886 24.476091 0.925697
74.914219 24.279831 0.921434
48.637070 22.885149 0.928911
61.419254 21.544183 0.925181
50.664256 14.159214 0.930860
74.083244 23.577122 0.918518
48.625924 18.094348 0.932366
43.296291 30.356123 0.920933
40.179785 17.312342 0.931967
72.404111 24.932675 0.923132
63.625351 29.611976 0.930721
54.187817 20.129834 0.925149
65.213826 27.545230 0.932007
67.745861 24.295658 0.919833
42.810723 21.779723 0.926428
38.970133 28.615878 0.925312
52.012759 24.455903 0.919687
53.533818 28.317489 0.924858
43.258019 31.499749 0.932258
75.334819 26.703178 0.929686
49.246929 18.348050 0.924375
45.981978 25.528490 0.917177
53.157711 26.792808 0.925025
48.527591 24.535027 0.919367
52.698947 27.370308 0.925516
61.219487 31.062822 0.918297
70.845471 30.590708 0.926852
68.363024 28.827212 0.929062
56.050768 23.391988 0.933077
58.667693 27.627404 0.927636
59.172451 17.752903 0.932449
68.709509 29.600573 0.930247
52.993551 32.087182 0.932621
36.559027 20.160491 0.918906
38.120861 16.526774 0.925689
55.714179 28.992469 0.927300
73.819535 25.832799 0.928438
59.274979 26.642590 0.925524
63.245627 20.143998 0.918437
66.348620 21.874927 0.921260
42.308695 23.471509 0.926543
64.259111 28.159308 0.916977
55.880901 21.227236 0.926483
42.466933 30.045084 0.930212
55.964073 31.717888 0.922841
55.401678 26.293659 0.923446
58.229196 28.144074 0.922881
43.179076 21.360365 0.919719
65.472050 19.584203 0.917866
58.930005 19.054196 0.926764
43.121994 28.173469 0.922880
65.169429 29.347111 0.917925
46.661761 16.800636 0.917869
37.193699 28.311895 0.931481
64.448420 23.898501 0.930348
60.123243 22.752478 0.928215
65.185288 26.251388 0.920825
58.816291 14.642671 0.930864
71.104176 28.343759 0.921314
70.214727 28.682292 0.920714
38.621173 22.324174 0.918818
58.804544 29.119808 0.928840
72.352840 28.960411 0.925063
50.197454 23.895965 0.931496
46.890231 29.606369 0.921365
54.287633 13.927894 0.923729
57.588840 24.036582 0.929480
58.596293 25.266552 0.932649
73.625362 29.749830 0.919952
52.273869 31.028992 0.923672
36.556284 20.848380 0.927587
64.262404 28.143384 0.917302
38.514963 24.956209 0.917945
38.846557 18.107675 0.923680
73.095601 32.212176 0.919679
47.824964 20.625498 0.928027
66.911925 28.555652 0.927925
61.148431 15.516241 0.932474
62.098766 25.932571 0.929529
56.758006 31.824708 0.928132
42.451842 21.938244 0.924797
49.607747 18.898903 0.924478
50.258833 16.517797 0.920996
53.075850 28.349170 0.926652
73.627147 23.803283 0.918773
62.897463 30.572434 0.929398
36.805212 22.323330 0.920562
60.730633 25.200162 0.927284
59.329250 26.492365 0.925788
66.675237 27.596840 0.931087
49.589363 14.949797 0.921081
64.059064 31.772649 0.924379
52.344455 27.472370 0.930911
38.425976 19.444279 0.919350
42.493316 18.762724 0.921191
42.579396 24.468132 0.917134
58.691219 30.140923 0.931396
59.593571 16.738082 0.924417
39.463392 18.776953 0.925721
41.669656 24.505014 0.932835
73.827476 29.264138 0.918402
53.763861 28.416073 0.921752
74.346675 32.388193 0.920070
47.538486 17.888097 0.920064
40.660994 22.724845 0.917034
58.690843 14.137792 0.920440
63.308236 20.283738 0.919916
59.339565 27.222020 0.922015
56.859318 26.659175 0.932406
54.449550 15.493183 0.928251
55.923859 31.789720 0.932901
52.456806 26.351081 0.916941
55.001796 19.921795 0.920951
46.431941 30.640170 0.919761
63.437780 24.866193 0.917593
64.570816 27.774896 0.926000
56.606864 19.065554 0.921969
48.363024 14.358789 0.917949
53.869808 28.299655 0.928157
42.916997 25.342620 0.925200
75.077044 32.109686 0.922094
37.491256 25.427053 0.931630
39.819260 26.283207 0.932412
57.325550 19.226587 0.923958
38.838666 17.547859 0.924474
73.507871 24.439911 0.918676
51.776496 15.238873 0.918047
44.897030 22.030052 0.916931
44.626695 31.057022 0.929310
51.562324 28.972140 0.919885
66.973363 30.013708 0.921292
44.343081 28.670685 0.924772
50.239323 27.812117 0.927184
45.330028 22.568110 0.927296
46.817867 20.532040 0.921258
55.865916 28.295363 0.930667
66.704897 29.156466 0.930264
57.758372 17.491956 0.929393
56.265726 20.656572 0.925523
47.514597 30.839990 0.932382
48.524207 27.600819 0.930027
56.242334 21.681338 0.920817
42.781235 24.482388 0.918637
52.015672 14.163945 0.926075
60.808942 28.890212 0.926013
52.880742 27.427714 0.926657
57.454308 20.726914 0.930047
53.961433 17.127154 0.929771
55.279948 21.517647 0.933333
71.455620 25.397454 0.928979
54.550847 30.150809 0.916846
48.280808 20.082409 0.919247
47.398304 31.686674 0.916871
54.655245 29.217055 0.923111
47.043986 31.797708 0.917239
56.829175 24.807854 0.925361
45.120648 31.320557 0.916920
43.993798 26.683135 0.922231
53.596747 16.229708 0.932566
70.216929 26.488110 0.924663
64.905067 25.411206 0.922170
54.608600 13.992228 0.929566
72.663731 26.615319 0.922411
43.794100 22.257173 0.932276
56.182005 28.198081 0.932512
45.392531 23.715953 0.923811
72.868470 29.556273 0.927483
54.984769 23.983090 0.932869
72.665187 24.794828 0.922359
59.893305 26.932208 0.920752
65.760870 28.725315 0.925930
42.987202 26.958523 0.920077
41.957623 24.261022 0.920605
63.790907 19.447330 0.926263
55.585508 17.284327 0.918168
41.248551 19.666979 0.926872
51.434059 27.231205 0.929365
75.520633 25.966262 0.919519
67.717726 31.451916 0.919481
70.520685 26.212092 0.927924
55.214609 21.949865 0.921187
65.332491 15.776151 0.923115
48.299053 27.528954 0.921227
38.121881 26.967075 0.928701
45.195350 29.694646 0.923365
74.383105 31.687266 0.933099
52.768440 27.164395 0.931003
55.225916 17.871982 0.931106
62.103850 31.891763 0.919136
60.988281 28.529985 0.928684
45.118295 26.409878 0.925278
37.658770 27.057924 0.930072
54.642589 31.380402 0.923882
61.051684 14.738435 0.930549
45.428372 32.359856 0.922782
47.590705 27.699445 0.929189
59.156172 32.495350 0.918360
47.466967 25.108780 0.920387
59.689799 28.188888 0.921636
55.593173 27.250558 0.922128
70.720689 24.785941 0.924995
45.611392 16.135620 0.931826
62.791663 14.418039 0.930537
64.102626 19.619062 0.920141
60.390766 29.355001 0.923825
55.809111 20.083219 0.930093
50.459644 16.787527 0.925064
57.950679 18.598665 0.929630
54.546046 14.501515 0.927953
58.832097 14.173125 0.929907
43.787614 22.443166 0.922509
69.231611 26.402434 0.919269
45.467324 21.523294 0.923544
57.904291 19.974473 0.926365
64.193324 17.255541 0.919937
56.052318 31.458770 0.920373
56.932266 18.154044 0.922224
44.186929 24.844756 0.923673
43.682664 25.192116 0.931082
55.274787 26.779058 0.921365
68.285150 27.473889 0.921922
64.318077 16.350419 0.917329
56.200241 23.409971 0.921436
46.403856 27.902801 0.918504
58.756405 15.958222 0.918309
69.027745 30.665918 0.923086
47.218733 23.797432 0.930080
59.078886 21.577687 0.925877
54.404750 28.803744 0.927623
65.543274 21.641988 0.919056
47.475777 24.004686 0.922708
75.294622 29.265205 0.933110
57.131518 22.022577 0.931537
57.719240 17.553591 0.930163
45.268241 25.722526 0.918526
65.978732 24.887742 0.920290
63.080553 32.308933 0.926214
55.827005 25.860929 0.920189
69.133441 25.850783 0.926069
36.830574 25.199500 0.930275
47.376101 29.505940 0.918848
62.125400 20.304665 0.926183
58.021482 20.307223 0.930747
45.931420 23.418999 0.926718
70.438612 30.140376 0.931864
60.697859 25.288972 0.929308
52.272877 29.157049 0.918950
42.671349 17.028022 0.926405
64.735296 22.160805 0.918138
49.276518 19.905278 0.917248
43.907068 31.077703 0.932975
60.794322 29.985620 0.916914
70.114272 25.071065 0.921525
50.760972 24.586436 0.917762
45.056826 19.046395 0.923910
73.491652 29.543300 0.924198
48.669480 23.507806 0.923280
65.807951 31.368316 0.919858
48.949821 17.326713 0.931901
40.980000 29.668274 0.926892
57.486000 13.993556 0.926988
44.737868 20.635206 0.919193
56.723497 14.021599 0.926080
63.888433 15.763832 0.926271
75.655805 28.099932 0.929200
41.342358 29.821365 0.932345
44.002909 19.243356 0.919983
50.050360 20.112760 0.917938
74.979218 31.448254 0.930087
56.607093 18.382794 0.918288
70.179626 25.445924 0.927138
46.773851 27.196726 0.919187
37.482408 22.591517 0.924524
60.468028 23.904297 0.926442
50.701671 29.645818 0.919383
38.578714 28.140774 0.919291
52.603473 25.755635 0.920764
56.282080 25.027348 0.926233
36.543408 27.465401 0.932785
64.846533 14.450545 0.917561
68.112454 32.016478 0.919528
60.202651 15.491388 0.932074
63.581071 18.205184 0.925094
63.489727 22.280157 0.927133
38.408479 26.975431 0.930954
70.475668 28.553768 0.924298
59.805571 26.498173 0.926902
64.283997 15.949962 0.931207
50.413349 25.494135 0.930283
56.495697 23.455731 0.921549
58.868092 17.361271 0.927011
62.618308 30.364231 0.919001
69.173452 30.179467 0.918198
68.526288 24.867708 0.924049
44.819357 26.497634 0.918428
59.580377 17.654407 0.931242
55.251553 21.080418 0.920891
75.418360 32.044627 0.929251
59.663763 23.586095 0.918198
58.531456 26.310730 0.918331
60.806037 16.679505 0.917973
66.977166 28.458010 0.923623
63.025956 22.218025 0.922309
36.106649 21.036531 0.919290
58.341322 27.776617 0.922966
49.043431 13.951214 0.921828
46.723753 23.334005 0.919904
58.585635 28.626207 0.929205
65.137061 25.117236 0.919941
60.755392 23.922342 0.933276
73.604524 26.913886 0.922882
36.592798 24.899780 0.917136
48.104728 31.363749 0.927730
56.521527 15.771697 0.923574
60.281042 31.002022 0.921137
56.851542 23.452004 0.918574
62.252567 14.299903 0.919250
53.243083 17.270747 0.927831
49.422439 24.281406 0.928368
64.185270 15.092297 0.925602
59.550194 29.664046 0.923163
58.663963 28.409402 0.925350
41.415255 23.812325 0.920478
62.334369 29.132760 0.929534
64.745780 17.052702 0.922996
73.289729 23.159893 0.933062
68.752982 28.837769 0.921814
48.212678 18.728268 0.931079
45.662576 28.412043 0.926421
68.808252 27.157512 0.922293
52.000898 21.714413 0.922345
50.841455 29.574624 0.919198
62.287471 26.402402 0.916712
53.157039 24.154955 0.932419
62.252448 21.909466 0.924066
66.281330 16.469805 0.924006
46.764560 18.868337 0.920290
50.453767 27.772892 0.932577
52.075758 30.950241 0.927823
59.310691 26.258857 0.932625
53.576102 16.311693 0.930603
37.997963 17.543483 0.921729
38.555701 22.341547 0.918868
58.918388 27.827631 0.926808
36.138742 22.311736 0.927109
54.562393 26.093170 0.929631
54.796260 21.530828 0.928947
51.926102 15.449352 0.928161
73.742876 24.859323 0.929104
43.346964 22.998602 0.924719
63.961326 21.383332 0.921567
64.838060 24.883543 0.929537
53.834494 16.241422 0.919614
59.956462 31.000645 0.927698
54.977969 14.316816 0.933233
48.597068 19.030921 0.918694
41.205805 24.927432 0.925500
39.739341 16.945635 0.918559
72.372348 28.282155 0.917235
43.932927 25.333709 0.925568
36.531996 27.551006 0.926969
67.858122 24.078355 0.928732
62.759129 29.197646 0.924438
54.923237 21.641244 0.921368
50.255969 22.436271 0.931602
52.614306 25.533154 0.929299
66.735905 25.663399 0.929327
57.358365 28.815109 0.927441
59.243734 32.374928 0.922602
57.708431 22.183832 0.927157
64.020939 29.517994 0.929191
53.260209 14.157727 0.932440
55.700656 24.489546 0.928370
40.924622 23.078105 0.921910
70.172053 24.322421 0.919962
39.393350 24.327719 0.932387
50.194325 16.105013 0.928453
66.223787 15.173539 0.929698
58.393602 17.463742 0.931872
63.455309 15.148150 0.930365
53.971928 18.072059 0.919755
66.557153 25.848846 0.928916
69.919671 32.188762 0.918898
36.737412 28.157530 0.919294
36.739872 22.978292 0.931936
66.949217 24.271417 0.930529
37.515980 18.902846 0.921257
57.712326 30.802370 0.930565
50.150308 16.335700 0.923113
49.204592 32.040810 0.930741
57.907729 19.279207 0.918950
72.369226 29.693413 0.929519
36.553016 23.131284 0.930113
46.287910 28.894725 0.932826
60.300162 15.980188 0.919701
70.339351 30.431890 0.921015
63.323554 20.487313 0.923534
54.297376 21.918899 0.927701
52.758057 21.691673 0.924106
47.652327 25.198784 0.917842
40.091069 17.328873 0.932073
37.117703 20.988436 0.925851
51.272054 18.664287 0.924313
71.004684 32.144860 0.917937
48.537968 22.536624 0.919708
55.253428 28.173685 0.932395
61.313680 31.121004 0.919680
53.417761 24.128163 0.928461
48.209324 13.968456 0.927503
71.225184 26.820400 0.921248
63.636365 22.640854 0.917533
60.973732 25.975311 0.918196
41.622794 21.025019 0.929490
65.794317 23.972681 0.924157
40.059775 18.413356 0.918229
57.302629 17.339721 0.922361
49.064010 19.562876 0.928727
51.842530 16.070678 0.921690
66.057947 14.786560 0.917965
41.534335 19.538720 0.932687
51.534357 21.164821 0.917942
53.209951 24.932670 0.926305
59.184287 29.853563 0.920494
64.527666 26.426562 0.919189
49.105898 29.746887 0.921769
69.657707 27.874075 0.930669
49.589230 17.861967 0.929949
50.347351 16.314920 0.929170
70.119450 32.516847 0.933179
67.467245 29.348691 0.921449
59.023060 21.232623 0.923824
66.265740 28.646797 0.925229
59.156665 21.730411 0.925852
50.549139 15.816446 0.922629
65.592741 22.552972 0.932616
75.100135 28.732186 0.921672
59.026851 21.945617 0.925038
57.191387 27.571583 0.930167
65.292949 32.139655 0.922305
67.160675 23.975857 0.927446
69.732108 24.014440 0.921346
63.517182 26.255598 0.925220
54.809199 31.125240 0.926036
46.149753 30.427258 0.924139
64.686330 19.352702 0.930848
69.318668 29.061992 0.921305
41.376624 17.996314 0.926035
65.396608 23.398433 0.931423
58.436341 22.324396 0.916778
68.660534 28.910664 0.932494
51.928444 25.700309 0.932197
39.043551 27.524366 0.917727
50.992825 21.306306 0.925253
56.422999 20.139984 0.926580
74.539224 25.444890 0.933068
42.906581 26.774466 0.918561
60.597821 18.991206 0.927841
41.588013 25.832441 0.925307
57.941884 28.667413 0.933305
62.981733 19.307782 0.918945
68.262029 24.802113 0.917434
46.026056 24.960737 0.932705
64.847478 22.935538 0.927555
68.186001 23.688130 0.920255
67.350253 27.522060 0.922418
40.630067 21.567238 0.922098
58.228590 17.273397 0.919670
72.110886 24.049128 0.932560
61.379792 19.574241 0.924354
39.341219 21.915235 0.918953
69.662546 27.615171 0.931051
66.083637 21.616512 0.921367
65.688970 14.774298 0.928674
51.900481 19.097465 0.930876
46.092221 25.070450 0.923449
52.250607 21.476939 0.928294
64.071855 24.386114 0.931079
53.047426 26.109698 0.918649
48.059017 25.110546 0.920282
42.236444 23.145315 0.930299
58.822420 20.298813 0.927666
54.349501 19.496911 0.926475
47.134294 20.298401 0.932958
56.974482 16.562948 0.927466
57.708408 18.398041 0.923443
52.788048 17.568611 0.924713
43.248661 17.186198 0.922125
45.323221 31.739032 0.931530
73.781983 32.342763 0.925142
52.746821 14.161338 0.926005
41.869283 29.572877 0.917942
67.987386 28.391466 0.918212
43.873110 32.160114 0.922831
58.209990 19.734110 0.927383
61.453507 26.174067 0.922088
52.914057 20.384328 0.923056
60.547088 17.642506 0.919094
53.922089 28.098710 0.929924
57.242550 24.941614 0.922086
63.467498 22.236121 0.929667
56.141872 20.319730 0.932073
56.189249 21.117630 0.931344
68.973104 30.690036 0.916941
48.590417 19.640652 0.927978
50.044113 32.143654 0.928763
45.184761 31.369705 0.928910
74.370814 31.887324 0.919794
56.807397 18.383429 0.926377
42.242996 29.899652 0.932763
75.317287 30.985815 0.930717
46.993346 25.118435 0.929704
54.859861 28.503744 0.928978
46.494926 24.265441 0.924808
73.907026 32.399738 0.921852
55.433813 32.466189 0.917671
50.299037 20.135394 0.929278
44.255262 17.261625 0.927401
60.900832 22.945111 0.921855
54.964159 22.001716 0.931882
47.105798 32.484649 0.926214
38.010789 25.797988 0.923372
57.070140 17.078044 0.931913
50.434119 24.891757 0.919539
36.659133 27.206799 0.919220
43.463577 25.465656 0.924512
60.949236 24.178621 0.921818
52.171790 24.684417 0.920403
52.887157 32.017754 0.932446
36.799668 22.579363 0.920140
52.793305 24.707093 0.922793
41.849449 21.188000 0.930977
59.270769 22.116309 0.923763
65.876866 28.577013 0.924329
57.303934 14.410738 0.924821
39.832988 27.065826 0.932330
63.119739 18.616476 0.921767
40.748342 28.323516 0.930825
58.162905 18.529004 0.925308
48.117099 31.015870 0.931448
62.777266 30.409128 0.930187
53.513132 28.469147 0.922012
41.654188 22.062512 0.928471
75.241690 27.805142 0.924871
55.512844 15.204018 0.932035
70.334357 27.411014 0.920262
68.158713 28.575171 0.928538
74.929577 32.260161 0.917865
58.389258 18.504431 0.931013
48.887781 20.618057 0.926598
70.749757 28.501127 0.922546
41.351641 29.726254 0.922261
47.038743 23.091984 0.925642
54.472055 26.236195 0.930937
59.219305 27.074356 0.933005
58.815461 31.211967 0.924237
44.725053 30.218227 0.920563
61.237843 27.826920 0.927346
65.687238 26.471849 0.924587
47.347534 21.391035 0.924547
54.205893 25.104691 0.919876
55.454871 22.594830 0.924371
52.949125 24.598977 0.933196
45.508208 26.018642 0.927226
42.817585 27.741907 0.923377
48.172813 22.072712 0.929060
74.215398 31.445889 0.921537
59.710056 16.303210 0.930676
69.323714 28.938662 0.930003
49.508228 14.886559 0.923889
38.077657 16.932978 0.922244
44.399003 17.132080 0.924042
39.960504 26.609173 0.932398
64.570853 27.504007 0.925255
60.047752 28.093228 0.923349
49.869517 32.295524 0.923418
43.621024 17.975903 0.920045
42.793449 17.120029 0.922889
64.909343 26.974308 0.929043
60.096780 30.556695 0.917490
51.821949 32.413548 0.925524
44.066832 19.714041 0.925353
42.600777 32.309212 0.921018
51.727268 21.960628 0.919697
61.797497 30.851572 0.925621
43.780310 28.522003 0.930383
56.750112 19.295709 0.919274
42.890078 21.711852 0.929819
62.395275 30.536394 0.922763
38.413492 18.400165 0.925159
74.590626 25.222193 0.928853
54.978505 16.259638 0.923524
55.276241 23.190413 0.931618
36.648778 24.822907 0.927888
54.869755 22.296721 0.927518
55.607955 29.480647 0.919785
45.331245 20.276686 0.917777
47.345192 29.516322 0.926987
53.275613 29.507044 0.928847
57.417222 32.048928 0.930361
66.157596 16.974943 0.925217
62.364450 31.931381 0.925267
53.965164 28.879250 0.930213
41.436859 19.426125 0.928771
43.251047 31.424289 0.921631
53.067962 28.251683 0.931215
41.879545 31.964663 0.920682
54.720437 20.065436 0.921696
62.254589 24.113244 0.928900
47.335338 24.642540 0.928954
45.192821 17.612464 0.919849
40.837968 19.069728 0.923679
55.197391 28.348128 0.930823
50.833748 30.763557 0.926510
42.994864 27.170644 0.920843
52.829578 31.275732 0.923122
56.918952 17.567921 0.929962
59.996430 23.956121 0.919807
46.234791 16.925804 0.927882
44.158116 21.888929 0.932069
38.966250 26.747717 0.922264
52.521596 24.065074 0.932650
74.277115 25.658389 0.923385
48.084848 22.446801 0.918667
72.251277 29.188115 0.918465
52.594317 29.674274 0.925247
66.722888 20.351647 0.929425
58.512409 29.481920 0.931513
61.500079 24.881988 0.924075
54.722573 30.465806 0.920340
44.944303 31.761652 0.932070
52.766946 28.224662 0.927700
70.945483 27.332880 0.922440
67.557566 30.615834 0.919513
58.958834 32.009130 0.918906
69.024026 24.203805 0.920369
56.714143 28.350035 0.927494
61.284629 27.092367 0.930198
57.375804 21.843603 0.919946
51.460001 15.413168 0.930212
72.816188 32.414526 0.917080
64.839552 25.430955 0.932353
42.467759 24.469939 0.932885
43.695328 21.091689 0.917016
62.514506 26.609304 0.922857
51.037708 28.683583 0.918358
64.540711 15.717505 0.927077
57.986184 17.764214 0.919663
52.006582 16.246124 0.930280
70.382327 32.445315 0.926492
55.024949 23.333671 0.930557
55.754299 19.966797 0.931058
43.683112 21.974437 0.929731
59.019360 20.509208 0.917653
51.067546 15.507360 0.924580
45.737019 25.914180 0.926723
52.045415 28.236275 0.918023
37.078620 22.166358 0.923581
62.632012 29.337773 0.921883
39.047733 27.307398 0.929017
45.433141 16.722666 0.919622
52.132563 27.767053 0.921600
46.602822 25.367288 0.921787
54.695535 16.150105 0.916783
55.543500 30.731160 0.926916
54.226730 21.491051 0.924811
54.695757 20.526424 0.931964
50.621372 29.541535 0.919300
61.552632 26.153044 0.917192
63.290746 29.147280 0.924950
54.105402 15.146006 0.928153
61.279237 14.117605 0.930543
45.909882 17.175844 0.927086
43.651471 16.632575 0.923091
47.334116 24.852222 0.926374
56.856179 14.295526 0.925025
51.708481 19.142659 0.930086
36.622579 25.196193 0.932262
72.801485 29.637769 0.922518
56.139895 14.551963 0.925014
50.913765 31.401031 0.919591
64.898273 22.607285 0.921207
59.910197 27.281561 0.930042
61.208425 28.651331 0.922117
54.878427 14.082420 0.920680
37.589450 17.211576 0.918061
54.760182 23.864918 0.922882
57.803015 23.970228 0.929262
52.460562 14.459409 0.929748
36.867040 24.577611 0.926564
70.270396 31.049069 0.930230
43.316877 24.536261 0.919204
47.902745 18.602527 0.923604
47.116279 24.574916 0.923312
73.810323 23.671545 0.919294
52.937107 27.720255 0.922127
61.816003 18.299523 0.931777
46.779243 27.696627 0.928658
62.456425 19.091277 0.924258
51.324869 17.666601 0.919598
70.023166 32.078249 0.924124
38.656802 27.040781 0.929208
69.438886 26.477391 0.922049
50.611579 16.399797 0.921510
66.533381 16.779479 0.925579
67.182879 26.178343 0.920241
42.693443 25.463629 0.925156
54.220191 28.875291 0.932216
41.881766 25.791273 0.932670
50.421866 22.542038 0.918957
66.830029 17.225773 0.922999
48.980395 21.819698 0.932178
72.627849 25.834823 0.921273
61.579020 15.099408 0.928258
62.589980 19.566209 0.919213
45.036899 22.509146 0.918559
60.764114 26.860617 0.928741
42.306338 17.629759 0.927192
55.021194 21.600120 0.927853
64.161922 32.182403 0.923637
56.398611 19.840580 0.931174
49.815344 18.567265 0.930963
69.013845 30.670507 0.921885
49.273096 18.635603 0.932972
45.254626 16.176258 0.918620
54.945763 24.701779 0.922411
71.045534 24.114547 0.922491
53.688470 17.503204 0.924627
64.655592 22.519367 0.918336
36.607723 18.571623 0.932487
36.053151 25.698469 0.932864
40.827248 18.975916 0.931254
55.203772 18.081566 0.922471
47.333366 21.291057 0.929609
49.634493 14.111630 0.916720
53.878976 27.916843 0.927188
44.406700 21.384271 0.930120
44.006564 22.131946 0.932166
50.462108 23.327846 0.926628
59.887510 16.358778 0.930346
64.605002 31.581757 0.929171
62.467349 18.807531 0.927245
64.818718 22.504174 0.920570
55.306732 15.724961 0.927058
41.493378 19.801508 0.929839
59.429573 26.860896 0.927265
60.055494 13.789681 0.922256
64.171330 31.614180 0.922775
68.152541 29.477604 0.917333
42.329058 23.428544 0.929095
37.166020 19.744822 0.925473
66.393418 15.423608 0.921111
66.415172 24.581081 0.919060
68.618862 26.327312 0.924465
36.929197 26.138255 0.932805
74.864585 23.400804 0.927488
45.448088 20.560225 0.917871
48.576038 28.317119 0.923763
55.357463 22.120889 0.932179
41.653617 23.869106 0.925355
71.099683 24.237601 0.918786
56.762953 32.099411 0.919284
43.367481 20.987605 0.918705
39.077185 20.885222 0.924474
63.178200 19.279225 0.928466
49.428284 22.590638 0.929007
62.792703 14.415902 0.933147
71.066206 24.754069 0.930545
57.572884 17.889460 0.928664
64.121161 24.208078 0.925921
44.174925 28.947768 0.922288
63.897881 31.646276 0.924234
56.314066 15.614606 0.929361
37.034345 21.283131 0.917829
53.050023 23.387861 0.923325
75.016252 27.947273 0.919258
64.650945 22.851416 0.919750
41.497358 22.320096 0.922102
52.959787 28.579066 0.932718
59.154456 16.259741 0.930687
53.643349 31.557403 0.920276
51.543358 13.992134 0.918425
36.175788 21.081311 0.918911
59.418026 17.051841 0.920080
39.976731 17.754520 0.932671
48.573462 24.170273 0.924688
57.847344 18.304019 0.925060
53.271378 18.596862 0.925055
38.976821 20.799705 0.924131
39.160697 26.789359 0.926837
42.258831 25.838217 0.925034
62.345991 28.943226 0.926847
58.009353 26.816256 0.920168
48.730387 24.074425 0.925294
57.153060 14.242496 0.927481
42.782702 25.561852 0.921241
47.448714 15.162386 0.928716
58.540577 28.614392 0.929159
62.588155 19.736026 0.922070
67.037175 24.159162 0.929016
54.690894 29.282939 0.917178
45.909899 23.971399 0.923151
70.125893 31.052865 0.930997
65.560608 20.437122 0.921560
37.236689 25.313094 0.923769
54.812245 26.623759 0.924184
51.369897 18.776882 0.925615
53.191128 13.788690 0.930920
39.843021 18.107355 0.931859
60.135026 19.890711 0.921268
52.586423 30.613216 0.920343
63.661981 24.121272 0.918292
66.877784 24.471076 0.920908
67.438743 28.784735 0.922656
62.143741 25.687852 0.931090
52.515152 24.858524 0.923730
58.275544 22.348238 0.931700
51.105099 14.519015 0.919416
75.909882 27.365574 0.926284
52.869496 28.474554 0.928009
46.141257 23.707278 0.927915
39.323207 22.895659 0.919549
55.413075 15.730324 0.928431
36.201582 19.878112 0.927991
44.503364 21.125203 0.929235
59.181794 29.228337 0.929277
64.592115 31.442925 0.924692
40.882671 23.098578 0.927457
45.154171 25.780556 0.931359
45.390107 17.005679 0.928850
63.827883 29.783756 0.916792
53.442293 21.156747 0.919586
74.590162 24.608114 0.921417
37.278839 19.379399 0.929443
59.009760 31.822234 0.926457
61.050332 16.378046 0.923057
41.460916 28.864678 0.931416
51.231968 16.690188 0.918925
40.334216 20.918956 0.926667
51.904498 26.030800 0.924992
55.209314 15.843472 0.923693
67.968983 23.893155 0.930899
52.034612 17.961734 0.924205
54.878758 29.107821 0.923362
38.485778 22.132029 0.926199
61.077927 27.533727 0.931942
52.010027 31.550775 0.924594
62.344227 28.962315 0.931574
39.568276 27.178187 0.922081
42.526811 20.579595 0.923214
75.810831 26.137581 0.931283
64.935575 31.425511 0.921510
39.159865 18.492226 0.929274
70.390527 27.653974 0.926776
53.129556 24.653708 0.928619
74.487046 25.580914 0.930348
55.430675 16.154920 0.919989
48.709733 19.192982 0.922428
68.412258 27.301107 0.924520
58.488255 25.208159 0.929210
66.879564 26.491056 0.923885
53.937605 16.430327 0.923393
37.613480 23.016214 0.932922
37.318181 28.138355 0.927367
54.379236 31.985780 0.917575
48.037287 24.331706 0.920260
53.044585 23.282033 0.925024
60.866781 15.854118 0.920363
64.693485 22.855466 0.931792
59.748522 17.080923 0.919711
48.767601 23.703230 0.921666
71.474125 25.698382 0.919238
38.297156 22.998881 0.929362
42.996126 21.966854 0.933257
64.313975 14.998086 0.918474
37.752141 21.566971 0.927268
57.213724 19.636082 0.920773
68.426155 31.663612 0.917357
41.391131 27.265411 0.925528
49.383649 19.335206 0.921781
52.339001 27.906312 0.931575
42.511892 18.751609 0.923131
68.666746 27.234747 0.917985
62.016382 21.268161 0.931274
61.084949 21.454369 0.926069
64.666730 26.919529 0.923146
59.616152 31.959233 0.923566
37.361552 17.056364 0.925933
68.270284 32.003969 0.917001
68.851249 27.378423 0.923737
50.972675 17.720849 0.931086
67.788342 31.701857 0.921946
74.547161 25.638726 0.926953
41.798880 21.454135 0.932540
59.709533 25.403450 0.930398
48.416291 27.572975 0.920904
45.410855 19.566496 0.925906
66.124992 14.711760 0.917286
36.542753 19.170849 0.926385
48.134993 23.631086 0.919465
53.283434 24.886279 0.925565
57.085831 26.556764 0.927402
46.050806 22.101804 0.923584
50.354271 31.431123 0.928334
55.115641 15.805555 0.927888
59.625489 15.925092 0.923754
64.420842 14.739723 0.932066
67.186388 30.079166 0.924931
37.439828 24.934256 0.929253
51.429183 24.966666 0.923140
60.242883 22.414712 0.925097
49.571461 14.808914 0.933143
40.429275 21.826783 0.931104
55.956421 26.299946 0.919366
41.584234 25.699976 0.924983
52.710885 28.397413 0.929755
53.662121 15.113316 0.917670
48.169376 24.266502 0.918526
47.333346 24.670362 0.929258
51.763384 24.634451 0.918595
63.916205 21.280562 0.925635
69.243991 26.393870 0.921276
41.065074 26.543771 0.931713
48.812587 28.346063 0.924870
56.505895 27.891617 0.932706
73.641792 26.504912 0.929077
44.191949 25.495094 0.932318
54.964850 18.114901 0.928212
53.620972 25.195859 0.932234
57.650548 28.045208 0.926039
56.205425 25.592383 0.917628
59.681590 30.884484 0.921408
65.288173 17.422702 0.928779
66.730646 26.052315 0.924484
50.914295 30.952573 0.932000
49.740689 16.077833 0.932782
55.860324 22.925613 0.927765
58.511167 15.666577 0.931881
59.447194 21.287209 0.924639
44.863935 24.987938 0.927595
75.568288 24.768825 0.918378
46.495361 23.501973 0.928142
49.757272 23.798970 0.929477
67.466129 29.505224 0.925580
54.380632 15.394759 0.917540
56.211373 14.350978 0.928974
41.276313 20.130257 0.922707
52.634066 30.867153 0.921711
44.616036 31.454338 0.922478
49.029149 16.050725 0.917390
51.830866 14.933007 0.921561
43.942471 24.464005 0.926373
63.333577 18.550314 0.923431
68.654523 26.342123 0.930619
52.029506 14.723748 0.932635
45.168374 16.260441 0.922488
51.316352 25.332273 0.930096
48.649118 22.237669 0.925131
72.779401 30.435333 0.932134
49.517042 14.818542 0.925774
73.031743 30.895422 0.918840
63.009273 19.291361 0.927569
55.707306 23.692281 0.932918
58.669131 25.360060 0.917769
40.843721 23.009948 0.924470
47.207115 25.007034 0.929823
71.287803 25.621261 0.930971
56.046068 19.939007 0.933234
63.531094 14.725995 0.930600
56.619197 29.407715 0.931646
49.122562 29.096622 0.923574
75.323815 31.539074 0.919446
43.344193 30.588752 0.922830
55.199035 30.693644 0.917888
62.387026 17.738019 0.917701
53.409869 15.108012 0.932378
72.044682 26.132851 0.922683
56.642148 19.283586 0.930921
43.412367 29.364518 0.922911
55.114105 28.953803 0.931283
69.846556 23.595882 0.925442
49.266146 24.710285 0.918763
74.484093 29.207429 0.930626
44.267996 25.794868 0.926630
36.764303 24.732517 0.928471
55.219161 14.119460 0.918047
39.158004 22.543936 0.926268
50.896143 24.970990 0.920729
50.226134 27.459880 0.930957
44.655213 21.762339 0.922564
61.661774 19.428038 0.920820
40.761024 23.179324 0.924765
44.671361 28.567157 0.927429
40.200449 27.786403 0.930748
62.137914 24.091212 0.930179
55.305523 16.095041 0.918734
55.206274 28.406316 0.917510
53.774197 27.529024 0.931528
41.194111 22.950229 0.921096
69.482467 24.991574 0.917955
40.605129 16.973911 0.923808
41.242576 20.621780 0.931440
40.940925 24.673820 0.918944
42.157901 30.435271 0.918675
57.104968 17.231425 0.932753
47.574864 15.762675 0.919969
43.547401 23.146482 0.926005
63.220817 24.420440 0.920528
49.636689 14.585626 0.920977
69.174591 25.744986 0.926083
38.494961 22.716711 0.930770
48.566704 31.015187 0.926233
48.197413 20.013684 0.922588
56.708746 25.909087 0.920942
63.375577 15.540207 0.932028
35.951318 19.074242 0.919058
62.882725 23.978869 0.923022
68.986374 28.726238 0.922263
43.365951 21.412075 0.919430
42.682687 23.588477 0.923307
36.115762 25.505979 0.920706
60.014021 14.087412 0.930985
68.436156 28.358749 0.926886
56.481397 27.775466 0.929890
43.852562 26.666002 0.925086
69.091018 31.513148 0.921574
37.041243 27.891781 0.926974
44.400843 23.404768 0.932597
54.087193 28.958549 0.922956
39.915442 27.531916 0.918562
49.090335 16.305884 0.919475
36.379273 27.846835 0.917077
46.838322 16.108228 0.917832
63.044723 14.479308 0.916835
63.985771 26.640000 0.922956
53.519729 29.474795 0.926136
53.272117 23.490379 0.921459
43.505435 24.522451 0.924813
48.266112 19.126533 0.924689
46.732685 27.210733 0.918304
65.835204 23.265866 0.925303
72.848384 31.193047 0.917250
58.245429 21.352682 0.931155
39.560345 26.757981 0.922679
44.877760 22.754362 0.930069
73.870741 29.618669 0.925306
71.427787 28.076035 0.921496
48.029184 14.772636 0.924939
74.797507 30.683711 0.929948
42.241818 27.152697 0.928605
65.369650 21.841354 0.931558
64.287806 22.653197 0.918856
43.312175 24.545348 0.919648
57.468599 22.304596 0.930150
56.152737 20.494077 0.930238
54.717481 29.761159 0.922072
65.761076 23.415558 0.931164
44.469610 18.721204 0.927588
54.845979 21.958163 0.924970
50.033399 19.385598 0.922373
43.228923 16.499470 0.926132
44.594031 17.750669 0.928724
74.163607 27.807872 0.933263
44.508257 25.775423 0.919690
61.941541 25.955833 0.926546
61.463944 28.381072 0.932081
57.724364 13.826374 0.928964
43.581660 25.412074 0.920929
61.222053 13.956035 0.929648
42.081753 21.849523 0.926669
36.821105 27.548531 0.923946
45.248970 16.660744 0.928562
41.318772 25.613201 0.931288
61.128597 21.615401 0.926755
63.216046 14.137228 0.928704
47.759998 20.023069 0.931636
65.154126 23.902015 0.922743
61.919261 29.390510 0.921513
43.926781 16.838193 0.933277
49.365429 24.490554 0.923481
52.155568 25.432500 0.926521
45.651410 22.063367 0.929956
54.254764 19.074408 0.923721
58.540181 14.722397 0.920331
60.905402 17.190472 0.925546
61.807966 28.122512 0.927422
74.009525 26.343096 0.925531
48.785350 24.502321 0.924358
52.864180 24.388211 0.930800
37.401353 21.802270 0.931985
39.127292 28.395996 0.926384
50.763999 20.674280 0.918130
46.080493 29.072089 0.930896
46.707789 17.519385 0.925327
52.891204 22.124294 0.932433
47.050024 16.844125 0.922661
56.969410 27.963216 0.931834
53.570669 28.939495 0.919318
64.080156 17.003970 0.919241
65.162706 31.114702 0.922733
39.880045 26.494454 0.929207
63.344038 25.543918 0.931582
59.717136 29.170381 0.926295
61.341580 17.796849 0.922692
62.663196 18.991536 0.932119
39.099140 22.204810 0.921746
52.367056 25.786543 0.932422
38.709796 28.183860 0.933099
74.246561 26.781332 0.925749
74.095588 29.962965 0.917591
37.031537 24.933680 0.928567
52.545217 28.308740 0.925189
43.031375 30.081766 0.929676
50.525035 17.697899 0.931802
68.213875 31.417913 0.918359
44.501463 29.841358 0.919914
63.276413 29.244165 0.922354
50.900013 15.864792 0.924180
74.901854 30.710033 0.930988
63.162972 21.654460 0.922752
37.135884 28.255244 0.928450
41.009899 24.724216 0.930415
46.662992 24.933881 0.918569
46.154271 19.889469 0.926779
47.969752 17.260905 0.921451
44.045354 27.290120 0.927927
39.493565 27.399183 0.927810
60.402655 22.100615 0.920622
53.630390 24.763824 0.919612
53.739406 16.756501 0.920452
48.525328 29.480617 0.920060
43.882567 23.258978 0.920485
50.532267 26.183742 0.926103
50.133027 18.742032 0.926607
42.935725 24.679655 0.918158
45.164412 27.083464 0.926108
51.742949 22.000000 0.918398
69.351683 32.357416 0.928669
44.575613 26.327911 0.922008
52.037211 16.516507 0.932515
45.665986 26.204978 0.921083
67.886184 23.073023 0.920888
74.526390 24.535592 0.922062
57.422282 17.556244 0.929740
69.739070 32.368613 0.921649
54.789858 29.066023 0.930614
59.299511 21.425156 0.929033
59.728900 14.319327 0.917282
43.781674 27.335988 0.932666
51.975179 16.693633 0.920876
64.458504 27.823104 0.925470
61.743164 29.141419 0.929592
52.506895 20.836103 0.925155
47.416155 24.141344 0.926922
44.558194 29.387227 0.923932
40.984470 19.412870 0.929933
60.982271 20.930498 0.921026
44.606352 25.887964 0.921886
63.841204 22.393633 0.926102
57.068648 19.771329 0.926902
41.003412 25.000068 0.930538
36.621526 22.273253 0.919892
54.762863 21.698793 0.916689
56.864764 14.341030 0.930375
47.697875 32.520645 0.925574
67.233642 23.243793 0.932839
65.342168 26.967160 0.920226
64.095257 25.969593 0.917111
51.621531 27.043529 0.928218
52.980845 24.974954 0.918242
67.020598 27.840164 0.920157
56.732901 17.343339 0.932613
48.980277 24.538977 0.925279
55.330722 24.054572 0.918171
58.922588 21.953603 0.918257
51.950726 17.269636 0.922250
55.713055 20.277749 0.932943
55.398719 31.895552 0.919542
59.752582 29.158279 0.932608
56.557964 28.982749 0.922151
40.818738 18.364750 0.930328
50.538628 24.563619 0.918305
62.333361 27.573017 0.928439
38.641172 19.732562 0.929523
54.947768 22.113444 0.928328
60.822626 18.460947 0.932556
65.802560 28.372262 0.930239
55.497845 28.132866 0.924033
48.522811 18.587933 0.929950
41.997931 28.919133 0.928267
44.693483 23.479172 0.926180
58.070683 24.240047 0.916980
45.083119 18.577511 0.927037
47.901146 15.024583 0.931214
65.969877 24.469728 0.925395
59.719984 27.443944 0.928183
42.166822 27.137284 0.929439
48.268837 21.669639 0.931220
75.407347 30.332820 0.918191
51.150483 24.270429 0.930580
61.534176 24.204107 0.928647
54.553277 28.385021 0.924588
66.944206 29.575318 0.920773
42.107597 19.082045 0.924165
53.311964 31.144693 0.931396
54.640345 22.803091 0.920217
43.053805 25.676578 0.921650
39.881302 21.079218 0.930544
39.245452 28.112658 0.930705
56.085715 27.417542 0.921363
65.092707 29.857587 0.927258
42.359046 28.923215 0.928816
45.983366 29.104129 0.917042
42.785670 20.445568 0.931256
66.201944 16.494995 0.931709
36.307665 28.602512 0.929362
65.629983 32.059026 0.925526
57.926421 32.392680 0.925771
45.085951 17.748982 0.933067
60.341205 29.564421 0.930085
60.659292 15.537568 0.929440
38.306659 18.039255 0.920886
53.095417 28.321832 0.927036
38.343261 27.540020 0.925353
67.380320 27.346552 0.922567
44.468531 20.965142 0.918830
60.475489 16.258555 0.922361
61.549701 15.031663 0.927659
46.316721 28.202987 0.919998
40.149151 18.515257 0.923900
40.379701 28.222399 0.917112
56.779767 21.650283 0.922034
73.089483 30.549145 0.924147
37.366417 22.658134 0.928111
58.517150 26.355452 0.927881
64.421714 25.549518 0.932119
40.965917 22.967852 0.922870
54.862499 23.423939 0.923643
57.482090 22.821239 0.927312
56.913149 21.303876 0.924914
60.927928 28.770705 0.923833
49.545194 30.552594 0.923422
73.172183 25.989213 0.929963
56.227739 30.859129 0.920518
52.817658 28.669636 0.932595
61.235344 30.285319 0.923025
54.334532 24.318911 0.919092
65.803371 16.304779 0.917484
51.454640 30.825918 0.932394
53.727175 23.861209 0.931084
38.405287 26.257533 0.926631
46.851946 17.214418 0.924058
43.591044 23.791483 0.923146
67.031203 30.651243 0.922620
41.744329 30.856696 0.924410
48.687139 28.128488 0.929705
49.211810 24.296689 0.930063
48.480959 30.246603 0.927867
72.651926 28.411421 0.922941
75.841822 26.818324 0.930227
44.592827 19.939769 0.926944
44.705451 23.513005 0.923984
64.937080 16.150790 0.932950
44.836452 20.881775 0.919497
61.272018 30.005103 0.922894
47.794361 19.641634 0.932319
45.014455 17.160554 0.922518
62.704216 31.169340 0.929784
65.475878 24.683934 0.916830
56.680965 30.363239 0.922245
52.422090 19.736572 0.925751
51.403026 21.270714 0.926663
69.832027 25.812251 0.927754
60.066949 17.087571 0.929532
51.160803 25.487928 0.917576
49.775451 17.216754 0.920883
62.998917 25.327685 0.916849
50.074676 21.234223 0.933071
42.539782 28.838067 0.927808
39.086446 22.087794 0.922435
38.285690 21.392716 0.919647
63.162089 30.150140 0.917060
58.182427 18.683283 0.918044
65.224150 27.567225 0.930641
69.975359 29.102883 0.918244
43.369258 27.844404 0.924876
72.185192 26.480208 0.928581
37.447578 22.183647 0.932653
69.957563 27.143904 0.929637
63.180157 21.713432 0.922574
55.334411 18.655607 0.917298
55.659578 24.332500 0.917834
61.017516 14.799819 0.917666
54.256556 26.753092 0.921967
58.119977 18.457042 0.924161
60.262033 28.780305 0.921458
45.995377 17.413969 0.918733
63.698953 21.888943 0.926882
49.490309 32.242866 0.921346
55.107355 28.227977 0.930367
42.414622 17.939195 0.922469
70.266504 27.753334 0.920863
52.324951 18.699297 0.927195
43.463815 21.664025 0.921471
61.546977 26.131178 0.928087
53.672998 13.918451 0.922608
60.447368 21.759686 0.920492
65.292173 16.437744 0.931337
75.069074 30.215139 0.916872
67.873664 27.793274 0.931764
40.921149 24.961516 0.930949
47.984912 17.260729 0.921290
53.985683 28.284105 0.930830
49.846357 25.972260 0.922435
52.980007 25.508332 0.923658
61.028143 16.239116 0.917306
61.314850 13.877927 0.926469
51.909574 20.814573 0.922653
48.617388 29.903048 0.927667
46.549306 20.164463 0.928926
59.560529 26.214295 0.933110
58.351309 30.268200 0.931894
67.373839 30.478811 0.919381
37.456391 26.477162 0.922688
68.524659 28.809177 0.924952
58.569075 25.844097 0.916835
37.139223 21.665181 0.921720
75.049606 25.373477 0.924988
71.931644 23.549400 0.926050
45.890374 22.087843 0.930165
46.170888 25.084220 0.926172
64.004883 27.959744 0.919833
40.128146 26.503461 0.927246
54.371955 29.587484 0.930623
64.153921 27.734269 0.929702
63.383871 31.638132 0.918833
52.930070 29.924735 0.918373
44.284221 32.408410 0.921654
55.972390 24.332100 0.931956
63.242182 27.310644 0.926860
45.850072 20.468955 0.925122
44.143107 22.075784 0.932471
39.671265 22.965943 0.919875
56.584506 26.904316 0.926667
55.690597 17.140324 0.929232
49.872806 27.674377 0.925055
67.135427 30.310951 0.925635
52.076496 15.763642 0.932536
71.827826 27.424034 0.920274
61.557896 15.183152 0.928062
42.139064 28.479408 0.927170
51.469466 32.304160 0.924324
62.531282 30.488431 0.920410
54.416811 20.187496 0.922694
66.838080 17.636794 0.918463
58.133221 16.052948 0.919546
65.580648 31.474730 0.918152
66.723164 20.443144 0.930311
70.836210 30.851523 0.917038
66.134816 28.692961 0.930511
61.963137 30.210360 0.929440
58.697505 31.954428 0.919677
53.743179 13.993522 0.927599
58.185612 31.133130 0.933025
64.544988 18.297271 0.921209
58.840161 24.303291 0.918760
61.314602 23.819737 0.931969
47.459604 15.066962 0.928313
67.613291 31.135305 0.931523
53.397459 18.253839 0.932615
46.707046 17.384099 0.923328
73.149408 32.428268 0.920214
44.106028 27.767876 0.926104
43.402343 18.224367 0.926071
57.392940 30.089829 0.922998
55.387517 29.596277 0.928691
43.375506 21.335318 0.921033
48.392444 19.714486 0.924030
57.199945 22.174917 0.924402
47.475657 24.023001 0.921134
63.521062 27.514261 0.924159
57.488194 26.621089 0.923109
65.725338 24.278331 0.932640
59.058218 23.949875 0.928494
46.188633 29.348939 0.926223
45.887006 26.869601 0.930463
40.296207 18.377795 0.931264
48.605071 18.692698 0.928005
42.993728 21.963898 0.933032
63.260291 19.792998 0.930611
40.258427 17.087625 0.926755
47.290990 29.672759 0.926950
50.595092 25.718767 0.920337
47.326022 24.328294 0.923488
44.289366 24.185123 0.920381
39.059657 16.371861 0.919648
56.870455 26.440223 0.931058
36.655998 19.953029 0.930965
74.048116 24.455290 0.920164
54.517183 15.954037 0.923453
60.874993 26.652035 0.932140
36.439595 21.259185 0.928277
64.594277 18.842426 0.923941
60.689323 32.345598 0.917270
48.203246 21.579531 0.931905
57.464915 17.966123 0.928329
53.177373 32.498577 0.925645
46.670226 17.524929 0.917418
52.848306 23.321532 0.923474
61.287660 29.152828 0.928985
63.991409 25.836862 0.924549
57.938805 19.648050 0.927059
53.631738 13.946930 0.928533
57.703564 28.738513 0.927584
67.252683 30.610934 0.922433
59.667448 23.883201 0.932938
55.432247 24.329549 0.929904
50.652403 19.611510 0.930822
60.209257 16.688279 0.917179
50.165150 24.862697 0.924311
50.232034 23.340991 0.928679
67.526607 31.545883 0.927338
41.437082 28.491856 0.918775
45.286695 19.504005 0.923241
45.194608 16.949639 0.917835
43.220531 20.362096 0.931371
61.712135 28.347021 0.929986
62.207027 30.519872 0.930274
41.863133 17.798955 0.930591
76.022144 28.309261 0.920998
60.956869 18.165360 0.929691
74.005943 32.261334 0.918911
51.030824 31.333479 0.918873
50.647944 25.921344 0.923352
59.378809 22.642729 0.930158
48.884738 16.690402 0.921410
72.825239 23.201078 0.927924
38.984052 23.914632 0.919579
43.435495 25.032713 0.931994
65.810571 21.634851 0.924428
42.532358 23.954726 0.923673
58.362831 15.270514 0.923678
60.601182 30.197279 0.919475
50.276286 18.526274 0.924137
54.329310 21.124926 0.921875
68.376010 30.849247 0.923308
58.348240 17.032189 0.920271
67.883949 26.571998 0.927299
42.442217 21.944020 0.926748
39.048500 24.694775 0.921805
71.867284 26.176539 0.928916
58.290117 27.730678 0.917058
66.058057 30.951620 0.923091
52.790378 28.657309 0.918035
41.562831 30.892934 0.924942
66.310551 27.556195 0.924094
56.113993 29.964839 0.933238
42.857667 26.512973 0.929663
45.387211 19.856152 0.926260
45.712584 16.705029 0.925744
52.874802 15.558608 0.931363
49.320958 15.912832 0.917601
62.172911 19.396391 0.929697
36.727084 24.558142 0.924669
58.693790 19.811113 0.920198
60.448684 24.452347 0.930996
52.039435 14.535201 0.924738
60.260507 16.224588 0.921461
69.132302 29.467062 0.927973
65.904877 17.634036 0.924613
67.180992 30.934387 0.917599
59.466211 17.300992 0.921903
52.441933 26.293433 0.926510
62.712280 29.247622 0.922582
75.004248 27.854062 0.924127
53.772033 25.288880 0.924999
59.771753 31.605225 0.918162
71.855171 23.468374 0.927371
64.264360 19.598904 0.926661
74.228850 23.952321 0.928030
64.519366 28.049742 0.918083
59.773491 25.474412 0.921947
67.488294 30.538394 0.916730
49.099612 16.585808 0.927465
46.762361 28.354804 0.921355
59.048263 23.629431 0.932832
60.395675 21.894291 0.933007
54.466553 30.214913 0.924541
55.031995 18.872330 0.918374
67.120728 28.132981 0.928840
42.473012 24.032626 0.925113
57.142123 22.064846 0.930313
55.326539 29.066847 0.923869
41.568165 29.796507 0.921431
44.606788 27.245460 0.927657
48.003526 13.888187 0.917765
55.726594 31.652940 0.920098
51.385252 16.730801 0.927131
55.553370 17.970993 0.917765
61.736397 18.271642 0.930511
61.182228 25.562345 0.929520
55.273866 30.267575 0.929102
53.213392 28.755064 0.930886
55.167500 21.503154 0.917522
43.113508 24.345455 0.920802
43.436758 22.111748 0.928989
42.951507 24.725624 0.919571
36.833283 24.856854 0.922125
42.301605 17.291437 0.927539
38.093765 17.162910 0.925500
64.635833 22.379683 0.919666
39.697222 26.598458 0.917819
72.818833 26.153982 0.933283
59.419485 24.286012 0.927621
70.517600 23.211014 0.930731
61.840210 19.902098 0.928979
63.218614 17.308180 0.919736
38.172217 17.551475 0.926734
75.671076 28.430595 0.923926
44.620318 26.402254 0.922515
54.041380 26.707514 0.920426
71.994456 28.169154 0.918857
41.067194 31.327656 0.925457
49.342100 16.283882 0.932255
52.901202 26.180670 0.928571
54.578783 25.234750 0.925979
70.201437 25.446967 0.926175
58.259484 19.224273 0.927813
55.476312 18.613698 0.922828
61.257491 28.856419 0.930360
55.404367 28.519670 0.916863
38.470190 27.147897 0.931167
60.168343 15.372829 0.928363
38.200402 21.608677 0.927582
75.218987 28.540179 0.930643
45.795417 31.677698 0.923700
70.982462 27.614520 0.926553
48.587604 24.266073 0.920706
47.652380 19.089780 0.931065
50.273754 18.078239 0.920955
57.338912 32.277370 0.932219
60.856298 17.721641 0.923238
72.985898 24.596932 0.922281
54.949797 23.161210 0.929038
71.913994 23.578858 0.924448
66.061738 31.730491 0.927885
61.705071 13.993694 0.917130
57.537480 31.030715 0.930435
38.278008 23.962751 0.927442
50.874860 15.126521 0.920636
41.466862 18.703117 0.928940
50.769801 16.420316 0.921199
46.079894 19.897034 0.924912
75.348813 29.268311 0.933291
58.052225 18.675332 0.925434
64.656901 25.491294 0.932336
66.458766 24.475448 0.918622
70.642166 23.199486 0.919733
63.661557 28.876062 0.929209
44.145385 31.573456 0.920923
39.248656 17.830452 0.918413
58.398683 31.892082 0.920644
47.569344 26.750002 0.925078
55.248458 30.708248 0.918561
73.891935 28.545239 0.917398
53.766284 27.434798 0.925532
36.512921 22.524649 0.923508
47.939585 18.596332 0.929186
45.236965 30.408806 0.928194
45.022449 17.987236 0.922774
51.298153 30.805680 0.923527
65.267192 16.994071 0.919628
55.954534 28.930321 0.924730
73.350442 32.033792 0.928877
41.059985 18.927996 0.918417
44.591481 25.867431 0.917758
60.607461 14.200667 0.924490
70.989982 25.657266 0.929329
57.859345 18.604509 0.929916
55.520264 26.715774 0.918483
73.969045 25.093794 0.926660
40.129271 28.580890 0.922926
75.595706 25.772164 0.920371
49.246226 32.241447 0.923421
57.204459 14.635604 0.919230
42.372443 25.107733 0.924037
52.733260 27.263215 0.925319
63.423647 23.265046 0.930217
65.512285 30.548282 0.931752
63.202415 24.269938 0.924371
65.518190 17.443092 0.929900
67.595947 29.835153 0.922910
56.494720 13.901656 0.924558
66.894950 26.665248 0.920074
46.379872 27.951191 0.918780
64.930744 25.393714 0.932457
47.046309 19.496153 0.928808
52.639642 24.458794 0.932133
38.312077 21.737176 0.927926
63.137652 30.478713 0.917604
64.988895 17.456902 0.929198
47.489456 21.128617 0.928055
57.371976 21.297710 0.920603
66.373633 18.216743 0.923147
40.038821 22.933695 0.918600
58.934558 28.998771 0.919032
55.108537 30.078836 0.932927
57.520025 21.761610 0.932436
65.584325 23.673182 0.920761
63.360835 15.772733 0.921965
45.462672 18.300564 0.943249
44.423772 25.379078 0.933766
72.145069 31.028694 0.942806
43.171965 24.412732 0.948345
51.427382 18.754479 0.940640
42.608829 28.392760 0.948114
72.531891 28.812016 0.944219
58.036335 29.652813 0.941541
47.380161 20.932689 0.945930
53.280504 29.680071 0.943906
37.588063 27.445254 0.944943
39.347973 28.358446 0.942656
65.475945 22.098333 0.939488
47.335299 32.547753 0.948250
55.323469 22.766784 0.936826
52.978057 20.527509 0.941876
39.592317 23.732248 0.947353
43.393973 27.200004 0.934877
52.487327 20.106715 0.948452
71.130092 29.400023 0.940457
39.836785 16.891294 0.938690
57.417576 14.097800 0.934941
67.157145 27.517755 0.939219
54.518768 15.935812 0.946330
65.449608 26.425656 0.947864
37.730056 21.986037 0.933840
50.408863 29.462312 0.936625
36.663625 24.660979 0.948721
65.403699 15.266665 0.935025
47.518892 19.016190 0.934613
49.651300 15.251485 0.944555
57.269740 24.662307 0.948345
58.977141 24.283044 0.943974
43.795523 16.439293 0.949727
60.228278 15.885423 0.947594
50.855523 24.878377 0.948570
44.100564 26.590561 0.945852
39.284727 27.866745 0.940211
58.919996 28.213160 0.939543
64.966813 17.012386 0.947664
75.390076 27.160222 0.938226
57.298446 30.783508 0.941404
48.375297 17.041234 0.942303
39.671731 24.112721 0.938132
58.416102 27.724146 0.935392
43.583208 19.047004 0.944882
51.022729 17.957007 0.942039
47.084313 19.752733 0.949870
68.444678 28.775223 0.945746
70.735189 27.464587 0.934736
38.691857 28.133840 0.941678
58.951088 14.408664 0.944336
38.697991 18.504317 0.942722
57.407335 23.222356 0.945789
57.137757 31.312004 0.945650
38.853347 20.538467 0.937762
52.303209 16.949162 0.943892
61.877652 24.976291 0.938161
48.564604 17.507076 0.939126
37.985111 23.161579 0.941490
43.898314 17.803841 0.933979
55.767396 31.472520 0.940290
65.875512 16.941280 0.940083
64.505423 17.926529 0.936980
65.580318 32.228185 0.936872
36.374609 20.344015 0.940416
36.213208 24.292389 0.940926
52.905501 21.157088 0.945415
47.794500 21.870239 0.945577
51.878579 17.520851 0.936059
47.695154 17.936558 0.946521
74.059316 24.965169 0.941545
58.824381 28.635737 0.937741
44.913826 25.249582 0.947183
51.724785 26.372458 0.935182
71.106366 27.183531 0.936528
48.037166 23.627114 0.936957
37.263608 24.902368 0.937497
73.679236 24.942756 0.939324
48.466377 22.198177 0.941364
49.321542 31.077086 0.937179
55.741464 15.760518 0.939886
63.756161 17.144108 0.943194
60.291957 21.321206 0.941505
48.255735 22.330623 0.944216
42.975964 31.764487 0.947826
54.449721 16.470813 0.942147
46.721669 20.394388 0.942856
46.982400 25.480258 0.941352
49.362772 15.176966 0.947611
61.220102 22.369885 0.942812
37.990009 26.567709 0.945128
60.777244 26.320444 0.940454
65.426674 27.049000 0.945488
40.763851 18.319736 0.945006
65.331036 22.629641 0.944048
56.958381 20.726769 0.943553
48.378775 22.091617 0.937738
38.768683 19.765590 0.934265
66.699258 19.922805 0.939799
58.161518 23.342915 0.941159
53.742999 30.427639 0.936085
60.733694 31.150662 0.938699
51.701026 27.014544 0.935748
41.978348 17.688937 0.933996
72.228834 31.987268 0.942020
57.469206 16.642426 0.949738
53.390136 30.874533 0.944669
57.451922 20.395027 0.943189
51.152858 20.468929 0.933604
54.630468 14.878297 0.939900
36.134532 27.012773 0.934394
54.318506 14.103195 0.942969
55.329557 17.014050 0.948221
50.400747 20.132582 0.947621
39.114752 24.513398 0.941002
62.088628 18.205841 0.939781
41.161737 18.618469 0.942788
62.553756 14.991916 0.936882
54.383932 30.130062 0.936976
61.989877 15.166794 0.943934
59.651719 21.902414 0.948233
53.046782 20.465908 0.948970
65.898078 29.089022 0.937517
45.261641 26.503798 0.935562
39.132917 23.726975 0.941818
38.943086 21.723338 0.947705
64.779093 25.742782 0.949657
57.352157 17.107844 0.937015
53.111422 14.966827 0.933582
42.338705 26.054508 0.948640
56.515671 29.140394 0.936123
61.845070 24.730530 0.939094
45.594999 26.688949 0.942291
50.741715 21.959348 0.939030
41.718043 29.349327 0.938240
53.562013 14.639615 0.946133
52.563922 28.680455 0.936688
66.080344 25.239430 0.934262
61.138916 25.485148 0.935925
40.137769 17.116133 0.946377
61.075302 22.036295 0.949927
48.304367 24.981074 0.936730
68.012417 27.988807 0.935215
69.564219 32.406720 0.937711
72.474653 23.042119 0.947234
47.106259 26.076113 0.949847
56.552975 16.090744 0.943119
72.265615 30.456885 0.945339
59.978417 31.663517 0.949717
50.914070 24.525671 0.946830
55.419824 15.154709 0.948660
59.624276 29.921101 0.944889
75.498559 26.808653 0.933513
56.184035 23.074396 0.937990
40.791487 22.316818 0.941657
43.599554 23.284486 0.936122
45.972745 17.418705 0.944801
74.160205 24.193180 0.934240
50.217070 26.680947 0.947511
39.126408 22.320196 0.948818
45.654996 22.405141 0.947117
55.902758 26.129026 0.949963
71.851423 28.105000 0.938408
53.094348 25.636511 0.941511
53.372473 26.647299 0.941315
41.360827 25.757409 0.943200
47.171186 31.773738 0.949991
69.972668 32.063322 0.948405
56.037232 19.174617 0.936657
46.367271 24.731117 0.942227
37.586234 24.586055 0.945966
46.810280 19.129860 0.948665
60.345415 21.556678 0.938423
46.144594 17.253499 0.947479
44.323815 18.370090 0.943369
63.433804 19.691348 0.936912
69.478981 24.008394 0.940893
61.261366 23.608213 0.937176
54.015622 14.952083 0.936666
73.563466 30.858607 0.937387
67.705071 28.031239 0.947548
41.629307 21.386234 0.939033
42.308063 24.087016 0.936968
55.499165 22.241368 0.939721
43.211765 30.943021 0.948669
70.670807 25.953996 0.946499
62.031395 30.469873 0.933694
54.475276 31.348984 0.941432
46.283543 29.121831 0.942041
75.306657 31.631131 0.944643
40.157203 21.133496 0.936884
44.982936 27.223301 0.940689
47.082959 27.284712 0.948970
45.004775 23.083959 0.937304
50.171375 17.673492 0.934724
43.434958 16.345209 0.938703
63.709302 21.606752 0.940380
62.466411 18.519589 0.935450
57.720480 24.092428 0.942588
46.671994 22.307065 0.945296
45.144628 16.770682 0.933706
65.662395 21.320766 0.948241
48.668210 31.978260 0.944045
75.451207 31.490543 0.948631
45.462473 17.296063 0.938074
45.062885 26.179229 0.938380
67.056132 31.441445 0.939107
51.363727 25.891362 0.941161
55.893723 19.001604 0.939197
65.369297 27.455687 0.936539
73.576047 25.493818 0.939880
49.335953 16.077309 0.935320
62.864834 29.216232 0.949835
64.997885 15.935035 0.946070
53.299318 19.366772 0.937948
52.854939 19.331333 0.941712
40.227078 27.131153 0.938580
58.955229 20.412150 0.935751
53.560595 23.318608 0.947151
49.946140 24.573890 0.935307
53.967043 31.375249 0.943891
47.654535 16.496347 0.946144
41.328832 28.100252 0.942706
44.220762 32.414404 0.943186
48.721863 21.782234 0.935671
59.745422 30.253433 0.936220
52.548577 27.938663 0.947348
67.426794 30.348702 0.945623
65.551261 15.693549 0.945991
49.812737 24.254464 0.933923
41.335498 17.812679 0.947464
52.701182 21.519320 0.945491
57.521292 24.310120 0.945661
41.215318 21.786453 0.941358
45.803477 30.134311 0.936886
63.611954 27.152934 0.942123
73.798131 30.855380 0.935368
59.699023 22.177798 0.935874
55.727224 25.900565 0.946317
64.816139 24.520386 0.945139
64.764790 17.121208 0.939622
46.913761 25.494938 0.949671
58.070237 26.966469 0.936194
45.427966 26.707605 0.947395
36.981500 20.246349 0.939907
57.729363 23.203181 0.942457
37.581357 28.063775 0.946185
51.294995 25.131739 0.939403
59.182517 20.893241 0.946078
57.334151 15.641974 0.938175
48.467684 20.052629 0.943714
62.840823 29.427049 0.941170
75.915412 27.391144 0.934822
53.896423 16.391261 0.935482
66.319583 27.387721 0.945368
55.662215 20.974845 0.949134
42.860629 25.626613 0.944357
55.905075 30.123344 0.943057
51.063885 24.525309 0.947196
66.388136 20.026683 0.947212
46.838290 31.304515 0.934087
61.212426 31.295450 0.949744
55.690074 16.199288 0.934444
71.973269 23.580192 0.939718
57.019344 16.715085 0.943356
47.277294 28.464617 0.939691
54.554167 18.269670 0.949219
44.978826 23.232545 0.949735
52.918162 22.574821 0.934838
62.991208 31.836436 0.941840
56.863573 29.674993 0.938994
55.864227 32.031424 0.934875
64.983678 22.450764 0.933943
60.067466 23.529541 0.938804
36.322285 25.364501 0.937842
37.939318 22.353196 0.937297
60.771590 15.747276 0.938292
64.519249 19.017179 0.942079
57.661584 29.462503 0.936143
52.103839 27.371300 0.933521
46.967357 24.420786 0.934749
61.443742 22.128365 0.941812
72.883998 27.048008 0.936461
61.128350 28.105327 0.943612
63.265698 20.750506 0.940749
51.900385 18.223693 0.934924
63.742665 26.519458 0.937454
58.353890 23.597550 0.937517
49.612209 31.579223 0.944167
54.480145 30.890233 0.941735
54.049241 23.067545 0.933558
45.964450 17.275469 0.941818
36.214840 27.266076 0.943931
61.094768 19.192236 0.939371
59.358009 14.913131 0.936642
66.836542 27.635655 0.937132
65.028872 18.491880 0.942578
68.644295 32.404965 0.936499
60.221298 20.366626 0.945603
47.487876 26.826696 0.944889
50.538954 15.673707 0.943860
41.208863 22.222158 0.936890
40.364749 20.945664 0.943047
50.119182 29.336534 0.946434
63.230494 31.545979 0.944264
61.539251 27.288053 0.936611
58.969492 14.713923 0.947354
75.782650 26.666704 0.937670
74.948572 26.441043 0.938858
60.048088 20.885134 0.943331
63.370632 19.096839 0.935529
58.956889 24.991890 0.935323
44.188492 28.949788 0.948401
46.826641 16.133033 0.949200
46.327040 19.948163 0.943937
44.450249 23.179093 0.942324
58.621194 27.104002 0.940075
58.436383 31.587327 0.935895
38.979539 21.174220 0.937980
43.404988 19.116182 0.945217
53.066474 27.039052 0.949880
55.155751 16.728941 0.948052
64.895667 14.871192 0.949026
44.222033 18.484763 0.947067
50.554749 27.497732 0.937888
51.697817 21.296129 0.946966
52.273233 23.248317 0.942144
50.624772 27.623307 0.936817
60.475123 28.537309 0.939756
52.781619 31.659075 0.948069
70.315940 24.561059 0.938387
53.799424 19.344117 0.945810
53.699459 16.870730 0.947656
65.868222 16.841328 0.936257
65.150140 31.926391 0.941663
54.247398 24.089703 0.934313
63.069421 28.355398 0.936470
39.418146 27.105513 0.946895
47.442051 19.884522 0.935095
67.072256 25.542003 0.948630
68.163543 31.388251 0.941675
39.337107 25.659711 0.934520
66.687813 26.714268 0.934068
45.483659 20.204085 0.948100
65.444818 30.566084 0.945124
40.554834 24.254903 0.944747
36.657856 25.601882 0.936471
40.662566 24.361000 0.939085
37.578799 26.316114 0.936207
58.968842 24.708340 0.944423
63.078024 20.117629 0.948673
55.334536 25.738091 0.940497
59.769629 17.358168 0.944803
42.069528 22.544976 0.942159
75.459935 27.828849 0.941436
58.119238 29.656973 0.941325
50.214139 31.455054 0.945552
54.997130 25.814349 0.944590
51.328302 30.898967 0.934713
50.514838 16.122876 0.934335
55.356346 26.734746 0.947877
44.613655 19.933479 0.938659
60.360232 22.340436 0.936542
49.196789 15.478967 0.935135
75.004650 31.987109 0.938335
44.508340 31.477588 0.937241
65.490619 25.099035 0.937625
68.466615 23.184963 0.937636
55.077172 25.430246 0.947679
60.568248 31.345294 0.934300
47.596141 18.038011 0.936261
61.728488 24.949182 0.938591
48.278007 22.541528 0.943091
60.689366 29.957024 0.941321
54.090695 28.484811 0.943559
37.688592 19.952818 0.944213
41.623850 17.975735 0.945570
75.641248 26.951798 0.939553
36.815747 22.572985 0.942776
48.642338 27.501436 0.949807
48.165358 23.710609 0.938989
56.517765 30.546031 0.938140
60.652606 32.220703 0.936191
60.746307 25.724956 0.939644
40.897553 23.456997 0.949349
55.784956 16.085296 0.934357
61.393198 20.389254 0.946500
53.751035 19.771230 0.943725
46.960498 31.123678 0.936227
43.204953 27.426800 0.946024
56.469752 15.295127 0.935249
52.760847 25.227712 0.939993
47.380150 29.545188 0.946704
71.592104 30.055423 0.936197
43.693115 30.594995 0.940013
74.635196 30.231892 0.941310
49.256070 31.451548 0.936218
54.166574 24.866016 0.947977
41.560457 24.095385 0.940590
59.464408 31.541598 0.935920
62.150944 21.146921 0.942568
58.663222 18.879134 0.938800
41.081708 20.477996 0.944018
65.199524 21.814827 0.949840
60.390452 24.439803 0.944084
54.160173 19.348625 0.948535
53.082060 20.608247 0.948312
58.720075 22.489636 0.935876
58.534427 20.986718 0.934724
59.321393 27.185696 0.944329
53.173316 21.090750 0.944849
59.095017 15.186100 0.935747
44.342435 29.339685 0.935974
52.066235 19.995869 0.934047
49.236036 30.041497 0.949340
54.623260 22.026000 0.938479
57.134035 31.501546 0.944734
61.177170 23.549628 0.934014
43.531992 28.018033 0.949789
66.680668 27.644911 0.944742
59.501120 15.239212 0.945786
55.710561 24.268276 0.944782
50.326298 23.414373 0.946252
63.832621 19.766298 0.943259
39.761953 25.305507 0.947959
54.075656 16.118649 0.940647
43.787970 18.573652 0.948397
71.008318 31.991680 0.949749
50.411766 31.202419 0.942387
43.734727 27.905982 0.947860
37.519305 28.003888 0.945315
63.978457 17.011320 0.933566
62.318249 30.456080 0.937956
67.508977 29.443380 0.948086
64.554937 25.281302 0.936653
66.657962 18.456317 0.946942
45.283627 19.628148 0.946460
59.433415 24.287125 0.945960
67.239186 25.419435 0.936493
41.393761 26.233144 0.945842
55.981426 19.799473 0.938265
40.878367 18.564638 0.949372
50.649566 16.165912 0.946537
37.246194 18.519376 0.934229
69.134616 25.546341 0.942196
41.217150 26.352237 0.936107
57.427564 15.215680 0.935199
69.863903 25.015587 0.941911
57.045167 18.526178 0.935946
50.942527 24.168890 0.935140
45.870603 19.738028 0.940916
55.784500 20.754111 0.940634
57.820664 26.826602 0.935960
47.327758 20.785903 0.944899
42.938370 28.729952 0.945288
63.418106 16.074887 0.944662
53.810653 14.602443 0.944705
51.506314 17.240310 0.946896
37.274060 19.246697 0.948678
55.466649 17.373741 0.936122
56.757606 13.847497 0.939255
75.807696 27.721113 0.945244
55.920612 27.334132 0.949377
53.714718 25.443648 0.935302
50.083401 28.602973 0.937978
65.329941 31.045218 0.934796
48.844928 28.440675 0.946025
48.389459 20.007974 0.935589
47.094459 29.493514 0.944528
52.692327 27.410799 0.935252
41.878665 25.004690 0.938736
56.338869 18.241860 0.936710
64.888739 26.708732 0.942742
43.438193 30.780481 0.947923
62.320451 24.940620 0.940516
54.380572 20.823436 0.939012
55.086025 30.207531 0.945273
49.276294 16.609800 0.945631
48.255705 21.870810 0.939370
43.435609 24.560246 0.940889
53.722131 20.180001 0.935371
63.511642 18.979338 0.936030
64.572446 27.496392 0.934954
37.541753 27.996212 0.946552
55.726740 16.930087 0.938349
57.219083 25.516456 0.946486
48.859845 31.612383 0.935589
69.204704 25.452480 0.936067
50.179679 25.514696 0.940668
45.304617 25.227995 0.944749
43.757501 24.130719 0.940071
64.573342 29.668768 0.941964
56.172949 20.103506 0.935737
40.366493 23.578219 0.933458
43.019218 23.416417 0.946266
52.788107 26.217136 0.940826
68.702823 29.367613 0.935715
48.636823 17.735773 0.937449
46.911636 32.374484 0.943797
56.241451 15.424118 0.934008
51.780411 31.178219 0.949513
52.328102 20.324182 0.943865
58.652037 15.057411 0.937928
59.679617 26.878208 0.938191
62.328565 26.177946 0.933724
69.373104 30.438504 0.933600
41.077286 21.905493 0.945172
37.484707 22.891832 0.940756
69.884526 32.463339 0.948188
73.111056 28.632746 0.934586
70.821166 29.441866 0.936306
75.150954 23.786533 0.937119
47.821708 24.548991 0.934109
66.041186 22.446199 0.942795
54.548957 16.048140 0.943453
41.284085 23.529885 0.949522
48.849834 15.994898 0.935479
44.904234 19.006127 0.942130
56.060726 19.751460 0.943362
55.219693 32.231837 0.941512
50.736040 22.615969 0.943806
71.753619 24.695823 0.939991
60.392649 26.647273 0.947826
57.779116 26.807794 0.949672
58.678231 15.974657 0.943989
47.354867 27.021378 0.942674
59.690573 15.435087 0.933768
44.719298 22.193197 0.939210
74.241424 26.851339 0.948844
51.395011 14.373075 0.941390
51.229324 27.211212 0.934901
53.407762 26.025854 0.934532
43.426518 28.788656 0.938258
73.624869 29.721749 0.949675
45.329243 27.264164 0.945528
41.240366 27.586150 0.943273
38.699554 27.152806 0.949733
59.452845 23.093721 0.939883
62.258659 29.597731 0.946898
73.729426 29.335362 0.948203
45.916628 16.471819 0.944922
70.276567 24.303294 0.935767
59.285814 30.853759 0.940148
70.979419 31.305678 0.936520
51.652161 24.874484 0.935337
43.738244 23.325659 0.943691
62.360052 28.397629 0.934591
63.039673 16.841973 0.939283
62.719093 29.097027 0.934921
52.442614 24.376459 0.934164
49.235406 17.181435 0.938547
56.162201 16.801732 0.944979
53.172788 25.600485 0.934368
63.936064 21.580607 0.939032
64.886493 31.037651 0.944479
36.674115 23.098445 0.933626
65.290185 16.442679 0.933532
63.501699 22.400055 0.946162
60.060624 24.008077 0.947130
53.325598 16.206062 0.939190
56.933213 26.246240 0.938689
41.243584 18.953701 0.934628
61.682744 22.755579 0.943468
60.124582 28.488168 0.944047
72.501283 25.988227 0.943189
59.869577 24.937463 0.941420
54.311587 15.309364 0.938739
61.026620 15.462618 0.942995
46.945413 27.295176 0.935491
39.455689 23.701113 0.933963
75.179827 31.881039 0.936543
58.074794 22.871491 0.942148
58.900246 26.945041 0.944391
48.447356 16.887849 0.947929
63.802450 20.695771 0.933656
47.988616 15.549398 0.944224
57.266729 28.476859 0.941367
53.099321 22.086782 0.937285
58.044208 23.568365 0.943616
66.459432 19.798539 0.936176
59.425439 14.920321 0.935352
40.714746 16.787541 0.935955
61.616162 31.664934 0.949534
50.187968 24.103940 0.934949
52.246068 16.032900 0.948015
73.530774 25.121128 0.939649
36.424965 20.409507 0.941977
59.698022 27.193696 0.944680
61.847915 22.378810 0.948646
65.841108 26.309671 0.935885
68.371055 29.769343 0.949967
46.327490 20.639750 0.940981
52.362381 23.247331 0.939337
58.995245 23.205779 0.938431
42.529339 26.418657 0.947497
66.865065 16.032050 0.942866
70.905218 28.112420 0.942845
67.437838 24.701984 0.940445
75.624243 30.674196 0.947369
44.365758 19.500682 0.944249
57.028335 15.847777 0.944321
62.025671 20.808608 0.938948
64.934313 25.070811 0.933942
60.003121 13.827120 0.936486
60.946111 25.286852 0.933507
58.569036 28.061515 0.934541
55.965509 14.882484 0.943269
65.273327 24.902370 0.944420
52.301448 21.334379 0.938475
62.042142 21.031625 0.942893
54.431752 19.621187 0.949047
37.463413 19.762585 0.942117
62.454684 25.709165 0.940169
62.754885 24.415756 0.935726
56.281666 24.828786 0.942309
51.003486 32.129899 0.940139
62.755982 18.582449 0.949307
38.024039 23.225136 0.943439
51.067930 17.074694 0.948206
47.676546 30.597880 0.947645
68.232492 26.327762 0.949448
38.309534 26.997209 0.939430
36.999169 27.917224 0.936565
59.833120 17.282920 0.940866
72.757248 28.044274 0.947428
47.023528 20.260042 0.949663
64.182284 17.848284 0.939456
59.480281 14.983770 0.941611
62.413938 21.654800 0.947359
70.224436 29.466318 0.940858
43.049198 22.235234 0.938538
40.897061 18.004696 0.943856
60.178239 30.334274 0.947745
54.006199 16.722699 0.942987
39.865219 17.552197 0.939460
42.287157 30.028984 0.942534
64.282812 21.914439 0.938223
42.675117 28.084828 0.943152
56.816407 20.797514 0.946885
51.898772 19.778673 0.941233
66.280135 22.723806 0.948208
48.211181 20.490576 0.945046
51.537487 15.270362 0.938442
37.200618 26.826428 0.940488
63.268159 23.909564 0.946397
73.585372 31.901875 0.936620
44.449252 19.444733 0.943760
56.416649 20.807463 0.945845
60.712594 20.182378 0.943575
47.616941 23.419546 0.948837
43.692442 31.932492 0.935212
72.982222 28.319992 0.948816
51.143965 30.972776 0.949613
75.885304 30.432158 0.934228
44.004404 31.977309 0.936525
46.576463 28.865837 0.947385
65.613151 23.439626 0.935561
51.311577 14.913510 0.949752
47.481928 15.707572 0.945466
46.562442 21.019920 0.940690
45.674273 22.463224 0.935346
43.562480 23.470000 0.943815
45.120216 26.227935 0.941598
75.897002 29.397897 0.945180
42.667954 18.180325 0.940803
60.508470 24.722472 0.948518
58.861321 15.854466 0.934564
55.106142 30.595900 0.939852
66.690613 20.844041 0.948858
38.349545 19.627095 0.948128
52.439796 29.781813 0.946538
44.856590 20.444363 0.936572
74.847630 32.031597 0.942156
64.080919 22.085156 0.934192
49.518410 15.189761 0.938662
44.408135 27.584419 0.939332
64.909939 29.245648 0.946136
71.590551 30.310207 0.933449
41.241049 23.336191 0.936067
69.195277 23.373005 0.947769
39.054611 16.757040 0.947624
67.711992 26.874917 0.946802
61.271076 27.474945 0.936102
51.782480 18.948469 0.941024
57.000228 30.205184 0.933893
51.126282 28.471184 0.937858
47.207655 17.174808 0.941378
56.857589 15.426614 0.940135
65.092380 29.116012 0.940094
46.823525 25.886591 0.936490
53.812595 28.280165 0.935186
53.350036 15.531631 0.935898
38.557433 19.538686 0.937960
47.834224 26.916374 0.948925
50.698142 27.598445 0.938090
56.145532 20.965105 0.948273
54.251594 24.754491 0.938931
50.966764 22.216499 0.934602
72.801877 25.720177 0.948821
55.665430 20.342968 0.933617
58.253571 18.628884 0.938374
52.705459 20.144341 0.945336
38.724482 25.321880 0.939286
51.220263 23.412242 0.944171
52.603450 17.810792 0.934448
47.665549 20.857572 0.949630
46.750337 25.232507 0.942812
57.785973 17.228667 0.934372
51.393029 22.218339 0.935938
63.205678 29.830074 0.939364
60.162453 19.481085 0.939052
55.986908 24.227608 0.947612
38.477028 24.699880 0.943651
64.208993 16.851950 0.949048
48.970231 22.644605 0.943826
75.992728 26.017485 0.941078
57.273320 17.870327 0.936827
60.466218 23.431403 0.948574
65.257132 14.661784 0.947352
45.403916 27.736490 0.947004
51.214715 19.995371 0.938277
44.058808 18.638311 0.942388
57.344418 26.978894 0.935918
63.637243 24.382844 0.944883
64.596791 17.100535 0.938593
38.535444 23.659961 0.941776
42.378244 18.753178 0.935306
44.003121 25.812968 0.948766
65.268661 17.626466 0.944491
74.186125 28.862198 0.939060
74.016521 30.704140 0.947997
44.779900 20.438720 0.936861
67.391876 32.316742 0.944628
58.410994 24.806895 0.941275
51.756997 13.958198 0.937332
43.480664 29.238365 0.943707
63.294815 20.772445 0.938872
55.927828 16.132096 0.940579
69.978999 27.391725 0.949946
51.559236 21.224915 0.944920
56.307063 16.205050 0.941699
60.430988 23.147044 0.939565
57.149256 26.884046 0.938894
65.564284 15.307324 0.949300
53.049886 22.711393 0.948082
48.615005 15.562934 0.937907
55.309738 22.109504 0.935105
43.074330 26.695972 0.949301
61.986288 20.141262 0.944940
64.807368 22.203840 0.939098
48.500714 16.930042 0.948079
58.687151 23.318949 0.941564
67.528010 31.308236 0.935916
75.121591 27.935670 0.941792
42.916341 26.249033 0.941631
49.667077 15.209770 0.938280
48.657701 17.726587 0.938670
41.401548 23.045268 0.946730
41.144727 21.998313 0.936644
53.888289 25.464686 0.937339
70.693317 23.357418 0.949588
59.095788 21.645072 0.938056
54.580158 16.049106 0.946806
45.556409 23.293583 0.939104
64.848636 25.572405 0.941608
62.815568 30.979778 0.947489
69.591936 25.079740 0.933796
56.627368 14.880772 0.949486
73.117988 25.263368 0.948774
53.264565 30.268225 0.938922
46.661714 20.783109 0.944854
41.924505 20.520105 0.937439
44.401371 17.152385 0.948483
67.308806 26.109317 0.941813
56.296184 25.354073 0.942284
62.731136 13.825498 0.937933
45.004817 19.312702 0.944733
52.218408 31.332624 0.947691
53.654844 27.248022 0.934141
64.593893 27.777847 0.934453
57.239968 23.271481 0.941700
54.519370 24.263142 0.934348
45.293143 20.418507 0.947553
63.697668 21.631736 0.945010
59.203532 21.228109 0.936419
44.992794 30.148952 0.943149
66.443986 29.164208 0.938371
58.026302 18.964611 0.941713
56.968969 25.909179 0.938549
52.355071 17.091039 0.945208
52.876637 16.962119 0.942933
61.098166 26.311746 0.940128
37.488803 28.498784 0.949974
41.620161 32.022199 0.938822
50.878531 19.402778 0.934971
70.539604 29.327271 0.943093
70.801022 28.334064 0.943942
55.220817 15.052704 0.934318
51.763004 25.274387 0.939422
47.654542 16.412587 0.947357
54.583432 31.608191 0.940963
38.610699 26.251169 0.934596
47.287552 32.052159 0.946007
47.672486 16.589725 0.947792
56.477964 27.452342 0.941425
43.732015 20.774489 0.946765
49.834424 30.522782 0.948711
53.785964 31.656045 0.949621
36.475136 25.709553 0.942844
57.414540 23.595823 0.948473
48.948154 17.802803 0.942463
44.862857 18.679151 0.948930
60.498422 26.922476 0.949159
50.625686 25.103257 0.947641
45.245224 28.477836 0.949715
59.246118 31.705061 0.944787
63.229600 29.822633 0.935373
53.867914 26.282307 0.940801
50.459551 23.754479 0.947261
53.245754 31.242280 0.939796
49.876155 29.967008 0.947151
61.083401 28.069609 0.942438
57.327423 16.215762 0.949963
74.552581 26.471942 0.944066
73.426609 23.392761 0.940388
53.803065 26.090393 0.936155
45.087369 22.807286 0.941206
40.341816 21.510692 0.944709
70.724390 24.041734 0.943081
45.972653 18.342436 0.947102
50.546968 25.477162 0.942021
41.306621 24.196570 0.940283
36.463549 18.156634 0.938201
62.264710 14.600626 0.946534
66.155024 23.655229 0.943951
63.583080 28.452608 0.939339
60.746239 15.221088 0.940856
40.970593 19.494084 0.937843
63.695417 24.377475 0.935413
42.217460 31.762052 0.940713
50.705228 30.673157 0.948175
62.825679 14.829010 0.935681
56.963453 28.061777 0.947837
63.932799 17.580812 0.937120
62.368735 25.001209 0.939170
73.838154 28.695701 0.939117
46.192471 27.066700 0.937788
63.417720 17.632188 0.946752
50.655305 19.734889 0.945081
55.712201 15.010534 0.934622
58.633458 15.115217 0.945012
42.744763 19.681738 0.936077
61.132413 27.360612 0.935028
58.978453 26.040683 0.934247
40.389736 27.680822 0.940263
63.085157 28.725484 0.944768
53.290257 16.320576 0.936281
65.094544 27.746953 0.948960
44.253385 17.007559 0.943136
40.824758 16.881355 0.935208
73.306966 32.156028 0.941872
53.119404 16.686769 0.943056
66.292454 23.570532 0.943050
61.331957 26.172018 0.934223
38.420339 23.397135 0.942692
54.758012 17.512388 0.945649
56.213366 24.354499 0.947502
47.228176 31.999189 0.949766
75.628855 26.783893 0.933861
49.362883 21.843867 0.936736
55.805172 32.338332 0.937474
55.945252 24.316338 0.948858
55.570377 21.759446 0.947246
52.593516 15.671765 0.935988
51.304808 18.555200 0.945202
71.217047 29.358359 0.949069
46.718741 16.299040 0.935317
62.460543 25.145592 0.934953
66.150815 17.239887 0.941467
52.568793 27.810166 0.936264
66.895827 27.460327 0.944315
69.667596 32.373891 0.937223
64.504375 21.449244 0.946637
59.240053 25.817858 0.945010
37.708660 24.508689 0.943964
66.929183 22.442327 0.941458
42.440395 28.799553 0.943942
54.250460 20.696669 0.944046
51.725582 26.089059 0.947799
53.055516 19.585547 0.947786
68.224004 24.016160 0.947425
51.488850 24.761814 0.942169
51.515877 20.591961 0.935244
42.046149 25.454927 0.935662
63.569682 23.169736 0.947595
42.272589 21.936039 0.940195
52.200466 15.338034 0.935471
57.047786 23.325972 0.940999
48.665570 22.783977 0.934956
54.124718 23.263834 0.949408
51.012171 21.685515 0.933468
41.857240 22.985155 0.940541
37.031806 22.875324 0.942888
38.460289 28.428625 0.946097
62.518318 28.190757 0.942121
36.159187 18.787251 0.944271
65.994470 18.905612 0.946018
52.471001 15.092009 0.943784
53.635815 25.975619 0.942626
75.063783 29.271814 0.945144
67.494505 27.651779 0.949057
56.759233 19.106746 0.941820
74.303388 24.997258 0.939192
61.895171 31.271522 0.943611
38.965940 24.531457 0.933721
52.994063 13.965602 0.946012
43.166610 29.026416 0.936527
42.561331 30.852037 0.946205
52.262890 31.226714 0.946224
47.063649 19.339772 0.936304
46.156407 18.336396 0.946214
36.761494 26.691722 0.942078
46.836931 18.567837 0.939140
48.932271 18.967304 0.938706
56.124788 27.271334 0.938828
48.675951 28.437719 0.944456
42.401768 19.843094 0.937694
70.945230 28.226562 0.945287
50.865284 24.244808 0.933629
67.721282 25.631544 0.939880
67.287269 23.621018 0.948376
60.230508 17.089374 0.943056
54.416485 29.018340 0.941317
54.097428 20.572966 0.946555
55.569853 17.808016 0.943437
43.419246 21.735734 0.948081
49.583945 17.988078 0.946123
43.587557 21.401546 0.940902
54.136845 31.474389 0.941593
41.997242 20.030746 0.947598
56.462658 27.357304 0.948546
46.471732 25.828621 0.935394
73.904476 25.227603 0.934077
56.733293 19.357060 0.946309
58.179384 23.434266 0.947759
54.307345 26.165243 0.942237
64.949762 25.140707 0.947447
41.259996 32.062448 0.946176
37.912006 22.517668 0.938990
62.078364 17.474245 0.945967
64.841889 27.169772 0.937591
53.893813 26.834371 0.942972
39.259654 27.137215 0.948230
40.814828 19.248664 0.949262
53.588433 16.466978 0.949300
56.133972 19.735628 0.938576
50.932986 25.868502 0.944113
63.735984 21.179178 0.944625
59.730853 24.619454 0.936551
65.950494 17.660386 0.937217
39.624669 25.456130 0.948344
43.532819 16.170859 0.939524
37.369406 24.940222 0.941886
41.360465 23.262190 0.940659
58.299897 14.288540 0.946553
61.133659 24.852002 0.939649
64.452408 17.961803 0.934539
50.794460 17.919910 0.939960
61.200390 26.610355 0.946902
41.409706 24.273493 0.949698
51.847322 23.932455 0.943472
65.906148 28.626907 0.942078
49.607101 16.308511 0.946447
59.158380 14.079451 0.944720
57.252142 22.460614 0.936270
47.316726 20.444940 0.934405
72.172068 25.333122 0.949890
37.791572 25.884888 0.935666
58.615466 16.391559 0.935870
61.504672 16.091656 0.938248
65.536254 30.067168 0.937696
53.246537 21.234128 0.939901
69.267168 31.802699 0.947907
66.951835 25.576460 0.939573
68.845836 24.509100 0.936212
46.593176 31.618398 0.942374
64.671707 31.637341 0.934838
73.285481 27.581755 0.940690
65.473471 29.392926 0.935520
55.899082 22.980308 0.936458
50.973989 30.526754 0.939543
74.396866 32.449896 0.938177
71.754612 31.627408 0.937624
61.669581 30.461956 0.934746
57.125225 31.247164 0.938884
57.752087 14.844397 0.938104
64.978745 29.233268 0.937323
53.196820 22.830757 0.949441
45.643219 18.030591 0.933623
56.344828 27.810846 0.936525
63.720192 21.522125 0.946238
39.806424 21.276354 0.939690
73.231400 26.057210 0.936759
42.054871 26.027911 0.937491
41.080508 21.552051 0.939346
61.995309 19.419080 0.936511
65.259862 15.366656 0.935425
37.423523 17.362549 0.939577
70.302716 25.167095 0.937841
51.197835 22.731775 0.946902
43.565287 19.646777 0.946486
43.534071 23.120498 0.938641
48.935198 21.395739 0.935160
53.838598 30.433155 0.934068
53.978490 29.037327 0.934380
46.613756 17.985800 0.947096
60.505382 22.421877 0.949610
41.843986 20.224096 0.947433
38.493145 23.219682 0.936295
44.318629 28.632620 0.934823
51.676982 27.755749 0.941159
48.612672 16.717395 0.935361
41.634094 21.559840 0.944357
56.689481 29.559284 0.939057
58.278596 24.542532 0.942339
52.497863 16.728666 0.934625
56.439346 27.462013 0.939552
63.972911 19.614711 0.945555
38.894534 21.010275 0.936925
46.418283 23.488125 0.943393
52.152670 26.754037 0.942241
49.171746 25.372161 0.946773
46.853065 21.956059 0.949473
49.264037 15.866148 0.936101
64.589267 19.322225 0.934375
47.660985 18.120079 0.937045
63.297617 23.931285 0.946896
63.443370 22.580768 0.936390
46.744606 25.455921 0.945876
50.380306 27.739421 0.944537
62.915346 16.788991 0.934538
55.812714 21.357030 0.934899
62.241793 19.092704 0.940343
74.297981 31.212058 0.949608
39.791958 21.350630 0.940268
47.844898 22.502998 0.934367
68.282065 23.508307 0.949692
61.474694 32.298987 0.944832
57.187180 15.237215 0.933747
52.921040 16.126380 0.944085
57.075768 27.869631 0.939139
55.215670 25.677531 0.941850
36.339586 19.473166 0.948344
52.759855 30.982484 0.941753
52.343134 30.680667 0.944190
60.198224 19.798775 0.943390
51.599352 20.909037 0.939895
52.938313 27.681437 0.947763
64.903230 26.585629 0.940616
56.874389 27.070243 0.943816
75.218772 26.987253 0.937588
48.924064 14.566834 0.946404
66.275203 21.814582 0.948570
54.323789 18.399624 0.936903
43.800515 18.379744 0.945815
37.531615 27.300756 0.937851
38.750855 17.141932 0.937213
59.161482 26.239383 0.936333
62.339271 26.738501 0.943836
56.321798 31.696382 0.949406
60.044350 32.356123 0.939564
64.927957 25.319600 0.936826
63.260795 32.039920 0.933382
43.052300 27.480608 0.944338
48.500927 19.048397 0.940628
51.160943 23.615705 0.941101
51.604936 30.497599 0.944433
60.953562 26.991693 0.938254
66.516021 26.769740 0.943796
67.045315 29.480648 0.942905
72.707839 30.992027 0.948082
69.121308 24.392647 0.944292
73.091570 30.263910 0.936225
49.354767 15.861674 0.941265
44.499514 25.733255 0.942085
47.033177 31.924788 0.947694
46.666860 21.178202 0.941501
54.152464 22.286885 0.941300
55.500402 26.856984 0.937032
66.668317 29.624339 0.947359
47.325252 31.307439 0.949051
75.141401 28.451304 0.944247
58.808065 23.272796 0.939570
55.623862 29.102668 0.941494
61.197644 17.194918 0.934225
50.208448 15.547727 0.941747
48.486382 25.271084 0.946440
54.910765 22.075039 0.942843
47.328077 31.068351 0.939497
59.618268 27.058086 0.933468
42.669068 28.481487 0.949932
38.318006 20.625719 0.948277
58.393401 15.766552 0.940954
36.672172 19.776535 0.939822
63.217456 26.881923 0.942238
48.132229 23.389576 0.941147
62.565440 15.648603 0.945244
42.108957 28.466555 0.942308
57.580151 23.315398 0.948989
69.073016 23.452727 0.935181
45.734861 23.515701 0.945900
40.845046 18.523095 0.949961
40.695165 22.270865 0.943909
58.982270 28.191992 0.934605
63.084197 30.953870 0.939162
58.479202 24.900373 0.937908
45.368115 20.344151 0.936627
50.925782 20.233068 0.934509
42.351090 20.303688 0.944125
40.973319 20.870291 0.948501
65.827201 32.476407 0.946040
51.664834 21.578609 0.934244
44.824763 16.466388 0.938951
54.603375 27.868224 0.939068
54.903181 16.627073 0.948517
73.857152 28.817402 0.947970
59.943555 26.723703 0.946408
62.321993 22.601220 0.943932
61.921031 23.703280 0.946189
37.885911 20.893969 0.945352
66.978163 21.603597 0.949805
50.633790 29.471986 0.946236
48.544647 20.088564 0.935366
56.371300 24.946726 0.944381
60.070138 30.870269 0.948394
63.610096 18.939749 0.935692
47.255750 20.538539 0.933343
39.838405 26.327167 0.941904
38.597361 22.288629 0.937447
56.415474 27.608109 0.944427
54.121310 21.204776 0.942270
44.854642 27.265196 0.939790
36.744336 26.602370 0.948785
74.882410 24.523456 0.947447
49.033255 17.267537 0.934201
58.208335 31.257648 0.942001
51.234926 15.666286 0.933416
58.875026 28.261450 0.939953
54.670538 15.321931 0.947294
50.033894 21.605040 0.948538
67.965137 32.163424 0.946384
53.027029 26.960950 0.950000
62.476995 24.673545 0.938080
61.322173 18.593450 0.938039
47.032248 26.761570 0.944134
56.248647 25.535819 0.940988
60.331614 18.566911 0.942329
55.572747 26.006247 0.947726
65.659462 24.826272 0.949496
56.850408 29.619197 0.937237
69.144947 23.489125 0.935102
51.938212 19.852493 0.943364
43.477240 23.235659 0.948460
73.650584 32.083891 0.933833
47.533711 31.276488 0.949373
46.385561 25.668273 0.935796
57.207516 22.512914 0.938329
72.344643 31.916917 0.939321
72.183759 23.603810 0.940342
51.648213 15.328305 0.946051
41.769648 17.605797 0.935195
68.786225 25.845029 0.935829
56.550122 30.958354 0.949323
53.264105 31.040462 0.948642
59.916758 22.580887 0.937396
72.797424 24.170652 0.943479
63.310337 22.063039 0.934893
62.473250 16.039186 0.943485
62.221014 30.556000 0.933569
64.715257 30.475214 0.942836
52.300385 21.540016 0.944543
47.470639 16.697163 0.941286
59.967063 20.492974 0.933839
61.360310 31.792737 0.935844
52.511738 28.141622 0.934520
64.256454 24.214673 0.941161
59.439972 23.945968 0.933464
57.050196 31.378235 0.947773
48.238152 22.132307 0.936641
58.817616 20.903879 0.948349
54.255912 18.074480 0.941880
47.197392 20.572236 0.943863
42.385424 28.232382 0.945629
56.602715 20.241793 0.946726
57.961606 18.278485 0.945631
58.437517 23.776836 0.942963
44.596535 20.616990 0.933876
46.712241 31.972720 0.942809
54.169852 15.344674 0.945963
46.319803 22.622114 0.938150
47.637745 26.561383 0.948741
43.413665 22.652419 0.944141
58.158012 15.378772 0.944998
43.088909 24.672156 0.947485
41.294713 23.868256 0.940585
51.308520 30.957590 0.943048
62.948523 23.153341 0.936878
51.588717 24.145182 0.944029
57.449410 30.201422 0.934742
38.374995 21.842592 0.948045
53.418454 16.215137 0.934181
51.745416 31.429411 0.945613
44.743646 26.026148 0.946271
47.281200 23.066681 0.933381
37.155720 27.851983 0.945984
47.652967 19.401388 0.942390
40.529658 26.650424 0.939516
51.024270 15.357273 0.944604
71.288636 24.963256 0.936311
38.862623 21.114032 0.941846
43.965300 31.836499 0.936619
46.064188 15.974263 0.934505
52.373659 16.254834 0.934705
72.943488 23.392050 0.940758
60.766668 26.362932 0.944433
54.257439 14.735116 0.941925
42.270410 25.013805 0.942064
72.417269 31.856855 0.940442
40.049313 17.687045 0.933855
66.015179 23.001483 0.942969
56.314082 22.952337 0.942669
60.075395 14.366601 0.948996
57.253666 17.978049 0.933868
43.466236 18.086800 0.945750
40.591856 24.664521 0.934234
46.243752 18.245289 0.943745
52.381021 21.602710 0.942173
39.900621 22.380531 0.947477
60.012656 27.241800 0.940130
56.598658 23.393245 0.940432
71.388044 25.708298 0.941395
72.276936 24.737894 0.933716
58.536276 22.288229 0.940614
65.051054 14.801353 0.948118
59.128577 25.296063 0.946989
51.037082 19.607869 0.937001
63.412057 17.486775 0.939239
47.269747 19.093437 0.936653
47.564759 26.938073 0.948218
49.416481 13.909686 0.938114
42.824739 18.268051 0.938727
64.439887 28.503925 0.939170
52.741774 26.988813 0.938371
69.323910 28.024132 0.945731
42.103528 30.645624 0.948640
55.653858 16.390477 0.939763
59.374089 15.676374 0.938873
69.939956 29.947973 0.949010
70.456820 29.520665 0.934560
42.306925 23.031258 0.934902
39.874214 26.838011 0.939019
47.423713 22.500258 0.941716
63.688316 18.574629 0.937255
50.244581 14.729324 0.941433
43.032028 30.519421 0.941464
45.717201 23.715313 0.934376
50.396189 22.125783 0.947984
39.990732 22.435047 0.940368
65.228767 29.340929 0.937411
61.053257 19.713158 0.938102
61.407020 31.411993 0.936157
42.790825 25.574022 0.943710
54.822502 20.659514 0.937609
66.976033 29.889458 0.949218
42.250529 17.604359 0.937941
48.023058 20.038586 0.938335
43.154111 29.414268 0.941173
56.237238 19.942875 0.940553
60.653149 31.403415 0.935240
65.674127 15.169116 0.947140
63.125728 27.738886 0.948703
61.258148 18.110034 0.944637
59.302628 20.431863 0.936383
66.166773 28.759479 0.947404
44.446823 27.745109 0.948084
53.928668 18.148419 0.944427
67.397925 23.035563 0.935626
41.533681 18.096537 0.937398
60.975136 31.346380 0.941663
63.641763 18.564324 0.938217
65.210412 23.528522 0.939175
40.420188 25.188156 0.943692
71.534655 29.775737 0.946914
75.078410 26.196848 0.942908
59.913688 24.885915 0.940979
67.576061 23.595907 0.946749
57.013086 19.587826 0.937629
60.419864 22.946291 0.941360
46.375398 20.189016 0.934537
62.338581 17.304924 0.949910
50.139811 21.934529 0.936275
61.151452 21.227935 0.943576
54.789510 19.630268 0.942874
73.259931 29.134039 0.938134
62.545549 30.071928 0.947779
52.214770 31.143085 0.948336
61.027925 23.737610 0.948617
36.559926 27.112602 0.935338
40.835018 16.504612 0.936107
75.528222 28.013189 0.944965
42.047958 21.272933 0.943913
42.524718 21.756404 0.942951
39.622057 28.379190 0.935682
63.766011 18.523189 0.935635
45.200268 18.312139 0.940833
65.300108 18.475601 0.948547
60.056650 21.415301 0.940951
53.909874 24.064914 0.936089
43.749708 20.585123 0.949327
46.968529 20.333916 0.949234
73.023421 32.482991 0.937647
71.728435 29.123747 0.945326
46.447122 20.347244 0.949639
46.701050 23.459026 0.936054
52.233929 26.197591 0.946990
44.593779 29.854175 0.940496
49.392923 23.528576 0.946287
48.483436 31.744555 0.940104
60.068693 20.170139 0.936310
57.833541 23.079363 0.949444
54.118145 23.534711 0.933497
57.292775 22.834735 0.941054
71.789588 24.709821 0.940268
50.673959 25.866219 0.943560
75.470308 27.153600 0.938280
36.216056 27.281892 0.942751
66.476781 29.812543 0.934902
60.992020 25.662087 0.934442
38.463213 27.091444 0.942157
44.788898 30.928129 0.944329
73.063930 30.320199 0.935229
71.590680 30.187741 0.933734
62.158834 25.518799 0.938755
36.008634 19.901349 0.935816
62.261257 14.666570 0.948345
39.986042 29.030437 0.947101
60.119533 24.617497 0.942511
39.906130 22.618435 0.945803
67.113791 30.678218 0.942318
72.106138 28.843521 0.942343
47.225204 15.675917 0.949093
57.882173 28.556831 0.946365
64.610571 23.032050 0.943000
48.722422 20.184607 0.939872
59.289026 24.220189 0.947510
54.235828 30.224397 0.949615
40.189566 23.520386 0.942430
44.056216 29.405042 0.935797
54.687289 28.465765 0.942027
69.677375 24.032229 0.948183
49.111003 22.663645 0.945136
63.256310 15.381927 0.935372
71.674241 26.742026 0.947756
45.779134 30.799125 0.945268
50.580967 21.490396 0.948649
57.807948 23.342736 0.935439
62.375706 15.863133 0.947124
40.327785 17.801106 0.938417
55.806365 21.935272 0.942463
60.407201 26.404813 0.944043
47.286984 31.429448 0.948271
58.626808 23.836192 0.948995
60.437593 22.886063 0.939368
48.695795 30.108893 0.941697
73.497316 31.329177 0.933861
54.531190 20.638645 0.942026
73.170417 29.734210 0.944851
40.290311 23.827319 0.933645
57.477005 30.613419 0.935043
60.257943 22.753524 0.938711
46.622543 21.479375 0.948084
49.127073 20.566853 0.935256
63.090168 18.859812 0.934139
53.749780 23.009630 0.936819
44.985752 28.229442 0.943288
53.011506 20.453176 0.939843
52.416858 20.380825 0.948920
57.326699 24.926837 0.946901
47.723744 14.519550 0.945510
60.418206 31.642703 0.945536
63.307980 27.992358 0.937578
57.290404 27.145964 0.945995
53.603359 28.400535 0.942668
36.732543 19.986207 0.949655
38.169658 21.351435 0.949149
59.725833 19.666150 0.939755
57.256898 27.106240 0.936012
44.074956 18.471169 0.938233
48.527448 17.779946 0.940703
46.345471 18.338342 0.942394
39.634987 18.153632 0.937329
47.646053 20.379054 0.938075
60.047231 27.604240 0.942068
39.076938 16.365493 0.940226
41.082377 23.055339 0.938033
53.008593 25.493983 0.935231
56.919267 15.361735 0.949346
60.841586 17.402036 0.946174
55.955866 27.690627 0.936389
43.480502 19.623516 0.944848
58.046263 26.739513 0.940500
52.719910 20.187103 0.944313
48.651558 21.969658 0.945775
51.665309 27.470087 0.941486
51.457234 23.697809 0.934612
59.861860 15.884667 0.947309
64.187454 16.828365 0.947916
45.232172 18.194456 0.948948
53.359567 26.936907 0.940558
60.219428 27.759558 0.946675
38.965623 28.106388 0.941006
74.616712 26.481074 0.938014
37.147204 24.513524 0.948128
62.319619 15.477046 0.941882
61.967340 30.691901 0.938096
55.869333 14.888431 0.935071
44.454955 23.386599 0.948607
51.052995 27.826742 0.935484
52.163182 27.352637 0.946042
68.530747 30.081341 0.938235
51.304196 29.172594 0.944010
57.153248 26.752993 0.943809
47.055574 21.607148 0.936770
68.242020 24.846062 0.943450
49.687409 23.669270 0.938628
70.842919 26.220845 0.947963
59.482223 15.872549 0.944114
40.162252 27.321958 0.937679
54.052806 29.669035 0.940922
61.230868 21.680986 0.939940
47.146162 25.904954 0.938168
55.937869 21.317872 0.948274
48.651392 20.213177 0.945049
48.911265 27.924408 0.946426
41.147944 23.737967 0.934243
59.650079 15.893140 0.935695
43.825634 19.714649 0.948511
55.305029 25.112011 0.948274
60.392406 26.200766 0.948285
52.782718 30.927703 0.941661
69.568995 24.547529 0.940092
37.359664 24.453893 0.939522
55.903480 19.711866 0.939986
52.580379 26.684559 0.941942
57.441922 28.583584 0.937129
61.415676 15.561252 0.938819
36.985720 24.074430 0.936640
53.193785 27.653527 0.939017
70.840849 28.078496 0.936652
42.566790 19.132117 0.946249
68.246710 23.111978 0.945266
36.040308 21.831123 0.936890
57.270603 21.166516 0.942261
37.133619 26.756492 0.941395
39.703189 21.468091 0.946839
41.447783 30.629827 0.943028
49.742770 16.083983 0.933531
47.766732 14.892289 0.947145
58.279489 19.248265 0.937928
60.716829 16.555037 0.942787
49.963152 15.053011 0.939158
47.538908 19.834233 0.936112
57.122899 26.303199 0.941683
45.422728 23.468002 0.939867
49.579411 17.584271 0.946603
75.219842 28.883337 0.946699
49.183276 27.663429 0.943035
45.775967 19.327131 0.948064
54.151901 23.942294 0.941750
51.754927 26.505695 0.936651
74.805088 23.961067 0.936355
65.833896 31.764874 0.945190
50.693872 24.275615 0.939518
59.998083 14.061726 0.943915
53.651644 31.839924 0.947678
58.081429 29.615486 0.943113
47.172343 24.659633 0.941639
50.166038 22.127417 0.941638
66.270728 27.225674 0.949843
59.734974 30.276093 0.943380
64.111408 22.308434 0.936462
53.626918 32.544386 0.947665
59.264118 21.558808 0.936250
38.366181 25.939047 0.941857
62.016706 16.130721 0.947405
53.624815 24.258482 0.940488
41.738141 18.258092 0.936424
56.573197 30.179716 0.933810
60.116722 27.080118 0.942397
62.529041 21.590849 0.947728
38.046296 27.986340 0.945049
59.134055 27.744130 0.937639
56.214236 16.398495 0.935663
50.704655 32.135757 0.948674
59.893218 29.781631 0.943549
65.732668 24.742692 0.947406
50.820502 29.185933 0.947489
58.557365 26.924225 0.946166
75.430001 32.499840 0.937687
61.924508 31.508104 0.940881
49.993334 29.141745 0.935178
52.023539 21.481484 0.941722
47.086662 25.988142 0.949271
49.550882 23.548294 0.935973
48.094460 25.126586 0.947348
63.049280 18.122818 0.945809
72.830474 30.235565 0.946087
62.496656 19.174727 0.948260
47.853974 19.985034 0.942939
56.494442 29.616245 0.949639
42.169867 24.498912 0.940863
58.298198 21.335560 0.935553
39.063003 28.633402 0.939941
46.836774 19.374872 0.945893
74.000030 31.881497 0.949327
50.356963 24.472737 0.935536
40.538570 21.181955 0.937164
47.425394 14.501070 0.947722
55.248537 24.309459 0.949302
64.056859 32.240551 0.945973
56.161674 26.799105 0.948163
53.830651 26.731275 0.943590
36.676601 27.439319 0.938595
58.900911 20.357833 0.943139
59.388632 16.859655 0.944585
47.524871 19.445401 0.936529
47.225221 28.422062 0.940910
40.321762 24.548103 0.933354
44.195938 24.243786 0.948082
42.430336 19.460246 0.949517
64.227650 27.102174 0.934476
64.852697 16.985593 0.947064
54.728772 21.353008 0.934464
52.226646 13.775829 0.944552
51.028702 24.918009 0.946604
58.689269 20.799705 0.938503
38.903493 17.423219 0.941790
59.292542 17.035786 0.946975
72.388696 26.612728 0.940698
66.360652 28.264975 0.945155
51.602379 27.112011 0.943552
66.388943 23.768891 0.948140
59.096688 28.170625 0.936562
47.746495 18.169042 0.946112
55.138409 25.858148 0.942343
42.567884 26.338442 0.934350
45.215384 30.290793 0.933424
40.031084 18.584530 0.948663
49.797504 17.080788 0.948480
56.201191 16.989295 0.934613
55.670181 17.406244 0.936150
49.185688 31.046637 0.936924
74.396286 26.440036 0.944799
57.126549 25.993989 0.945262
67.731361 26.635063 0.949532
61.143224 22.828179 0.945441
50.898825 23.121927 0.941654
75.256433 24.088522 0.936158
43.587404 23.562440 0.948216
58.095509 27.470853 0.941456
36.598029 19.218004 0.948827
62.946225 27.960426 0.948372
67.985089 29.384999 0.935706
62.254959 26.400081 0.941532
71.617449 28.994438 0.941997
69.357341 29.595712 0.945219
65.091192 18.546441 0.947147
62.742896 31.530583 0.943851
51.675985 14.175818 0.933682
42.228434 18.047672 0.949576
39.436779 21.256888 0.935508
60.568845 24.100584 0.948915
60.691832 14.216050 0.946289
43.136669 24.453247 0.934876
47.714602 14.259035 0.948441
63.116482 28.944976 0.944900
60.651223 27.942529 0.934273
50.099275 22.592472 0.943490
51.424495 25.508944 0.946977
49.188723 21.834697 0.935805
64.742299 29.506526 0.945066
63.612611 31.746435 0.949617
55.443614 18.044938 0.947620
46.277249 28.857180 0.933725
41.876636 25.085449 0.948078
73.899424 26.289159 0.947371
42.564772 21.661095 0.940743
59.769464 23.244731 0.936450
57.406818 26.872311 0.936139
58.001399 32.531334 0.946711
75.849092 27.258546 0.940992
46.397342 20.307572 0.948489
47.105342 17.112611 0.947182
61.692900 32.000853 0.942644
60.244218 19.265096 0.938499
54.043791 24.607248 0.940099
58.209137 15.301601 0.947831
61.684765 22.321144 0.941450
47.855758 19.981315 0.935546
37.987679 22.522327 0.938937
53.286265 30.318339 0.942571
70.037302 25.405174 0.941848
47.460401 17.906022 0.949237
37.605567 16.927120 0.946949
66.612525 28.125273 0.945191
66.102192 19.430578 0.945061
54.171879 25.678355 0.947749
71.824573 31.167227 0.947506
48.246714 21.552184 0.938336
65.046341 29.367371 0.942931
70.036246 24.263558 0.934674
52.086048 13.844802 0.949644
54.508249 16.634902 0.939388
54.125989 31.364914 0.943598
58.022670 28.156448 0.945289
45.032003 19.398516 0.942833
50.807889 30.929421 0.939160
65.608189 15.284582 0.948348
50.645160 21.477043 0.935415
64.457940 32.097398 0.936402
59.916654 28.074520 0.933915
58.937733 30.913655 0.940176
51.717531 15.447429 0.948833
51.287125 15.815197 0.938137
64.526199 31.243637 0.939613
48.007708 28.385714 0.941243
68.280913 28.768220 0.940119
56.796804 18.502712 0.942526
49.868261 28.977262 0.935888
66.693387 23.899456 0.939482
51.654519 16.797024 0.944345
42.416025 19.462979 0.947429
40.225482 23.972915 0.936920
57.384993 28.441463 0.935252
50.773636 22.399414 0.946628
65.933304 19.671588 0.947983
56.269977 21.391730 0.949783
50.790604 26.318885 0.941900
70.542988 28.228805 0.940672
51.073578 26.484193 0.938809
37.364435 25.193499 0.942410
49.162630 19.161790 0.940906
55.500991 26.834696 0.943846
62.002853 21.830378 0.943101
54.990773 16.954583 0.936562
55.593467 31.029140 0.942022
69.116828 24.054073 0.937079
70.113634 31.434107 0.936039
48.370913 21.371500 0.946622
72.003109 32.280507 0.943129
58.657792 29.302928 0.942409
57.563000 23.685571 0.939705
42.641632 30.301265 0.947515
70.266176 28.402051 0.946593
53.377176 31.621406 0.949130
44.040630 21.974308 0.947335
58.109009 25.805339 0.946578
54.596662 30.172765 0.944594
62.842841 25.567580 0.934000
41.939495 22.388340 0.942009
54.530032 32.087329 0.940244
37.490847 21.179582 0.936939
45.858742 27.604873 0.934793
58.735734 14.994718 0.949124
56.852627 19.713183 0.936631
55.904265 17.570753 0.948159
58.539093 29.882086 0.943151
55.696814 26.508660 0.944766
50.978288 25.357333 0.946369
38.687658 27.042311 0.949865
43.511080 19.723951 0.947095
65.235645 17.539792 0.941179
46.806107 24.620693 0.934519
41.578304 24.489689 0.937604
62.327379 30.488065 0.944573
55.440182 22.374666 0.938120
40.511441 23.617009 0.948981
46.790078 29.238200 0.949804
62.330743 25.889688 0.944147
48.607992 32.411936 0.939359
50.957634 24.885135 0.943778
68.266048 30.082267 0.937720
58.259131 31.547055 0.937282
53.325248 19.202196 0.933808
48.204126 22.628716 0.933561
43.937120 18.251898 0.934628
55.850228 15.155705 0.933779
68.079146 26.620374 0.944368
73.504494 27.184395 0.944340
63.674757 26.303327 0.947957
62.487746 15.937227 0.943414
58.142964 23.854041 0.942510
56.552125 27.177482 0.935076
63.792512 30.940938 0.943641
42.161844 19.215950 0.937706
63.223961 21.775821 0.946315
73.471883 31.896934 0.943426
41.825316 25.275962 0.938674
50.004950 15.315768 0.934390
55.953626 17.190263 0.944023
50.678979 23.054904 0.940694
38.611369 28.905311 0.946241
53.307634 27.067518 0.942615
63.269982 26.010735 0.937442
59.307202 27.037221 0.935529
64.725935 18.921671 0.937526
51.015843 19.843673 0.941656
40.441964 22.281696 0.935208
47.745733 24.299908 0.948614
65.978950 26.475181 0.942369
54.002978 23.056889 0.948026
60.523460 14.342303 0.934836
36.206891 25.467425 0.942238
57.654555 22.312484 0.939121
68.134912 26.627854 0.934418
45.457630 18.188498 0.942974
46.635319 29.765210 0.942514
61.838432 23.361141 0.938786
64.634175 15.494669 0.941867
41.313723 26.276601 0.933704
56.977134 15.862321 0.938939
45.327384 28.284115 0.947091
50.583923 26.935680 0.944669
60.137239 26.134368 0.945100
36.511598 17.910958 0.934770
60.974086 18.175000 0.946983
43.132388 22.571089 0.934991
48.138982 29.452877 0.946837
50.732263 19.854122 0.937279
37.412812 23.922734 0.940035
68.174728 26.038259 0.947904
65.785540 19.162114 0.940549
73.745810 23.785786 0.944594
45.352415 20.398469 0.935382
41.056373 31.800256 0.933381
47.412272 25.419258 0.938117
60.968664 21.088820 0.945384
50.895085 27.093471 0.948983
60.628551 30.931712 0.942049
55.106780 30.555821 0.937836
42.064345 25.428441 0.935547
41.052052 31.627393 0.941875
61.801940 26.592577 0.935317
54.398772 20.698946 0.948549
51.876903 20.104208 0.940551
73.030668 32.430397 0.936809
41.786152 17.560574 0.935357
67.814789 32.323998 0.946855
44.380283 20.851116 0.935538
42.779585 22.248598 0.939301
75.766760 32.088791 0.933494
72.647894 25.534889 0.948144
47.157677 21.517109 0.933441
37.707100 20.901655 0.933627
42.992373 23.074888 0.937350
36.583889 19.266200 0.948426
37.594580 22.880724 0.934716
46.459545 18.751297 0.936716
49.601460 20.360825 0.938266
64.394476 17.325583 0.942961
64.552339 32.097279 0.936690
67.730681 27.005980 0.948626
58.976504 14.705974 0.945232
75.791883 27.641828 0.943578
52.534293 32.536189 0.946486
51.790456 26.866068 0.937504
65.129604 24.618645 0.936842
65.321582 29.266156 0.946406
44.830284 25.161489 0.948482
58.801732 28.647818 0.937154
74.596392 28.983601 0.944045
54.278302 27.084173 0.945841
62.196265 30.714275 0.940809
66.457854 24.757398 0.946196
73.577659 28.242071 0.946389
38.944227 26.265047 0.941272
64.908385 25.252984 0.937348
62.270718 30.952378 0.940175
46.584668 17.185867 0.938135
65.914406 23.100831 0.937034
60.170789 31.517003 0.947226
59.595089 20.088513 0.943525
54.708870 29.976980 0.943284
57.058700 22.606980 0.940885
58.133572 22.635204 0.936699
57.169638 21.643581 0.941858
61.997172 19.586812 0.935557
52.590623 26.718669 0.942354
70.550652 30.226541 0.939821
64.518761 21.448080 0.946410
51.666556 16.402237 0.947372
48.287115 19.249961 0.942559
49.252041 31.111436 0.938772
55.249013 18.832387 0.938768
44.115796 28.340160 0.938802
42.506745 24.739467 0.949111
44.777212 23.006969 0.949608
67.568371 25.578291 0.949720
59.367380 24.872993 0.945982
50.254706 20.345414 0.937902
63.888717 26.680201 0.934878
57.086042 14.925746 0.939347
46.557523 26.065884 0.942630
62.364914 24.768117 0.939740
60.014912 26.988477 0.939611
71.087326 27.245124 0.934570
40.122512 16.932124 0.946609
51.723726 16.087658 0.935909
43.654902 31.728060 0.939624
68.589637 32.389288 0.934453
45.164209 23.740140 0.943885
54.050543 23.405687 0.937904
56.629721 23.327379 0.937283
46.212987 27.099785 0.936939
43.898656 16.233907 0.947356
53.815176 25.726729 0.939833
63.946583 25.391828 0.936682
65.872364 26.063103 0.947517
48.145198 14.074801 0.934917
60.801084 18.641283 0.935518
59.731452 22.675686 0.934948
58.328185 18.672810 0.940589
56.108562 24.966975 0.948932
74.209541 26.656590 0.933657
65.923509 19.837530 0.934778
50.941242 14.362158 0.944097
38.677119 17.675334 0.946730
60.413082 24.131075 0.945580
69.376911 30.788103 0.943618
62.651480 17.030191 0.939810
45.855185 31.051567 0.946981
39.146691 26.983752 0.940562
53.982765 14.466298 0.938611
55.459081 25.528529 0.948278
46.535125 26.076176 0.945675
55.182685 26.540623 0.947400
45.076669 22.710178 0.935809
48.640239 23.354870 0.941448
60.663100 32.228858 0.934714
50.872496 14.623425 0.947789
65.686534 19.388222 0.944287
59.199623 27.097638 0.949401
52.662855 16.896867 0.942443
52.310807 15.817024 0.944170
49.866352 17.559337 0.948673
40.159901 21.898444 0.939744
47.979532 18.644785 0.943436
53.843271 21.731027 0.933484
43.970313 24.108550 0.944951
64.442599 16.548395 0.948401
61.651228 24.715952 0.938666
50.889447 21.980441 0.949001
45.300936 30.317854 0.937328
70.041164 24.894826 0.942059
63.452514 18.879861 0.936015
59.868044 32.107557 0.933975
38.880416 20.585982 0.934077
43.250752 18.873626 0.942998
69.863992 27.580783 0.941501
59.437354 31.837265 0.938265
61.722498 15.046543 0.936052
59.629470 28.249473 0.945237
64.938992 25.509415 0.941698
60.363038 28.371995 0.938537
60.432090 19.024172 0.941130
38.032805 27.746247 0.936351
62.118586 23.656068 0.941919
53.063480 23.822005 0.934055
73.269256 26.740021 0.934429
60.794096 20.452445 0.938477
48.146982 18.967097 0.942309
75.982321 24.813593 0.944080
62.840040 15.686301 0.933863
49.402884 19.048394 0.948332
73.917742 27.309514 0.945823
49.219549 28.633477 0.936238
62.492004 30.636963 0.935482
61.092658 21.305158 0.939811
40.123773 18.857862 0.945618
42.043532 26.052012 0.945688
51.457703 31.519206 0.940724
43.589620 19.052412 0.944508
49.284516 19.535465 0.939162
41.754345 17.756661 0.945714
44.377401 27.769419 0.947497
50.412685 15.419470 0.942503
44.618323 19.779304 0.933472
63.760084 20.639712 0.934316
59.604724 16.356109 0.935276
46.870869 20.705415 0.948895
54.998323 21.276724 0.934526
47.547755 14.946658 0.938601
63.005588 24.530839 0.946918
54.154807 31.888944 0.943173
51.143093 22.449788 0.947697
47.725913 20.040730 0.934723
58.016387 28.469964 0.940050
63.407718 23.242040 0.940419
36.202030 18.405226 0.949196
56.281709 24.696265 0.946776
58.937118 26.130135 0.939184
42.472767 24.966907 0.942451
70.296915 24.950512 0.943919
49.654651 23.911526 0.938650
51.632615 29.743948 0.943046
60.228299 23.055269 0.943558
48.055434 14.293706 0.937356
52.053916 24.286335 0.937433
43.973379 28.859341 0.939152
51.248137 14.138350 0.941641
46.780736 22.980697 0.948314
73.249702 32.159649 0.936697
52.241523 29.656480 0.944006
55.300478 20.836366 0.933981
65.890982 16.313909 0.947553
41.378196 30.530690 0.935782
63.134970 22.346781 0.939323
55.747737 24.964802 0.949165
65.025955 16.983582 0.934485
66.744102 15.375348 0.934174
40.679754 18.789790 0.947285
38.040478 27.561953 0.948687
40.908455 27.447518 0.948870
53.760950 29.649795 0.946575
54.103150 28.054012 0.939323
53.287987 17.799823 0.936309
65.797429 25.440703 0.937238
73.348131 31.300287 0.942737
66.645997 30.757086 0.947915
50.271436 18.220506 0.939784
58.232014 22.422615 0.937108
71.234604 28.410572 0.942398
53.739622 25.616857 0.938789
36.752771 20.069110 0.939495
64.421725 22.719237 0.946287
57.208294 20.060798 0.944307
47.230725 24.926219 0.941127
36.280493 27.126108 0.936453
44.221717 25.622169 0.943685
61.424372 28.813787 0.946329
44.207136 17.046280 0.944232
43.442674 25.820867 0.948195
52.615433 22.093491 0.935634
65.590048 19.512784 0.949774
52.757514 20.342518 0.947022
54.249236 18.961280 0.942744
44.294845 20.654106 0.934936
40.789223 24.375299 0.937329
49.357143 28.061952 0.936477
59.553213 32.450944 0.945267
43.797158 18.789201 0.944335
47.144453 25.697619 0.936407
74.475883 25.508485 0.933392
65.105495 29.372707 0.938087
58.023807 28.704317 0.933890
36.878008 26.742277 0.938011
39.422413 27.384011 0.942954
62.146494 17.252151 0.936306
38.522923 26.552384 0.936392
56.125812 15.860938 0.949611
51.073731 25.673893 0.941570
42.919420 20.750872 0.942213
47.448869 25.349999 0.934573
53.257743 22.145580 0.937992
57.055069 18.295681 0.941151
60.384321 23.219221 0.947931
37.819817 26.439092 0.939605
48.635505 15.613122 0.940660
54.341110 30.246702 0.939264
60.207205 24.618750 0.943360
41.646352 30.432692 0.936528
67.272675 23.472167 0.943756
61.174632 17.515234 0.936511
59.204657 16.320625 0.939712
48.817939 20.873911 0.937477
59.648267 18.738530 0.946860
43.591257 17.901840 0.937395
72.573530 24.877157 0.940044
63.022154 15.066622 0.933992
74.083085 31.401002 0.936445
38.396696 25.812115 0.939767
70.179348 24.257229 0.934614
49.274970 15.949758 0.935854
43.084413 29.619603 0.934461
44.011333 31.228238 0.946413
51.549675 15.311859 0.940417
37.507279 18.788564 0.948044
55.125420 15.794989 0.937782
57.072461 20.153158 0.937137
66.576752 23.847339 0.944255
51.822868 20.156091 0.940880
55.796936 17.545454 0.947046
43.615788 22.635391 0.948261
54.766099 32.054922 0.942641
58.823527 22.894506 0.942012
53.040602 20.501226 0.937445
70.080314 29.298483 0.934104
66.561840 16.146341 0.946668
41.067681 24.542682 0.940744
48.134926 15.058795 0.949543
72.717759 31.198288 0.947840
57.120548 28.661959 0.941724
51.952125 26.963857 0.935238
53.477957 25.725168 0.935353
38.144624 20.995067 0.936004
51.049001 17.607824 0.937497
63.830202 23.803545 0.949561
48.677805 15.657656 0.939422
72.181106 30.369441 0.943712
54.783650 22.262656 0.939469
73.209396 30.821695 0.941505
57.616232 22.572813 0.936772
43.357728 21.387181 0.940844
49.127619 31.840943 0.948452
54.755170 21.978255 0.937368
47.558705 23.461508 0.937615
62.277534 17.932388 0.945121
69.942287 30.230804 0.949198
39.135988 18.146157 0.948308
56.023206 29.688801 0.941921
36.962491 26.192846 0.940967
49.472834 14.766661 0.934202
74.950468 30.527829 0.938161
61.013011 18.536196 0.937566
42.189610 26.096377 0.937740
55.725558 17.555888 0.938551
53.086886 17.424211 0.938547
49.769425 29.420435 0.941625
74.765280 30.186885 0.940343
45.782056 30.793604 0.945852
73.385582 27.903052 0.942338
55.175114 31.371362 0.936583
59.322100 27.806605 0.935311
67.518727 30.091190 0.946714
55.723191 22.793476 0.939965
51.162455 26.736726 0.940723
57.658233 23.600783 0.945768
48.336469 31.478972 0.936173
63.388368 29.042654 0.942325
45.664017 31.685108 0.936182
46.910204 23.544774 0.947966
66.449355 27.271268 0.943712
57.551093 20.147415 0.941133
43.859709 26.545698 0.939037
37.374796 17.271848 0.939238
59.848391 20.659381 0.942000
37.755977 22.857740 0.939133
55.772267 17.649447 0.938540
60.632239 18.313076 0.943484
56.493990 15.987143 0.944545
65.151900 25.926744 0.943299
58.348551 21.902598 0.937438
67.173041 25.589901 0.949457
38.487796 28.592352 0.935082
71.032178 24.415946 0.946578
39.321165 24.964124 0.935946
36.716949 25.175079 0.936234
46.908910 31.567471 0.947307
73.689987 30.276975 0.947699
43.835818 25.195392 0.942198
60.268777 23.864460 0.947021
60.359056 20.071579 0.945120
66.590529 30.233466 0.933953
48.223413 18.363560 0.936442
53.334355 18.492352 0.935796
48.258993 29.074022 0.933449
64.778564 18.830370 0.947449
56.557447 20.434607 0.944583
73.217393 25.573664 0.935752
57.261012 19.002382 0.937999
49.817348 27.812256 0.940249
71.159585 32.460146 0.935685
70.619996 29.050990 0.949595
55.802095 21.206506 0.937836
54.133410 28.198683 0.943950
58.229228 28.437281 0.938859
60.782693 30.839579 0.936271
60.570262 24.470362 0.941526
52.714635 26.954040 0.934473
64.442711 29.622030 0.947653
51.153231 13.864529 0.937809
51.544338 17.486380 0.943255
44.128956 27.364207 0.948059
59.541529 31.131810 0.943563
65.440758 24.982296 0.936517
38.852077 26.784765 0.943806
38.913117 17.389582 0.947843
47.492910 30.195932 0.943552
66.404915 15.632712 0.939696
53.065695 22.647738 0.934789
38.912856 25.310297 0.944860
67.372102 25.334958 0.941355
57.832405 18.980685 0.949500
74.202758 28.992783 0.940773
48.289233 27.879584 0.948337
63.954713 25.712862 0.935680
57.161385 22.955574 0.946429
46.747703 22.764316 0.948421
43.502869 25.361182 0.937644
69.383460 29.470111 0.946503
47.654628 17.092427 0.940865
41.159116 19.947674 0.944713
43.501015 31.031180 0.935843
65.719339 28.787564 0.939227
58.547369 28.802512 0.938636
46.390678 25.800058 0.943092
40.965047 28.170148 0.948573
41.729865 32.367391 0.945820
57.485812 28.435607 0.945085
55.876770 32.434749 0.947601
40.864184 18.361855 0.939162
54.614339 23.776202 0.945251
59.048644 26.937481 0.939514
60.065804 20.156280 0.937337
74.994078 26.532895 0.943136
69.109809 25.595267 0.942173
58.310010 25.502437 0.943203
52.712319 24.603858 0.938309
56.280944 20.154207 0.940497
42.036102 30.607546 0.942400
62.228934 17.606996 0.948209
63.334538 21.839864 0.934311
64.924945 15.480556 0.943877
58.737948 23.322462 0.940839
61.520350 26.680809 0.940190
37.474239 16.800490 0.945512
50.300140 21.265150 0.934203
50.516218 28.157205 0.949029
41.963577 27.610240 0.949464
56.093255 27.157693 0.940771
62.365787 15.414259 0.942621
50.305953 14.856072 0.946945
65.041174 29.581588 0.936904
53.002905 27.441740 0.942104
41.321777 17.797393 0.947178
38.782394 22.751085 0.949229
71.133482 28.717896 0.945824
62.983239 31.817349 0.936191
41.979598 24.469581 0.937055
71.637604 26.795119 0.949991
67.042352 24.418466 0.940285
71.051376 26.464559 0.940296
57.184878 17.708379 0.943076
37.905166 23.051145 0.939647
63.936594 30.836685 0.947456
39.930932 25.861686 0.945490
63.159775 31.186273 0.949575
49.080103 13.863340 0.939229
43.301468 25.237260 0.941359
46.136357 17.346319 0.942964
45.625890 20.864540 0.938719
47.138885 19.809683 0.949058
51.722090 16.458150 0.949269
59.539842 22.379305 0.934883
38.739139 25.907783 0.939767
47.983033 22.644789 0.940517
58.821267 16.507095 0.948673
40.103001 18.322008 0.948712
45.760904 26.033574 0.942632
69.361152 31.375826 0.935114
48.490802 13.842026 0.948205
44.678570 20.385428 0.940809
42.001825 27.719931 0.945317
46.209582 28.193064 0.939537
39.255142 19.050014 0.948662
56.459925 29.612305 0.948145
51.027442 21.168557 0.946336
44.510182 29.916114 0.940869
64.483397 19.741691 0.936624
55.433050 21.030756 0.939058
57.160966 31.176929 0.936778
59.973326 23.250651 0.934551
36.589605 24.234643 0.935292
37.597417 19.710920 0.946738
40.865309 21.656624 0.949917
54.500339 20.588193 0.936878
66.831931 25.678143 0.944627
40.967255 24.844588 0.933339
60.810619 24.325452 0.940276
63.198642 27.803248 0.943845
55.551401 16.973820 0.935696
66.254511 14.899608 0.939231
57.301458 21.377562 0.945935
59.592030 25.632800 0.941954
57.926167 23.769468 0.941893
45.293232 25.392565 0.944417
53.626742 31.988753 0.945356
41.138365 28.846557 0.934492
47.006277 14.210313 0.949260
53.071178 16.350920 0.944353
54.786849 16.781126 0.944446
50.170866 29.179712 0.939072
62.447551 23.681743 0.936165
66.497620 21.873969 0.938651
63.963374 19.529924 0.940514
41.517095 24.062527 0.940351
64.422370 18.020206 0.941819
51.498552 29.701377 0.933668
59.953334 16.668560 0.936272
48.274863 19.871449 0.937004
74.235664 31.808311 0.933682
61.632971 28.441642 0.940525
60.838951 14.229388 0.940490
45.052183 23.897129 0.944619
41.482766 18.104800 0.937531
62.586669 28.180777 0.945838
60.768144 26.363928 0.940153
56.381584 17.931745 0.937578
57.077410 25.106615 0.947782
57.213633 17.720259 0.943560
44.524884 16.987827 0.938406
44.494649 29.135770 0.949040
54.456931 15.210891 0.933754
50.263623 26.173459 0.942973
43.732947 19.529398 0.942652
62.173340 19.763841 0.940633
55.454748 27.022997 0.946458
38.662277 24.083435 0.940701
42.426049 19.078638 0.940206
41.094891 18.629187 0.939544
74.346511 31.884995 0.943119
41.877874 18.634618 0.936152
63.822297 32.270849 0.944646
65.021884 22.189347 0.938514
43.596896 22.715416 0.947465
43.755499 29.335809 0.943212
70.233886 23.361785 0.933442
40.384191 25.645209 0.945208
47.265711 20.114513 0.945348
40.298919 24.274636 0.939427
52.481393 27.342228 0.939226
56.328552 27.828522 0.940199
52.674810 31.604264 0.947818
60.811451 26.993168 0.943120
61.503820 22.408715 0.942558
44.589175 29.543973 0.943813
48.247169 20.236270 0.938082
46.604208 27.627529 0.938892
49.978791 27.433674 0.947611
52.358656 14.237518 0.948225
50.035410 27.181077 0.940447
52.824010 26.430733 0.944064
38.289591 27.511422 0.944868
60.390003 19.154976 0.948278
52.556546 15.428235 0.941910
58.671895 22.857294 0.937763
41.779318 25.540297 0.935381
39.180218 27.810669 0.939894
63.720031 25.575380 0.933866
57.405940 29.164003 0.948218
47.932529 20.270702 0.943310
57.546934 21.175811 0.942918
54.388253 27.466835 0.941049
56.296107 31.426854 0.934091
58.928316 22.973494 0.945509
60.100500 20.890223 0.943000
48.180959 28.033243 0.948113
64.149336 23.964668 0.949379
42.956965 29.886602 0.945865
39.502225 23.197923 0.944197
53.179704 29.276931 0.940732
62.477698 28.757183 0.941205
54.224517 18.391629 0.948171
69.436709 23.447536 0.945310
59.645807 18.360770 0.939099
61.937348 19.014580 0.947361
56.886751 16.800960 0.936669
40.852601 23.042205 0.948322
49.062715 21.697190 0.937326
56.036912 21.353047 0.944807
40.556162 17.155980 0.935992
61.028417 14.055618 0.945552
46.247817 28.259295 0.935009
62.909239 20.852945 0.942167
56.064542 27.991627 0.946501
41.753813 21.855607 0.945068
69.610976 23.787024 0.948621
73.150270 28.583405 0.941500
38.279344 25.589578 0.944960
65.275345 28.253765 0.946289
45.574886 22.497435 0.935003
56.516639 29.796031 0.934617
66.870665 17.636482 0.945732
59.355081 21.015361 0.940889
42.534750 25.448646 0.947981
46.698586 20.346011 0.943563
52.953047 14.716822 0.941497
50.039350 29.985778 0.942325
55.259784 23.407844 0.934604
53.291700 22.249460 0.934474
63.506590 21.356670 0.940210
50.863388 28.819801 0.935273
61.910580 19.427827 0.935117
60.845270 23.929303 0.947826
58.312568 31.066091 0.943652
64.821653 22.065211 0.942668
52.054946 21.341301 0.941683
58.454254 16.949463 0.937577
38.005131 18.288750 0.942204
39.188229 21.989918 0.944924
54.910211 17.657827 0.946006
72.141758 31.209701 0.942276
47.347683 25.531486 0.938555
38.774388 21.343100 0.949359
38.226550 27.396843 0.933555
63.368999 20.807518 0.943834
60.516648 25.685652 0.934074
51.843085 32.119374 0.941075
65.424181 15.436391 0.937545
68.305426 26.486754 0.938524
36.399908 25.676457 0.941700
62.658836 19.139116 0.943423
59.326610 31.791929 0.947832
41.922293 21.984326 0.949123
58.393709 23.260525 0.940770
55.315254 15.472756 0.948959
54.491962 14.869939 0.940088
60.130598 31.980306 0.948929
52.805068 17.683478 0.947628
48.942855 29.140165 0.948311
53.453907 17.914555 0.940406
42.470377 28.350407 0.946419
68.575346 23.099596 0.937887
56.946916 14.786407 0.937838
48.077513 17.691659 0.947829
69.427754 24.490326 0.946403
45.926301 21.523555 0.942541
67.482829 25.696702 0.936732
65.934529 23.783509 0.935672
64.193595 24.496519 0.949624
37.233849 17.513893 0.938280
67.264967 29.845412 0.938913
54.600211 15.719351 0.949212
39.686408 22.894040 0.934787
53.609757 15.428228 0.942616
47.997978 16.881990 0.937124
67.337336 28.091715 0.949055
48.994443 31.492590 0.935538
63.532718 18.405412 0.936370
70.193906 29.369395 0.942551
56.400263 15.231558 0.935499
62.281780 20.717863 0.947383
70.968264 24.189450 0.943823
70.649709 28.306428 0.945379
48.145009 16.247946 0.949380
41.666405 31.917689 0.944620
59.802055 15.005250 0.944039
39.148042 20.562104 0.933871
40.612883 23.390727 0.934607
70.363683 31.597649 0.939589
53.363410 23.670678 0.942701
58.010539 14.520495 0.935514
47.238620 20.234025 0.947016
54.518648 21.957348 0.935945
55.709457 31.675965 0.943142
57.250720 20.563288 0.945856
56.632841 27.411709 0.938106
51.748951 28.419956 0.945016
72.621115 23.998736 0.938539
48.320218 21.678950 0.936257
60.419504 14.166040 0.935825
52.849514 26.200313 0.946241
73.824376 32.420492 0.941407
68.362819 29.446654 0.941698
41.010074 22.009877 0.935269
72.554642 24.780575 0.936405
55.113410 25.296781 0.935988
65.610195 28.683727 0.949654
74.727613 31.309734 0.947633
52.958192 23.696599 0.944267
62.116546 19.652515 0.938304
50.549887 31.446612 0.947816
38.590267 19.525306 0.938128
41.727304 18.529494 0.937940
61.645557 28.528413 0.938306
59.858761 15.081749 0.939319
59.511834 21.782123 0.933540
51.153382 17.234121 0.937856
55.434062 26.737560 0.943879
46.337128 20.691399 0.943358
71.330453 29.347771 0.948619
58.942669 31.329043 0.941488
64.956766 17.251307 0.940128
73.641286 31.883658 0.933747
54.730753 21.524202 0.936503
48.074354 23.876240 0.939752
48.766865 18.077300 0.937031
74.443849 25.211703 0.942949
63.478526 24.237986 0.943478
58.197912 20.410502 0.947193
42.801994 23.985083 0.934426
66.213042 31.317462 0.935728
65.548472 29.228616 0.939111
63.030327 20.841975 0.941493
54.608791 18.591475 0.936112
38.666186 24.766639 0.938369
43.404326 16.531765 0.935541
69.750645 27.376044 0.943038
69.655488 27.637265 0.934954
49.621845 30.957194 0.938406
58.556648 25.213792 0.934528
57.613980 19.044536 0.947022
39.152786 26.610700 0.941236
64.413958 18.028993 0.939494
40.551281 23.710384 0.940097
46.067391 23.628014 0.946942
54.330214 30.702906 0.948122
64.312192 16.780666 0.936954
61.507032 28.108793 0.934875
51.375403 24.820730 0.942706
45.363752 22.530080 0.941027
44.014179 29.461532 0.946433
41.206756 22.453487 0.934884
73.652766 25.161634 0.937802
46.533743 18.580723 0.946520
65.953471 29.041603 0.936009
63.938328 17.697596 0.940352
59.520588 16.116427 0.940278
44.766220 27.254489 0.940180
61.696063 16.414028 0.941145
53.751563 15.312894 0.946932
45.695138 20.697359 0.933474
52.785158 29.482857 0.933434
53.286038 23.700816 0.936462
38.822487 26.806618 0.936515
53.228369 22.281405 0.938003
75.803010 30.422320 0.934471
51.247785 32.484617 0.939267
65.926817 30.671250 0.934149
49.764698 27.977689 0.947036
44.256186 30.796393 0.943680
45.521734 23.442266 0.946840
51.401875 24.597712 0.940564
43.233563 31.247784 0.938871
62.304791 25.054064 0.936956
43.918416 24.536630 0.949108
72.305056 26.542515 0.940826
56.477981 26.353359 0.936804
36.932854 25.737486 0.947993
49.209412 18.288074 0.942036
52.005055 23.581166 0.941561
65.823279 17.174783 0.945403
55.510999 32.456475 0.942898
41.775968 24.136198 0.946258
45.272213 19.348348 0.940683
46.112802 22.356254 0.942356
57.185142 23.169808 0.946503
61.851890 22.623559 0.942898
61.781667 31.496010 0.938228
64.494691 23.636411 0.946914
49.046478 23.150840 0.942843
74.835962 29.060696 0.943436
51.580007 29.151593 0.936825
52.858551 16.586029 0.946864
39.266528 23.988345 0.941775
58.853326 26.124802 0.935005
67.640340 28.661806 0.944433
42.474999 26.399223 0.939340
58.171039 25.145597 0.936730
45.047164 28.197218 0.943219
55.527326 15.588293 0.948350
53.153478 22.197162 0.936612
56.400086 26.881767 0.943160
65.299548 28.297325 0.937731
64.223325 18.901317 0.942477
38.500836 28.764826 0.944798
75.222533 31.811974 0.937229
70.530890 29.197054 0.942025
59.824236 31.212342 0.936013
60.321303 25.403116 0.938045
40.250179 21.844550 0.936525
66.754430 24.089248 0.949770
60.138936 30.933061 0.945011
64.724775 21.598553 0.946709
70.166725 27.716298 0.937641
58.586226 20.924873 0.934413
66.963647 22.014045 0.944846
74.160596 28.854669 0.939324
61.074273 16.059137 0.937691
47.393765 31.099796 0.935172
42.396020 19.093699 0.941121
47.841127 22.865106 0.941641
41.063686 17.634206 0.943809
57.817333 22.482916 0.937578
52.746184 30.839629 0.947857
56.250027 25.162908 0.948126
60.067600 15.187471 0.938441
37.372634 20.412689 0.936161
55.047253 27.586937 0.945276
47.734994 21.158064 0.948751
38.878921 17.989518 0.948089
61.117223 23.258135 0.946011
59.223788 25.803424 0.943740
47.230274 25.239801 0.947863
64.472295 31.490424 0.936387
54.484630 26.232530 0.946970
49.739706 30.857702 0.933371
50.762544 23.209303 0.937360
56.271017 31.824482 0.943038
58.349839 24.141023 0.942877
50.460101 28.451423 0.937515
53.725393 14.226450 0.947186
49.284488 15.671502 0.933388
48.024009 19.807481 0.939698
45.207543 27.434628 0.947236
45.554791 16.661886 0.940535
59.102668 21.151774 0.936883
57.068132 29.862813 0.938686
38.963857 23.503834 0.942833
65.721474 29.965379 0.941061
59.723625 26.222699 0.946209
47.961315 23.065910 0.949007
64.225380 18.552610 0.938778
44.064687 22.310587 0.939631
63.392621 28.463819 0.942555
42.983668 30.076584 0.935869
55.437263 17.654069 0.935725
65.460576 15.395969 0.947305
51.103419 26.498971 0.938391
59.232026 32.267734 0.935110
47.510825 29.778358 0.939546
51.727247 29.286482 0.934759
66.855452 16.075799 0.947579
37.256162 28.291889 0.949422
47.165881 26.231206 0.933518
39.896621 18.726616 0.935337
63.493133 19.810824 0.935183
46.398859 22.490406 0.936535
57.767174 24.493679 0.943218
55.617645 26.973743 0.946472
46.850922 18.929251 0.943242
60.076157 27.436261 0.944969
55.474665 26.185944 0.939208
59.840839 23.580875 0.943014
64.863843 30.101248 0.944685
72.656967 27.864113 0.945530
40.204759 17.813982 0.936144
36.274888 21.016759 0.942883
41.614508 27.075969 0.936419
39.310669 23.651089 0.940881
37.129379 24.003807 0.941326
53.439806 26.664106 0.940336
47.209373 22.930405 0.934759
59.567935 23.792337 0.933786
75.450633 29.996839 0.935319
52.761709 16.528426 0.948849
58.049239 22.787962 0.934896
41.322559 17.984947 0.948871
55.617565 24.653116 0.941845
65.293849 23.832298 0.939944
58.960055 14.874840 0.939452
58.208245 29.288996 0.936710
65.008471 29.751002 0.934783
53.200954 14.785557 0.938985
55.936039 30.896208 0.941110
63.722151 21.978588 0.940587
52.634731 16.427855 0.943732
50.610627 23.332253 0.944948
64.863314 27.179250 0.945392
57.419424 23.175066 0.943957
50.957775 17.988783 0.940743
50.245894 27.879878 0.938645
48.020594 19.598100 0.943305
58.485260 24.921064 0.938797
60.080037 13.968298 0.941858
40.862969 23.062046 0.935115
56.834466 25.365905 0.936431
60.453631 21.585883 0.937708
71.476970 31.169147 0.947029
61.897340 22.310725 0.943305
47.018608 29.194813 0.944631
67.474483 31.832003 0.935509
37.248541 27.498156 0.942650
48.616239 30.388489 0.934018
62.641209 14.489175 0.939944
41.360019 23.293521 0.938861
59.171928 20.997533 0.946527
49.335195 31.682071 0.946688
59.664043 22.548544 0.938650
44.228971 20.514642 0.949174
59.049303 32.331617 0.948724
49.110566 27.775612 0.944282
46.453135 18.580503 0.942343
50.786677 22.398160 0.936345
50.962597 22.271480 0.940978
64.823858 17.194653 0.937992
48.861815 20.607807 0.935690
49.992530 18.238403 0.944771
48.866391 21.147030 0.940797
51.844583 14.778096 0.934157
56.967106 31.293716 0.946165
56.426547 18.001975 0.938384
39.186745 26.321387 0.943884
43.529804 28.884334 0.949876
41.251183 18.538442 0.938191
67.217769 30.350540 0.949914
55.720070 26.722902 0.949866
75.396069 31.483452 0.941797
46.637910 25.837512 0.946014
70.920347 28.262664 0.948656
51.337748 18.377809 0.936432
60.919230 31.431599 0.944995
64.418284 23.988701 0.949261
66.396630 28.635652 0.940020
51.297594 17.397526 0.949632
45.644407 23.406749 0.942304
52.427560 29.464931 0.942591
72.207478 23.342216 0.935521
48.619832 31.350251 0.944391
65.320776 31.879824 0.937237
53.421530 30.421639 0.939648
56.996688 23.944267 0.935856
58.531044 23.024650 0.941788
36.783564 26.351956 0.936980
72.499989 26.184668 0.945802
47.238597 22.619096 0.934304
75.805069 25.074947 0.940800
74.078008 23.171749 0.935683
59.315111 25.298998 0.941869
43.971118 24.990305 0.942221
41.029812 26.333088 0.941692
69.192768 31.403499 0.936981
50.503482 19.477726 0.949013
66.502045 31.069913 0.941442
67.782654 30.686886 0.943330
41.107445 24.525557 0.949518
54.487860 23.965250 0.940778
71.963198 25.774978 0.940557
57.305564 22.366382 0.934352
45.348849 25.046756 0.947969
53.124308 32.076422 0.944120
37.738948 28.750905 0.942215
46.094423 22.593128 0.935538
59.537086 31.943455 0.949301
54.044473 16.638222 0.944400
56.258264 32.240793 0.944341
36.825424 27.511053 0.938999
39.921078 17.571625 0.938740
57.261972 21.638496 0.947939
59.286933 20.908783 0.942789
60.001067 25.904754 0.936513
36.456386 25.209149 0.937254
42.778698 32.063750 0.949081
46.867872 21.811285 0.936517
62.292287 22.879846 0.936802
36.606839 20.605877 0.941984
65.510638 28.530626 0.934695
49.828217 32.352804 0.943486
43.184807 23.131174 0.940937
55.243496 27.068396 0.947252
73.921092 28.892759 0.945018
65.230247 21.753959 0.933815
47.865349 19.380130 0.938272
63.239055 31.729757 0.944660
47.096067 28.579414 0.945098
54.554460 22.433304 0.940816
37.610355 28.030100 0.945961
48.956621 15.937804 0.949839
62.735623 19.500978 0.939322
49.277522 25.713519 0.949062
44.605631 25.799459 0.940519
44.356593 24.267572 0.946376
51.020633 22.888734 0.947677
75.112995 26.820317 0.947213
63.529985 22.809237 0.935467
71.043104 32.085979 0.936415
64.720641 31.382087 0.938962
53.022160 30.792290 0.943316
48.843819 16.057302 0.934500
43.464005 23.261663 0.948388
65.806951 31.500283 0.945522
58.477454 28.474374 0.937501
64.458160 17.169817 0.938267
42.512768 25.449298 0.949600
50.223290 15.004467 0.943977
67.549248 23.627174 0.947541
65.425357 21.001129 0.945419
41.631645 23.393568 0.948277
57.130811 31.635748 0.944056
43.543739 25.866738 0.948192
65.698377 26.043971 0.949479
61.655123 22.472015 0.936382
53.690658 15.321222 0.942433
46.302261 21.196652 0.939184
44.196569 21.844822 0.947812
56.820687 21.203803 0.941670
53.990857 15.944234 0.942262
59.661731 22.850938 0.949533
40.533434 22.034190 0.939624
52.165725 17.542547 0.936643
62.150308 16.052270 0.945722
62.633370 28.477465 0.937931
37.531126 19.927944 0.946006
54.665378 19.446171 0.934434
60.250086 18.278190 0.944497
49.731611 24.746247 0.941110
51.535918 13.963699 0.948890
72.633066 27.527022 0.938222
67.512848 30.451820 0.942153
59.362967 14.390603 0.944843
38.000970 20.768373 0.945826
38.630340 25.965527 0.937644
50.229845 20.719846 0.942689
60.840554 28.091441 0.936975
61.401651 31.268978 0.936274
60.383810 23.218792 0.937113
41.452966 21.069855 0.934573
57.539243 22.418459 0.934424
51.489942 24.288126 0.946707
36.682355 27.658516 0.944594
55.752904 20.602861 0.948055
65.233309 27.020723 0.933371
53.503460 25.757886 0.934377
65.567305 25.251772 0.944291
72.434327 31.668016 0.934044
37.442322 20.782488 0.941084
50.202970 25.586962 0.942068
55.461328 28.168582 0.937490
63.421521 27.737430 0.948189
56.903432 19.817391 0.949254
61.554105 16.979487 0.939656
54.663828 25.086730 0.933942
70.834041 30.843527 0.942963
51.872468 21.589321 0.940291
56.940762 29.243468 0.945511
52.136257 23.423930 0.938500
43.455100 32.436805 0.935934
48.546692 19.878025 0.943748
59.018067 20.188767 0.934491
59.245256 23.390702 0.942387
48.490116 22.353322 0.941574
56.769958 22.425199 0.937304
45.280727 20.322172 0.947829
39.788823 26.248891 0.942318
52.861793 20.833092 0.948033
43.488475 32.145028 0.937972
63.258555 17.426467 0.942145
61.076485 22.494224 0.946606
66.562457 20.747386 0.939675
44.855321 16.125258 0.947323
52.500235 26.816693 0.939422
57.802408 26.958593 0.933799
56.042194 32.126081 0.940132
53.442223 30.691008 0.941907
38.237211 24.661767 0.941281
62.206816 26.442552 0.946275
73.991541 29.378556 0.938693
73.821849 27.557106 0.949169
67.631926 30.246989 0.943705
65.096693 29.268035 0.942372
58.971386 15.800005 0.946078
43.718564 22.520631 0.942325
59.714680 21.284562 0.943491
63.570658 15.008021 0.946286
59.605144 28.314649 0.942829
50.955214 27.029166 0.939674
45.539722 23.707500 0.935665
54.511987 22.496567 0.943250
40.401881 23.665087 0.942739
59.400682 27.961960 0.936225
37.885119 21.800514 0.937444
58.019022 18.967469 0.947892
66.009139 24.886393 0.937075
72.863293 24.006093 0.947979
65.572752 20.341700 0.945616
53.097975 22.712823 0.933908
47.647289 27.123594 0.947904
56.194789 16.091655 0.939372
58.922955 17.143668 0.944332
71.658237 25.359622 0.935773
64.645357 20.941253 0.935687
52.400072 18.367718 0.945815
43.156507 23.320280 0.946495
45.948664 18.183484 0.942219
56.209753 22.842576 0.934833
66.250809 26.905283 0.937349
62.821611 19.712990 0.941712
68.238098 24.727240 0.941055
67.893439 28.835771 0.942498
65.242766 17.858891 0.935410
43.293771 24.422305 0.947082
42.841656 29.428385 0.941388
40.665038 20.930911 0.933712
55.996203 21.422812 0.945091
47.935592 25.607575 0.949714
44.873791 24.311737 0.944171
49.144242 22.645707 0.946450
50.663493 18.887788 0.940554
66.888357 18.116198 0.934983
67.846657 26.860722 0.934419
61.059708 19.788405 0.947122
39.924068 26.640264 0.934853
51.722940 18.081922 0.938976
46.647738 21.037722 0.941067
60.816502 19.265190 0.935304
60.070000 15.396336 0.942471
40.576512 17.404553 0.934427
45.695864 22.627329 0.942012
45.679373 18.152995 0.943819
56.289527 21.103376 0.943182
63.605746 28.983399 0.939140
43.114069 26.444360 0.936065
60.140710 24.222129 0.944497
57.639822 25.348266 0.942839
62.094094 25.236905 0.940923
72.035149 27.414865 0.935672
56.912310 16.366905 0.947883
43.428126 30.963419 0.939416
56.515295 26.313325 0.943576
47.790760 14.598459 0.934984
68.668946 23.099911 0.939000
38.625169 27.093717 0.949035
52.936584 28.961570 0.946455
50.995050 20.354510 0.945179
66.085058 15.653056 0.949748
58.325082 26.556047 0.946150
38.407649 22.592047 0.946289
58.864449 22.987344 0.945739
54.375578 26.104413 0.942821
43.640241 19.548311 0.939887
49.887389 24.735591 0.939850
54.326650 25.191275 0.941740
56.450246 28.760392 0.945181
51.810281 29.236081 0.941465
40.990069 28.924798 0.938954
58.797456 24.372139 0.946232
62.749181 21.814489 0.944774
57.687732 25.027527 0.943841
56.993574 19.772003 0.946305
43.198304 27.298921 0.942803
49.518432 16.572818 0.933507
62.377707 31.140518 0.945429
55.899532 17.181581 0.936977
52.501736 15.611964 0.937175
67.028618 22.177408 0.934403
55.526726 18.687456 0.935685
74.542960 24.053734 0.949019
60.580846 15.433023 0.939919
54.612975 21.332633 0.939538
49.830756 30.672929 0.944386
49.266397 22.432031 0.946850
46.260108 19.553479 0.945900
43.975895 21.091706 0.933553
59.739778 20.583000 0.942547
58.288539 26.969605 0.944228
47.333003 27.202250 0.945653
74.421622 29.431482 0.940934
41.214867 24.083259 0.934129
41.422385 17.774159 0.942382
73.623565 30.420826 0.943781
56.406363 25.475429 0.945396
57.147820 19.687947 0.946900
37.679014 20.040843 0.934773
48.589463 17.741524 0.938881
53.420317 20.612292 0.937501
62.448323 16.524067 0.938673
56.102816 27.206264 0.939155
67.847482 30.030559 0.946565
49.310809 22.810490 0.941321
45.543777 26.691651 0.943451
71.403246 27.245482 0.944184
43.826996 30.326645 0.936166
60.120864 24.534016 0.943306
52.097330 23.971875 0.943350
57.712906 29.780185 0.944929
64.164023 17.891347 0.935641
41.660661 25.657668 0.935333
49.767126 14.726833 0.938116
48.161201 22.503057 0.944502
59.011407 26.306477 0.938019
55.958839 24.737094 0.948874
63.312394 14.821676 0.947208
61.151977 18.849401 0.934805
59.901228 28.889500 0.937575
59.162811 17.176206 0.946597
62.955683 25.503013 0.934199
51.950181 21.861492 0.940800
57.471890 22.618573 0.949869
47.449843 27.584891 0.933569
36.662681 20.122859 0.946803
67.332618 28.659668 0.947612
65.623188 27.331336 0.942087
48.380288 28.305653 0.949933
54.117978 30.805827 0.937647
39.040843 24.534340 0.937109
45.063681 19.228024 0.945845
60.138508 14.829758 0.946796
68.090522 28.355965 0.948678
69.701710 29.903366 0.948968
45.225538 23.775283 0.942608
46.567648 18.733393 0.939328
61.237148 14.344790 0.933641
42.160786 22.131073 0.933417
68.738606 31.564829 0.933661
38.946292 20.542773 0.934779
64.608701 23.749245 0.945782
47.484711 20.102570 0.944704
60.963910 31.389479 0.941071
55.772996 27.456693 0.937604
41.788251 22.347978 0.948328
58.112616 17.182920 0.949284
67.560279 27.493908 0.948935
53.820359 14.877492 0.933719
50.154997 24.883436 0.938067
66.184367 22.456556 0.948478
53.719658 20.730508 0.936395
62.227672 26.398703 0.947185
45.256882 22.780863 0.944824
53.591227 17.621278 0.941621
41.916382 27.217378 0.934987
74.253598 27.766064 0.949013
57.022807 15.687738 0.945090
75.407940 32.009941 0.934085
73.660163 24.647369 0.943733
44.804798 27.860441 0.935939
44.337068 22.672120 0.939778
62.816665 17.912071 0.934389
61.274563 28.262018 0.940459
51.837643 29.780848 0.941531
41.852596 17.489173 0.936565
54.113070 22.482960 0.944060
58.032608 15.243918 0.949558
59.555239 15.592109 0.937458
49.673184 15.212855 0.949140
50.313962 32.269072 0.941208
72.182072 27.928198 0.943488
36.720363 25.744161 0.936251
64.973096 25.497602 0.934620
67.056613 28.762396 0.933857
53.860207 30.406826 0.943533
59.921150 27.214003 0.947581
41.367689 17.308902 0.939505
49.388488 18.218314 0.943878
47.049469 16.188593 0.942886
63.124752 31.991412 0.942976
43.755559 24.264219 0.945779
37.990226 20.889582 0.942696
40.691340 21.543165 0.940228
66.001731 15.969839 0.935366
54.904142 25.237495 0.946768
41.265676 23.929699 0.945163
47.643636 20.336994 0.939277
57.478925 30.070323 0.946665
62.868130 21.161733 0.949870
72.390457 25.358926 0.949639
66.104527 23.605607 0.944925
55.198175 25.669264 0.940853
61.020557 23.580813 0.933458
56.045917 22.519006 0.935711
57.060656 14.896482 0.946558
72.955114 30.478674 0.940326
62.899203 19.269292 0.947661
47.445299 23.527015 0.937753
66.606826 15.045311 0.935430
36.744263 18.558603 0.933835
55.320441 25.658400 0.939248
61.822546 13.804688 0.946265
38.404040 21.209564 0.948266
54.311965 23.985095 0.944123
59.612299 17.253811 0.942879
48.206424 27.648031 0.944459
54.212411 21.086573 0.949910
63.428763 22.091725 0.949641
57.137133 22.705977 0.940487
38.481797 25.969672 0.936698
61.959552 17.712024 0.942505
65.587501 17.208057 0.936818
53.601983 23.205241 0.940874
71.077813 26.922174 0.935393
39.372821 28.598602 0.939135
46.284869 19.004836 0.948848
74.661191 32.429856 0.939473
41.894197 25.092963 0.936672
41.796351 29.743643 0.940449
38.904761 25.476138 0.942906
47.280935 28.721807 0.935482
40.465432 24.574149 0.934072
39.535812 18.838479 0.945575
45.222444 16.479731 0.933375
49.638591 29.347286 0.942199
56.374393 25.429115 0.942442
75.684156 30.489029 0.949617
63.737654 19.296435 0.940498
37.407266 25.727961 0.946665
39.248742 19.048214 0.948473
39.754733 24.030702 0.942619
58.162183 15.350457 0.944736
67.605348 26.401402 0.933619
41.545216 27.864612 0.939364
46.753609 18.832649 0.940051
55.294475 31.112882 0.940651
36.391587 26.742216 0.938199
49.825188 20.531120 0.947063
53.390439 15.835148 0.935701
56.047851 27.980324 0.946898
66.589574 19.441076 0.946766
54.208320 16.649557 0.947046
45.232612 18.180446 0.934563
58.799658 16.822531 0.941186
59.933619 29.023187 0.941396
56.645725 17.257887 0.938347
63.134219 18.892372 0.933653
44.230072 22.594834 0.947240
64.052598 28.777779 0.942952
43.527690 19.484679 0.948919
51.978702 24.309802 0.942977
58.572459 27.679219 0.935625
63.284347 20.289186 0.941412
62.796869 23.823995 0.948205
46.770785 21.687765 0.947711
67.927916 29.078238 0.938016
63.708348 16.796184 0.941862
59.761954 15.501356 0.939297
53.333551 23.203310 0.934984
74.783608 32.077462 0.947566
48.956868 15.997457 0.949691
65.483788 29.468823 0.945338
39.936028 28.928433 0.941988
41.378716 19.146571 0.937037
55.201541 22.169238 0.947797
55.205374 17.478981 0.947481
63.650766 14.930323 0.938907
50.647657 15.290057 0.935403
66.641638 31.004200 0.938084
43.021278 26.172110 0.939750
56.867318 28.803436 0.941658
59.296050 16.902073 0.947896
64.653018 22.547691 0.942032
45.444500 22.673186 0.939793
55.509723 18.916109 0.947639
65.168838 29.714464 0.943130
62.724304 15.561241 0.944253
62.695426 15.629772 0.943238
53.346321 29.489040 0.943334
64.399050 19.923700 0.958801
47.360697 21.720509 0.951306
36.950950 19.599181 0.957844
69.088688 24.518900 0.953367
50.689060 23.448807 0.966583
68.436042 31.934100 0.959496
72.261825 24.434339 0.953441
43.311602 22.651624 0.956255
52.033565 23.923297 0.959203
62.769516 13.948991 0.960192
56.726606 23.424215 0.961087
49.150713 25.289113 0.961721
60.430757 24.331130 0.962960
64.367799 27.596640 0.950430
63.664953 25.466835 0.961291
56.045404 31.284741 0.962119
64.816644 15.176445 0.954004
44.254502 30.118641 0.958865
47.527282 16.778457 0.957121
71.063146 28.375796 0.956204
66.182752 26.415091 0.961608
56.928318 15.354398 0.951727
38.250568 16.636345 0.961048
60.736327 28.739855 0.955292
41.533607 20.074954 0.955059
55.887217 21.758709 0.964552
38.737095 25.335324 0.952020
52.822533 25.590501 0.964470
51.044978 16.597824 0.958848
74.797731 30.973954 0.953970
41.197662 30.968472 0.950797
36.852582 19.824633 0.966354
64.985153 28.634556 0.965271
47.755589 31.964297 0.956219
70.099844 30.282370 0.964277
54.799337 26.245482 0.954476
45.121750 27.297582 0.965802
69.052285 24.522757 0.951921
72.924001 31.155769 0.957907
38.867185 23.461558 0.958011
46.113625 21.975416 0.957399
53.348511 24.927571 0.953402
63.033753 14.082513 0.950540
40.315166 27.985496 0.953568
44.451981 18.568306 0.966129
43.385645 25.309623 0.957074
60.071086 14.305738 0.951658
43.608559 24.847242 0.951736
71.872614 30.939483 0.956913
47.668353 15.395891 0.955668
50.456473 24.306658 0.961235
52.331707 25.775459 0.962364
55.916758 22.843035 0.958028
46.030855 29.788206 0.965404
48.671130 28.498368 0.958490
47.849245 29.772837 0.950673
44.516752 31.164744 0.957783
64.611959 18.398263 0.950316
50.058795 23.033851 0.960715
53.351290 19.615939 0.953596
71.142321 24.656604 0.959860
50.037441 26.931983 0.960456
65.617754 31.243514 0.956052
52.999191 20.725857 0.950844
62.433002 32.217290 0.966136
75.918596 32.027011 0.953158
45.178637 24.212584 0.963458
63.102683 20.177806 0.962527
64.882210 14.636815 0.954365
73.710666 30.068337 0.952444
58.401363 31.077961 0.963179
38.747831 25.538389 0.956259
46.546830 25.997418 0.952190
54.501799 18.561444 0.963172
63.781958 27.022610 0.953335
72.014210 32.111918 0.952272
50.040123 23.291460 0.959838
52.148456 23.847185 0.957804
48.796326 31.795586 0.957779
51.959480 25.006767 0.959797
43.850102 24.218206 0.965142
43.388865 18.078451 0.964958
54.722120 16.040315 0.956587
47.349404 19.190877 0.958389
55.531735 25.650856 0.951325
71.828285 25.772028 0.958447
57.009127 16.072264 0.959204
49.728636 19.448157 0.959374
61.552909 23.412074 0.961062
61.288684 22.830995 0.966256
43.456808 25.597552 0.957100
36.389810 28.400937 0.958257
42.064022 20.717788 0.955200
54.951388 31.303723 0.954204
42.239777 24.036134 0.964964
49.611423 19.671385 0.964937
52.723022 32.489278 0.956725
70.225613 27.103389 0.960037
37.149475 20.515893 0.962033
44.912722 19.734521 0.965288
54.668471 29.267540 0.965903
46.120077 18.481750 0.965726
75.162263 27.053889 0.952948
46.288046 29.288933 0.957500
71.519954 24.830865 0.960618
63.174424 16.519028 0.957782
56.938710 24.713306 0.951268
39.102413 21.937939 0.957569
40.547585 23.657369 0.951673
46.098321 19.735761 0.952625
55.200727 30.564389 0.961111
46.543453 26.008047 0.951477
67.978451 32.090948 0.950557
50.220744 30.690430 0.961859
70.964974 30.126662 0.963564
41.262528 31.451661 0.965521
75.993065 27.725183 0.955225
63.082216 14.418257 0.956083
38.562272 25.750579 0.962944
61.123883 26.061383 0.965563
48.505310 17.654679 0.955019
67.976411 30.953931 0.956672
62.470919 20.071317 0.963658
37.919515 22.644232 0.963727
65.896179 27.190039 0.960177
58.787137 20.303399 0.964846
42.458378 31.895339 0.959155
71.050314 29.435473 0.958012
59.049868 27.467119 0.959917
63.431535 28.828862 0.951379
71.857818 25.086713 0.952301
55.331864 27.453333 0.958576
71.370716 32.113132 0.961636
59.806398 27.585534 0.955206
72.953703 24.209197 0.954739
39.305181 17.384014 0.963583
60.552235 31.994293 0.961296
54.576645 17.960148 0.957086
50.638300 25.671188 0.950366
51.248872 29.200848 0.953572
60.785935 27.070414 0.952387
38.867410 17.524419 0.966354
63.821072 29.025905 0.955365
60.744099 19.716656 0.950440
57.326830 28.733943 0.950866
63.464815 21.246078 0.961688
69.050174 26.742982 0.966401
48.487779 16.570270 0.957358
65.001156 17.281869 0.952563
44.232650 17.967068 0.955682
54.149327 31.903772 0.962968
75.913505 26.207479 0.950846
45.028414 17.753184 0.955027
66.978030 17.312331 0.954953
42.315528 23.801972 0.965606
41.675489 26.700087 0.964360
65.103889 27.272596 0.959039
73.143084 27.788585 0.952304
73.322167 30.141236 0.956473
45.087476 31.269187 0.951714
50.413221 22.194038 0.964052
66.972796 18.183157 0.954114
66.487294 22.530431 0.958415
61.968974 19.837069 0.961703
64.159336 27.912278 0.963579
38.947284 20.967109 0.960319
69.328879 25.748482 0.954110
52.078155 17.472742 0.965481
68.774445 27.428784 0.952885
74.750110 27.881025 0.964499
49.357846 29.613076 0.953870
71.858948 25.349000 0.959377
65.750796 24.984871 0.962984
56.734850 14.295793 0.959986
72.657400 29.802632 0.950641
43.395540 18.149738 0.966170
39.819863 18.002587 0.956484
71.571283 27.432932 0.958183
55.401481 26.317892 0.950033
63.194123 15.363241 0.961479
62.361965 26.575019 0.962807
47.315600 24.918542 0.961225
72.399074 31.425070 0.950213
74.311820 28.927564 0.950206
60.884026 17.829661 0.953108
43.673687 18.748393 0.963500
43.399700 17.578594 0.963494
65.560454 19.937641 0.951392
39.591947 18.829850 0.958315
69.459966 31.043744 0.966349
36.837775 20.733979 0.960474
46.505094 19.853135 0.964961
53.900504 18.768671 0.950638
44.790852 21.637906 0.950279
46.665020 19.179716 0.962241
52.188836 22.670590 0.958701
52.837475 18.049040 0.964635
39.879905 27.377105 0.952349
75.529246 30.758646 0.950110
48.906937 17.896500 0.956890
46.445723 30.718804 0.959855
41.081333 30.820011 0.965164
63.930598 27.491454 0.966060
59.645334 30.676862 0.956902
42.938002 27.808610 0.959541
37.839047 26.441793 0.957616
51.708802 26.844821 0.952102
53.546998 16.159945 0.953027
36.601134 18.468226 0.958862
56.610731 14.043362 0.963567
70.134411 28.729492 0.956090
53.478805 32.086302 0.953407
48.782192 30.704322 0.958771
65.463473 18.995967 0.964151
75.595358 32.414328 0.951380
36.703890 22.114300 0.956990
66.295551 22.534620 0.959093
60.822018 17.305937 0.956213
65.330942 16.879564 0.964121
47.344675 19.695924 0.963637
39.241305 16.574181 0.964419
66.835479 23.807745 0.965872
38.980099 28.178858 0.964486
59.447427 16.359162 0.962905
59.754454 17.544658 0.953410
49.385182 31.620529 0.959924
49.152243 28.045950 0.953849
42.235030 17.933142 0.953841
41.713455 21.162083 0.965493
65.342442 25.102820 0.952888
51.101845 21.255891 0.953573
55.958101 25.298921 0.953796
70.002964 31.107505 0.961651
51.044275 26.384512 0.964203
37.701961 22.483013 0.963620
66.236487 32.235531 0.952097
43.931235 20.793418 0.958445
61.566851 31.383627 0.961652
70.337959 31.043195 0.951095
50.323167 31.187615 0.954364
64.655997 16.510222 0.963608
62.967466 28.486470 0.955036
37.290296 22.242626 0.960307
50.052760 15.937527 0.966451
38.199425 22.434811 0.951637
70.768829 24.079438 0.952762
52.168675 14.580266 0.960261
41.072798 22.098046 0.958443
58.345795 27.669214 0.951010
38.095913 19.421424 0.966618
55.649322 29.324431 0.957647
54.595470 18.777971 0.952309
70.867092 26.625205 0.962011
39.478023 23.290558 0.958147
54.616718 29.356384 0.960459
48.018894 17.595066 0.958933
36.474157 20.398114 0.951649
60.678346 28.818593 0.957864
61.590049 13.839755 0.954611
61.691927 21.271439 0.957389
55.320042 21.502885 0.960708
59.272892 32.462483 0.952497
54.339576 25.579718 0.963035
60.907943 16.030910 0.953304
54.511745 18.264534 0.950331
46.305438 26.055527 0.953056
58.146368 16.022858 0.953842
37.569277 21.115223 0.965701
72.292217 25.250646 0.956192
71.574405 27.390700 0.958938
38.530237 16.883685 0.953208
50.599517 19.648054 0.957224
66.185668 18.532316 0.965212
59.861197 29.261733 0.953291
70.963035 24.804933 0.961310
47.865094 17.324647 0.959744
41.613818 29.151986 0.956645
75.196448 23.534343 0.965455
62.887532 27.562420 0.965050
69.270955 31.239606 0.950322
50.531417 26.671575 0.964130
49.236523 30.285630 0.955520
65.971776 16.578211 0.963702
68.841913 28.128688 0.958272
69.468922 31.447867 0.952002
56.630680 20.851816 0.966607
53.650984 22.961711 0.961688
36.527101 28.017094 0.958769
47.975450 18.153078 0.957374
52.272575 29.236592 0.957184
58.871256 22.236181 0.951421
47.854360 28.371607 0.956049
50.943987 18.048172 0.956504
71.905047 24.354857 0.963497
73.638584 29.083988 0.953693
73.528163 27.385671 0.962409
64.841696 26.868499 0.959821
42.974740 24.120267 0.965038
59.160508 15.267944 0.951136
43.483620 24.421929 0.958083
36.434963 21.083173 0.964770
38.868617 16.826580 0.957547
71.882179 27.378460 0.959197
55.580081 17.988231 0.965577
64.575803 29.293662 0.965590
41.475386 27.647972 0.962615
57.237885 30.914044 0.958841
59.938733 26.436777 0.959876
73.071211 24.124895 0.950424
65.845409 21.145102 0.957613
69.053768 32.078240 0.958969
51.014495 19.762077 0.954747
68.433555 25.741047 0.951504
64.201156 29.817075 0.957445
52.861212 16.069056 0.956861
56.903979 17.328789 0.957458
48.163296 21.178511 0.954474
74.804798 24.356341 0.955741
61.555022 31.124586 0.956540
59.557113 14.781383 0.966003
51.136631 30.600146 0.960571
60.603707 30.503271 0.956820
73.610590 23.702329 0.966585
46.498456 22.756106 0.955992
49.149596 15.550532 0.952202
47.604503 17.219930 0.951554
60.944422 28.275796 0.962478
54.731216 14.637911 0.963972
47.625330 19.290267 0.961998
65.019190 16.043350 0.955831
38.852571 21.201382 0.965466
60.147117 21.609590 0.966529
45.073381 29.548742 0.963922
59.300564 23.896039 0.964742
62.824505 26.090603 0.957149
41.600112 22.942485 0.962703
68.335941 25.324250 0.962125
62.864567 15.416109 0.960081
60.750019 29.437485 0.958800
55.224371 19.730992 0.957593
64.634901 30.946868 0.950215
41.320421 29.942148 0.961558
49.239440 29.349150 0.950528
60.179227 27.872825 0.950590
45.602894 28.886161 0.958092
59.776206 31.076307 0.951642
42.941349 28.805258 0.952925
57.734434 24.365845 0.966063
75.882259 27.304586 0.961280
56.258635 14.988868 0.953062
73.937171 23.202036 0.952769
45.873839 27.307192 0.951037
64.821966 30.374777 0.963237
73.490680 28.955356 0.953938
54.176158 21.900297 0.952846
44.890811 19.150946 0.951630
52.405823 25.201094 0.965842
48.463466 30.790648 0.957266
41.149214 28.015677 0.953389
51.353005 26.291574 0.954217
69.122763 23.198046 0.958744
39.976816 18.023535 0.961801
67.892009 28.579500 0.954981
40.185042 21.115680 0.952837
56.259463 31.565951 0.964732
43.759107 18.427491 0.964762
56.106815 27.554043 0.951712
41.324457 27.423336 0.955386
39.692940 28.424076 0.957950
46.366664 30.870976 0.955903
60.018519 28.477123 0.951300
51.397532 15.431868 0.957656
73.095322 24.143447 0.957155
64.574507 24.111234 0.950569
46.004145 23.729871 0.962260
39.933860 17.498984 0.958054
64.549801 20.416661 0.959792
51.524508 22.861303 0.957480
67.151895 25.726979 0.954629
51.340635 25.791157 0.953003
47.990043 29.623762 0.955631
57.013616 25.474782 0.956047
49.222074 19.147389 0.965340
55.211319 25.771915 0.955972
68.270103 27.770194 0.954797
72.121625 24.970954 0.961808
61.824386 28.470442 0.953376
51.923724 20.556999 0.964333
53.057547 18.038970 0.951792
56.648210 13.852038 0.965915
60.514018 18.548108 0.958767
52.789369 28.437586 0.953674
74.608805 27.883948 0.961676
72.826182 30.160392 0.962952
63.513635 31.557088 0.956882
54.079612 27.029513 0.959267
41.830895 22.016206 0.966195
50.139198 31.962423 0.957349
66.085380 22.397702 0.954649
57.659793 24.303872 0.952127
58.688839 25.932994 0.961832
40.811786 23.749157 0.960185
64.196315 21.258024 0.964015
37.648427 22.316364 0.950421
58.608581 23.018793 0.964561
73.654947 28.293954 0.953905
40.495669 27.501672 0.959541
63.234072 15.899312 0.964732
50.772207 30.613441 0.953344
42.980310 19.022582 0.961847
62.781487 16.958252 0.966646
53.429823 17.313795 0.965875
57.278442 30.626768 0.952723
62.598667 15.162718 0.960011
66.554080 29.245764 0.955442
63.498336 19.061657 0.963390
52.933990 18.156029 0.965209
48.430489 23.615051 0.959286
61.154875 14.835560 0.963600
37.492650 16.849995 0.953463
75.622176 28.533662 0.953302
63.386344 15.093864 0.958361
61.363609 32.051373 0.955860
66.733651 22.282645 0.951690
47.825166 21.152101 0.950083
43.154177 23.458027 0.965639
40.767554 16.994636 0.957072
50.534733 17.069353 0.955501
46.835686 16.581164 0.950952
67.588606 30.915248 0.950916
49.434599 32.390223 0.953763
63.523508 25.411188 0.958538
42.620592 29.129695 0.953742
48.159031 14.615592 0.966355
51.502782 16.961584 0.965520
68.624118 24.915532 0.964759
65.913757 18.070824 0.954845
74.341746 25.991748 0.960470
48.569635 16.506636 0.954996
75.070025 23.632542 0.964235
51.566868 14.336491 0.951045
49.549033 23.622619 0.959707
43.214805 23.312440 0.964193
69.314897 24.562776 0.953807
52.151334 27.199128 0.964434
57.305558 15.329912 0.965532
46.564672 23.361255 0.961695
63.213493 28.503287 0.960299
61.896245 23.215685 0.950835
46.969815 28.857658 0.954692
58.870841 23.407592 0.966164
48.251155 22.429983 0.959749
56.010505 25.483625 0.964547
46.761138 23.087805 0.964459
60.016298 16.371085 0.951816
37.725050 19.574550 0.960382
49.225212 18.304574 0.955969
54.888802 18.589293 0.953814
60.411562 20.309496 0.962145
49.154041 20.022099 0.955962
65.726512 31.591549 0.950130
59.159108 28.331024 0.965530
56.402961 21.102727 0.959458
47.572283 24.341407 0.961953
53.266949 24.060198 0.956362
70.636876 28.769537 0.961782
57.608444 16.184788 0.951535
56.801220 29.137013 0.964306
73.819683 26.885045 0.953012
53.645843 26.471257 0.962309
55.747383 15.385613 0.958948
45.295347 32.561183 0.957868
56.356158 23.413702 0.954335
73.577085 23.822631 0.965044
41.089837 24.701292 0.962286
55.200463 19.385245 0.962517
52.353322 15.386457 0.950301
68.894476 29.460776 0.951747
38.182757 27.776017 0.966032
41.045431 29.686036 0.957741
54.098614 13.814623 0.956777
37.264691 18.360420 0.959305
50.143125 16.673938 0.962687
65.917570 17.891835 0.961091
54.667098 19.791547 0.962852
40.624409 23.669367 0.958915
49.866834 23.018944 0.951089
46.279277 26.923056 0.961392
72.027155 25.264235 0.957911
57.816925 18.676694 0.964163
68.649622 24.001366 0.952900
59.975333 17.050971 0.954025
60.214512 27.940890 0.951989
47.687169 15.657427 0.957164
63.027027 25.742958 0.956061
42.014504 23.286480 0.959463
56.827645 26.557410 0.952567
75.225018 31.480190 0.965943
54.914005 18.505325 0.958629
51.136234 29.697924 0.950724
55.247821 14.942008 0.955341
38.746349 21.378818 0.960349
43.630096 22.093577 0.958359
58.371490 29.206132 0.953585
46.751242 21.605400 0.963394
51.106922 27.055919 0.958968
38.931323 16.377519 0.962257
52.250879 18.632095 0.951026
55.784633 19.095940 0.952219
51.680736 30.710140 0.955089
59.022258 18.009579 0.957819
73.392202 24.893405 0.960651
49.451806 27.300957 0.960961
54.402261 25.272238 0.950235
59.728873 25.751736 0.960170
43.948459 31.584256 0.953479
46.421473 22.205193 0.956233
59.827654 18.384843 0.963237
61.468579 30.520899 0.966514
42.800511 28.343076 0.955363
51.404984 24.137451 0.951941
40.344991 21.386510 0.960621
63.259645 25.509141 0.966632
54.429962 20.759966 0.957580
66.102587 28.451232 0.951777
53.705496 25.807368 0.964084
51.728083 20.582860 0.958322
55.941752 28.494840 0.955375
75.985054 29.047398 0.961840
64.878754 31.128721 0.953355
60.361262 14.400729 0.955151
70.044569 31.711126 0.951650
61.291962 15.050470 0.965585
53.145076 20.285341 0.950774
65.142061 26.277853 0.965184
43.191091 27.204378 0.960351
51.218135 15.213266 0.960548
52.036771 15.939907 0.955830
63.154280 20.477587 0.953788
38.028183 24.920067 0.958722
63.214710 27.075749 0.965880
53.086905 22.049436 0.966159
68.451085 28.721703 0.954780
51.404051 28.907578 0.963713
43.345062 30.703787 0.950070
48.604777 16.474828 0.952977
56.367129 32.536716 0.960044
47.763170 29.746358 0.955437
67.722047 27.061456 0.961455
54.711408 15.951799 0.957440
44.216942 26.457675 0.959908
50.950962 28.742667 0.957000
65.279803 19.544015 0.958726
36.837546 18.239624 0.960692
68.651437 31.791031 0.966584
66.677433 18.575407 0.952205
66.093648 18.568138 0.962302
64.504931 18.085208 0.963538
53.559084 17.150124 0.951239
45.292800 17.196399 0.956616
49.975339 18.958734 0.955682
61.801892 31.504738 0.958808
73.637243 24.736671 0.959205
66.632313 19.980459 0.963825
48.132994 29.953016 0.956394
66.527705 15.592535 0.966557
47.077830 14.415495 0.951881
59.915989 14.487426 0.955682
51.267977 14.138209 0.963050
39.028875 18.233301 0.956755
56.457969 22.400750 0.961364
59.526260 21.913838 0.959961
67.874937 23.146311 0.953162
41.941295 18.008558 0.956233
66.629983 29.088184 0.954131
46.566622 20.475452 0.951512
53.392268 17.157789 0.954450
65.381441 14.564002 0.952794
62.249033 28.591371 0.953752
52.840810 26.567638 0.953285
63.310287 25.657410 0.961884
48.783652 30.813330 0.963644
55.176088 16.667477 0.951856
65.738166 28.461327 0.951184
40.996928 29.225897 0.961577
55.158028 29.059611 0.953858
61.191066 16.709238 0.954328
66.403197 25.507350 0.955745
52.774859 30.601772 0.957766
38.642938 28.510165 0.951802
59.141071 16.881612 0.953739
40.500762 16.827232 0.958413
67.246989 29.624866 0.957311
60.660424 21.269113 0.959659
52.913794 25.240675 0.961564
56.814844 22.623721 0.961522
44.729748 22.548708 0.954107
49.036662 24.688163 0.959839
42.127673 20.034291 0.960267
53.814755 31.732474 0.950064
52.211318 21.340072 0.958416
44.561404 32.225595 0.955158
43.984755 30.706993 0.954862
42.663975 20.778517 0.965807
51.179350 24.847461 0.958949
61.160314 28.416152 0.956636
51.873309 21.950897 0.953897
61.000860 20.849806 0.958163
39.686498 18.783589 0.959064
40.564851 17.856288 0.955276
38.997678 23.849458 0.950699
40.580241 23.997100 0.961510
64.599716 28.591830 0.964532
60.839697 20.258994 0.965866
49.219786 24.137726 0.950442
42.990548 22.042266 0.956892
52.559787 31.390344 0.954341
57.644634 29.198537 0.951496
44.058444 31.794604 0.955734
37.581623 18.924638 0.962169
47.358791 30.728581 0.955937
43.898150 32.546703 0.953037
46.638578 27.410876 0.965342
42.103403 21.812149 0.963822
59.210843 28.940533 0.960983
48.048969 29.316276 0.953692
53.660174 17.736456 0.955129
67.855146 27.852464 0.952857
63.582189 25.520550 0.960932
51.385843 19.097385 0.960216
57.918440 14.911241 0.956471
49.853959 19.810126 0.963013
62.375057 27.326520 0.960926
65.171963 27.012893 0.957422
47.181312 18.736520 0.954377
52.140283 17.576336 0.966044
63.054460 28.423303 0.957415
49.170604 16.591621 0.955832
47.419466 17.259004 0.953803
48.466562 28.206684 0.959569
42.567106 24.742732 0.953252
65.294590 24.622821 0.961939
59.891776 15.033198 0.960207
59.675759 25.690346 0.961708
73.469675 31.564343 0.952340
65.599426 17.286402 0.964113
56.913740 29.288032 0.956306
68.069533 27.565713 0.964721
65.588610 31.467755 0.955696
60.685178 22.601041 0.959333
39.119789 23.215001 0.961125
56.522436 21.105792 0.960813
57.872690 14.561340 0.958474
55.653309 17.153926 0.962874
59.880797 19.867374 0.955358
54.777671 31.798926 0.961450
46.984537 30.137671 0.960741
42.712804 32.327541 0.963650
48.925100 32.328243 0.953353
47.736402 29.987567 0.960426
62.594199 15.279511 0.963574
71.813350 25.380817 0.953880
62.001426 29.042878 0.956914
46.510571 17.185117 0.952591
75.487413 31.195078 0.951245
45.174526 19.002396 0.961215
64.397353 16.584648 0.961169
66.657979 22.415685 0.960657
46.823435 29.078803 0.961176
64.376354 26.793410 0.960509
53.482228 23.318037 0.960283
60.607904 27.651793 0.958736
52.534830 16.859757 0.952999
67.521939 23.214250 0.952985
65.925760 26.267991 0.962770
61.189515 14.857789 0.966217
63.977095 18.807528 0.961084
51.251685 18.561620 0.958617
47.275863 28.934395 0.953234
63.738134 29.449473 0.954657
47.035584 29.999343 0.959543
64.181420 25.272895 0.961993
63.864260 29.646812 0.962660
63.583748 23.559206 0.966002
55.546746 29.274936 0.959485
45.682117 21.050691 0.962691
51.702887 16.650012 0.959667
55.454195 24.643997 0.950528
75.602344 30.861602 0.965717
56.074692 16.858824 0.963111
56.261956 23.241692 0.958217
49.722772 19.418623 0.956140
36.863464 26.909249 0.954649
64.416861 16.148882 0.964841
50.696802 30.588616 0.955544
53.535403 31.756504 0.957915
55.950145 27.740755 0.950706
71.470388 26.787332 0.952136
63.975974 24.922501 0.958366
42.085127 30.372616 0.955002
52.082521 19.389358 0.950993
69.994876 26.241807 0.956820
66.528913 17.799814 0.955977
69.784539 29.646076 0.951630
64.702719 25.654027 0.950270
47.841512 28.033946 0.963112
58.911912 16.106388 0.961498
49.291245 24.359240 0.964447
51.092762 21.430936 0.956621
58.745158 25.546623 0.958334
45.713476 29.759282 0.966637
54.611974 25.961126 0.961372
52.118116 26.814962 0.964117
61.528889 31.343895 0.962382
71.405788 29.130456 0.960791
40.270681 22.904493 0.958557
61.322726 27.635722 0.951714
49.625507 23.872596 0.963534
42.905756 26.276809 0.959022
41.867008 31.058964 0.956140
65.845054 22.194438 0.962664
73.464886 27.623038 0.958388
39.707580 25.016804 0.951943
55.993385 16.460150 0.959868
60.252461 18.082769 0.951305
48.199855 23.683078 0.966084
45.928778 31.388637 0.957540
45.192118 17.776619 0.951355
42.665683 19.705993 0.966381
52.337860 25.737973 0.963743
61.373673 29.470255 0.950370
48.882927 19.212039 0.966035
49.184573 23.196210 0.962206
70.424020 28.956856 0.962009
62.502401 17.271599 0.962753
60.724620 19.855268 0.956508
44.618594 21.634046 0.951495
41.134483 31.625386 0.961311
66.288488 26.034235 0.965602
45.943976 31.565298 0.953513
62.612314 23.622033 0.963778
37.096452 18.510057 0.964002
65.874319 30.913831 0.950862
46.469430 23.797510 0.960973
41.963309 31.331638 0.955738
51.467177 26.882761 0.959269
53.783061 13.911903 0.959387
38.729971 22.538250 0.965253
37.337093 21.208572 0.965353
55.748837 25.094624 0.952389
61.349589 21.015086 0.955584
63.444442 27.888787 0.962642
43.596467 30.731066 0.953421
51.167371 18.859508 0.960649
66.819008 24.713094 0.958685
56.614045 15.631887 0.958232
70.737611 24.081091 0.962373
42.398401 27.554616 0.955768
49.813245 18.139761 0.950666
60.898919 18.643638 0.955857
45.516064 18.218370 0.950607
45.220374 29.845735 0.966444
52.457863 31.939974 0.964383
40.694817 24.339349 0.960391
61.111690 31.155625 0.951170
36.866341 26.063035 0.966238
71.902896 27.390396 0.961024
57.116962 28.605731 0.950104
59.613827 16.991123 0.961473
47.080572 29.174989 0.952814
64.016227 29.048950 0.953727
73.531915 31.490201 0.952096
66.044609 29.411992 0.966308
53.732872 18.882447 0.952489
54.244026 28.444716 0.964785
66.872641 22.736462 0.953530
58.484349 25.129121 0.955078
72.107715 30.077435 0.965739
71.982802 29.837182 0.959563
63.922936 26.848840 0.963993
70.815019 28.284814 0.957500
69.378023 29.866752 0.952366
48.919541 28.276654 0.955912
56.687127 17.213689 0.963476
52.247585 32.065846 0.951535
60.151190 26.285063 0.962476
54.004947 24.063104 0.959167
65.115368 16.894398 0.952770
47.907285 30.982797 0.962865
40.702357 24.288197 0.960238
42.043482 23.812870 0.960509
53.512736 31.212958 0.965819
61.064567 16.586938 0.965223
56.501493 29.437713 0.955440
39.181365 28.205091 0.959954
37.425995 18.001675 0.961150
50.934824 26.975307 0.950032
53.534896 16.961099 0.950325
63.072430 28.831871 0.964847
58.854755 20.798247 0.963486
55.867973 20.939910 0.956695
75.687804 27.168951 0.965025
72.358606 31.081988 0.958281
55.920948 16.649516 0.960625
49.126788 18.442393 0.961375
62.617457 19.170668 0.955291
60.721751 24.039179 0.962676
69.281321 32.298505 0.955680
41.658472 28.493742 0.966495
44.081376 16.870323 0.952599
48.854381 16.076037 0.965275
40.317464 26.717233 0.955947
66.310678 22.562066 0.957647
65.266148 15.671360 0.963321
54.131432 20.642978 0.962932
64.145993 17.314562 0.962031
65.255468 25.994262 0.965909
62.819923 17.157851 0.965557
42.722552 21.968581 0.959947
65.838479 16.242317 0.963182
73.361414 23.607375 0.963407
58.237423 16.665659 0.950138
39.030743 26.795530 0.954689
50.005247 14.216005 0.964174
68.825829 24.016697 0.950038
41.907240 18.774230 0.957968
52.354560 30.708580 0.951009
62.390540 24.603730 0.952038
70.160494 27.406623 0.963942
48.123372 32.321051 0.959457
42.901451 30.743104 0.954548
72.779914 23.073031 0.960711
38.764414 17.126109 0.966313
55.936406 16.256551 0.958538
51.201877 14.047570 0.964394
66.430898 25.943991 0.959185
50.784719 18.037659 0.953331
62.617136 14.543146 0.955013
56.250418 25.755000 0.951276
50.649443 23.533314 0.956748
43.651233 24.767179 0.951715
48.993689 28.271122 0.955351
59.546929 22.081251 0.960452
55.773481 14.088842 0.961903
62.765113 13.944695 0.960957
66.318404 21.399540 0.955830
59.923183 25.957090 0.955149
69.227476 32.286564 0.961758
67.163664 28.000456 0.962496
68.882043 29.331512 0.954342
64.167623 29.829954 0.952942
44.704141 28.557567 0.963661
69.546688 28.823848 0.964929
50.606120 20.248723 0.955888
57.587399 17.842279 0.964859
53.944109 27.801541 0.965264
50.336559 26.054174 0.951721
45.034101 27.907419 0.966436
56.997825 29.886089 0.962810
67.854933 31.286221 0.963627
43.380507 22.271016 0.953129
60.708543 30.403660 0.963832
64.764280 26.905743 0.960295
46.514169 17.270920 0.964442
43.469954 20.274582 0.954301
54.950986 19.318658 0.955919
65.624421 15.057666 0.960273
46.430617 31.385806 0.957260
54.960878 27.280308 0.964522
57.601087 30.454878 0.958576
55.550204 16.392287 0.952015
48.859350 27.759197 0.957255
45.007621 25.771411 0.958002
40.910839 28.548800 0.960222
52.337401 22.290079 0.964451
49.347062 23.349929 0.964630
63.580196 25.287714 0.950600
64.220579 29.259410 0.956821
69.726131 25.360241 0.964397
54.069278 24.816107 0.950714
52.357908 24.367797 0.958401
67.337460 27.447374 0.966495
46.339085 24.198579 0.963679
53.014918 22.538173 0.959709
66.004095 23.413286 0.953570
48.175940 23.445455 0.950248
67.423183 31.813621 0.951490
43.807755 27.600926 0.958476
50.624142 17.545213 0.961492
42.209502 26.927761 0.952452
49.750286 18.805738 0.956310
55.268971 19.467971 0.961218
60.550569 21.378254 0.961326
56.739206 18.873824 0.965555
57.760914 17.783995 0.950987
56.942881 32.013287 0.959322
74.731253 28.559007 0.966482
55.679701 31.641693 0.954268
61.509366 19.264197 0.955765
61.563177 32.286592 0.955606
65.913277 25.949255 0.955813
50.723711 18.461455 0.965807
71.408502 27.655602 0.955082
47.762140 27.373179 0.951217
63.627022 28.305890 0.954407
64.626249 17.813421 0.963270
44.372700 16.010326 0.962112
63.974534 22.164564 0.962699
56.035227 17.276784 0.958730
39.553375 16.866644 0.958930
54.721264 15.886129 0.957264
67.609291 29.256915 0.957948
41.056150 24.113964 0.950301
44.377365 20.859053 0.950046
63.570092 24.676999 0.960551
56.331391 16.680654 0.961222
46.611029 19.078602 0.961852
73.590021 23.367891 0.962465
58.075317 18.336190 0.953611
54.742038 20.808187 0.956970
55.739492 20.362315 0.954008
43.376599 29.045328 0.962883
68.889310 27.695695 0.963424
39.668117 24.348594 0.950869
71.926805 23.684751 0.964974
42.184985 30.924584 0.964582
64.909190 23.191906 0.964334
50.411380 31.897070 0.964139
47.316315 31.961342 0.953454
50.909609 21.832648 0.963364
48.863934 21.040248 0.958167
65.180191 28.115180 0.964868
50.353324 23.546106 0.951231
56.097893 19.345025 0.958217
68.377588 24.367668 0.963525
52.526905 14.073464 0.961218
62.626974 21.215248 0.961533
37.361097 17.876079 0.951581
66.544401 16.145776 0.952437
63.387683 27.588803 0.964655
41.055723 22.312760 0.963421
54.243058 28.741122 0.957975
65.425932 19.216716 0.962666
64.663072 20.115088 0.965621
54.596194 16.751509 0.958422
53.150659 16.500509 0.956658
40.695493 24.119838 0.960283
54.477910 26.435849 0.951512
48.457425 30.947394 0.951022
57.315062 21.496482 0.960294
64.958685 27.917443 0.966115
54.009447 16.940485 0.956500
66.194574 24.974773 0.954014
65.370361 18.353914 0.962953
61.561782 30.248990 0.956813
42.940732 22.627518 0.959481
52.078944 19.911980 0.956811
55.530209 28.427289 0.966113
68.628625 24.091412 0.963283
66.080043 16.277065 0.962468
43.144243 29.548398 0.962146
57.065897 22.884221 0.959078
60.584631 32.373825 0.951479
66.126088 28.621962 0.956425
40.324959 21.369712 0.958822
39.422101 26.975718 0.951153
73.994535 32.103181 0.951295
65.300592 18.048073 0.952017
46.086623 22.097195 0.955429
58.894553 23.208610 0.955897
60.886006 16.582569 0.951501
38.884589 17.587497 0.963597
39.064767 18.005773 0.953875
53.042163 19.356312 0.953709
73.992722 26.506288 0.960735
47.598408 27.932200 0.965637
65.291498 28.199562 0.952624
55.558231 16.442814 0.950477
72.356951 28.492052 0.959706
51.119555 21.067024 0.955538
50.728738 17.629299 0.964844
37.159647 21.338075 0.959482
59.360933 18.094657 0.951627
41.739254 30.487437 0.960522
50.171191 23.226672 0.965056
44.145552 22.309683 0.957344
47.234253 25.977865 0.951256
68.395159 31.628919 0.954444
43.764949 24.061023 0.951925
55.267051 30.535024 0.950538
62.549265 14.920940 0.966353
37.573218 23.142874 0.956557
39.251193 20.801699 0.955809
48.069164 18.260703 0.951619
70.700376 29.220992 0.957265
42.242228 22.073367 0.956645
69.060633 27.547770 0.957757
65.000298 26.224772 0.959735
62.784309 31.514118 0.960919
46.018891 32.089613 0.950781
65.442914 24.121338 0.959493
42.174822 22.809504 0.959826
44.825164 18.766250 0.961634
63.815051 28.129256 0.964328
60.513607 19.515592 0.952094
38.917132 20.963047 0.961199
54.675219 20.405230 0.953282
63.221750 16.724369 0.961063
62.808675 15.982991 0.964054
71.039217 25.316545 0.961297
50.994092 24.544859 0.959374
43.854802 24.568967 0.958862
56.953481 20.101533 0.950046
61.485839 16.073611 0.956543
75.814657 31.956477 0.964517
70.908124 25.074046 0.954861
63.984332 29.961124 0.955106
54.753241 25.303418 0.960143
70.535197 27.530368 0.961548
65.983244 28.917472 0.961930
53.710649 25.774742 0.965240
42.306290 19.912751 0.960381
36.496805 20.378570 0.965756
37.892078 19.830280 0.953458
63.202557 18.447835 0.959497
49.055419 24.398338 0.951688
51.510666 31.173921 0.952644
55.862559 15.495827 0.951127
47.955894 18.344086 0.959575
40.719122 24.143948 0.963271
45.118675 23.188230 0.952193
47.673507 21.080925 0.965424
59.403167 20.073576 0.958926
40.427783 16.902413 0.956661
71.262847 27.743739 0.964522
44.784729 30.379100 0.952545
54.169491 32.321631 0.957271
50.771948 29.812788 0.960942
75.471309 28.820055 0.952552
50.426169 30.829916 0.956969
64.681251 31.742696 0.953639
60.898546 21.744864 0.961298
66.794131 26.618229 0.955533
44.769186 20.158645 0.964844
69.922882 32.115384 0.954088
36.936201 26.148241 0.964823
66.879457 29.465951 0.959752
42.847255 19.718485 0.963903
52.451836 25.211579 0.965356
70.785824 30.363281 0.950639
45.175983 26.434384 0.960340
47.092109 26.836370 0.965251
49.472016 16.808618 0.956620
42.005426 17.888919 0.955481
47.021899 16.388488 0.962817
44.804569 22.870821 0.955228
55.758318 28.416987 0.956004
67.647585 27.460346 0.951132
69.109190 23.646125 0.959349
72.411547 24.934661 0.964406
51.740247 22.840552 0.957470
53.243500 15.686823 0.965539
52.336785 18.918566 0.965807
43.198577 24.696362 0.950075
65.384841 15.444547 0.953817
59.598381 17.735545 0.960828
51.071261 14.896687 0.950045
60.895882 21.587881 0.957262
64.540834 24.134875 0.953280
39.639436 25.396877 0.958757
63.789593 24.938404 0.955759
72.189614 25.995508 0.953498
40.906764 18.832995 0.953017
40.552871 25.219974 0.961133
68.226096 31.533747 0.966613
52.216102 13.850525 0.957530
69.273118 32.229349 0.962206
71.662688 31.194268 0.951369
52.409686 25.898103 0.956985
38.832979 18.916182 0.951660
65.536134 25.597502 0.958523
58.510454 29.871735 0.963608
73.575316 26.658477 0.964793
71.682431 26.940245 0.962949
54.801970 19.676726 0.960630
73.952061 30.978707 0.956491
75.019427 28.936212 0.953978
60.927755 31.612602 0.953738
58.526426 20.396030 0.959322
60.535494 24.898500 0.950717
45.818725 29.819376 0.957167
65.287950 17.077380 0.952649
57.688277 21.306601 0.960415
47.873183 17.226418 0.950478
40.685644 20.780337 0.951741
57.379114 18.538303 0.962788
39.203610 22.976815 0.950682
63.372685 31.975962 0.957200
38.127510 27.142624 0.961433
54.184360 14.597058 0.959728
52.722125 14.773369 0.958839
56.478223 22.965530 0.951013
63.734363 16.728374 0.963151
43.079263 31.638013 0.962854
46.180225 17.635574 0.960752
72.407787 30.150569 0.957317
68.618786 25.027357 0.951584
62.556128 14.420876 0.966597
48.942179 21.630955 0.966364
67.378781 30.752800 0.954501
45.832125 17.710051 0.962572
59.149526 27.838039 0.965130
49.091504 23.985772 0.960763
60.141266 17.621052 0.955462
44.774017 17.718001 0.963535
61.512731 16.050785 0.957587
50.741857 31.567507 0.953707
48.806848 24.980818 0.960523
49.904131 19.183355 0.966354
51.335155 20.529470 0.960986
63.773151 20.123685 0.959211
58.105899 20.588086 0.960429
74.373713 25.108462 0.956716
51.582198 15.357130 0.966272
59.935349 23.102837 0.959084
54.742074 30.242905 0.962769
74.741276 32.452752 0.962425
56.527703 20.099660 0.952458
68.423598 32.379170 0.963123
42.771059 22.732059 0.961675
54.874804 14.040901 0.958359
51.077036 30.306916 0.958285
56.951168 16.975523 0.957766
47.389303 27.905421 0.959430
40.563823 20.994939 0.950920
42.766125 20.851891 0.966237
58.202254 20.180487 0.962572
66.564187 29.182474 0.953728
51.137162 25.910750 0.956879
61.969067 31.379908 0.961529
46.879983 18.703462 0.954990
57.279091 20.382227 0.954178
55.215446 30.386361 0.959399
63.362791 20.445834 0.961828
38.433442 16.365259 0.962522
55.044756 17.379432 0.953575
57.181534 27.088030 0.951794
43.645197 22.124521 0.955287
49.925234 25.690927 0.965812
51.457363 23.183376 0.950501
63.202898 15.109070 0.961263
45.794165 22.459295 0.962540
49.426736 14.487594 0.951149
60.142022 28.116610 0.962398
56.813428 14.851462 0.957815
65.356534 20.691766 0.961410
55.448641 31.954479 0.953067
50.117323 17.249233 0.962095
40.087956 24.282218 0.962734
53.483324 31.845566 0.957523
50.135686 25.266601 0.966018
60.355747 22.226644 0.955840
44.280404 20.037325 0.957148
71.485879 23.394467 0.957018
56.255767 14.214775 0.957003
72.827949 27.893464 0.955398
40.399511 28.999617 0.960952
63.032100 28.943309 0.954576
75.367065 27.899037 0.956067
39.853909 27.084848 0.955972
63.571521 19.431446 0.962481
49.413640 27.851572 0.963413
47.443452 20.618297 0.960228
48.108753 13.955229 0.952258
42.729599 22.699313 0.961704
56.594863 22.221245 0.965232
53.834006 20.021513 0.958242
51.188729 29.218670 0.964028
65.485690 26.833198 0.958362
39.726731 22.058290 0.964504
40.840972 27.345649 0.958774
43.122700 18.968783 0.965092
42.918301 28.294269 0.964851
59.378360 16.033870 0.962572
66.019353 21.027721 0.962288
67.975768 26.804018 0.952990
62.737213 16.556633 0.957018
56.140829 14.622227 0.954620
62.313795 17.400565 0.950924
51.117836 27.942203 0.958823
68.588497 25.045991 0.960702
42.375944 27.597086 0.955791
36.715161 17.798484 0.952464
62.220624 30.780037 0.954513
56.761762 20.193479 0.952228
40.848505 21.887231 0.965879
42.189903 19.686811 0.958419
72.120601 28.559651 0.965839
65.679572 30.833533 0.960761
41.116863 31.344393 0.965197
60.634892 28.849247 0.958639
45.993542 29.013279 0.958833
37.229595 17.879139 0.960908
63.487562 24.922391 0.950341
43.970026 20.418943 0.960140
45.348673 19.810880 0.953449
70.945363 23.634696 0.955278
53.814334 20.416867 0.965242
58.652232 30.667128 0.955336
36.838075 19.384883 0.963733
51.164050 14.547249 0.958675
54.387030 29.453140 0.955767
66.267762 19.651479 0.959465
46.861027 18.056924 0.962170
53.941135 24.820803 0.964919
40.941042 21.936782 0.965095
41.238085 28.826785 0.959581
72.550581 26.461865 0.963650
75.065936 29.226036 0.953938
41.167677 19.365005 0.962666
44.982373 18.320614 0.952111
51.091940 32.456144 0.952777
36.288328 28.499687 0.961829
48.979172 18.207205 0.961762
49.540739 32.309065 0.951968
41.598250 19.377283 0.957132
39.082514 23.885523 0.959870
47.687916 14.818360 0.953979
64.993502 28.678096 0.952381
43.453430 31.920000 0.959944
44.954558 31.796616 0.953407
59.845217 18.910389 0.950724
40.074794 26.622249 0.959069
73.685884 24.657771 0.956876
56.191982 23.673672 0.956719
72.519739 29.179490 0.957359
60.471163 30.671950 0.962549
72.901747 29.159414 0.950510
52.501567 25.823414 0.961325
53.403960 22.216897 0.961053
36.779803 18.561306 0.959638
52.259914 19.904039 0.954425
53.401083 13.933333 0.957837
40.870275 24.592151 0.960063
49.032445 23.645228 0.950703
56.289180 15.996935 0.953336
50.790514 22.226469 0.953065
45.364181 22.932136 0.951206
61.179307 27.456410 0.958171
51.273100 24.144544 0.958269
51.857702 19.860732 0.952256
70.940088 23.992254 0.951734
67.674581 29.044592 0.951281
39.185517 24.827756 0.950169
39.537071 27.907917 0.952387
61.342972 22.784224 0.960198
72.708607 27.720610 0.954393
69.568082 30.905098 0.955113
64.187399 26.699072 0.963295
45.195283 24.348512 0.965322
53.759286 15.369485 0.964807
71.788544 25.991647 0.956672
51.644556 20.531209 0.957992
55.978554 16.694957 0.962672
54.308174 31.160917 0.954282
64.824082 18.349246 0.960393
62.675954 24.472410 0.951489
56.695146 25.175731 0.958276
58.273405 22.591406 0.958694
56.911152 26.607210 0.956907
36.973381 19.553949 0.958658
47.568894 18.097948 0.956020
55.378014 26.176177 0.956807
69.563858 26.318148 0.957837
44.717982 27.117057 0.960485
60.479619 23.054751 0.962398
51.650465 31.315144 0.962790
68.893864 32.371933 0.965031
46.992831 30.073600 0.957144
61.621682 15.966181 0.966351
41.601743 31.201004 0.957965
70.571668 28.552576 0.963871
57.446971 25.870101 0.957976
53.369917 32.275612 0.956951
44.666912 28.762089 0.950033
66.148614 29.918600 0.956880
43.967247 16.717785 0.954317
44.845339 17.263026 0.956851
51.825087 25.283940 0.961399
56.972394 31.808510 0.953275
48.670691 24.537582 0.960099
38.121632 19.311801 0.950194
62.425530 28.294085 0.961064
44.326235 24.013309 0.960675
69.707094 30.357873 0.956343
52.266993 21.743391 0.952128
57.013434 30.476593 0.953166
61.181084 32.423577 0.965085
65.657353 31.249371 0.957023
49.120147 15.612254 0.951920
48.365789 31.980715 0.961579
47.626659 26.077430 0.957246
66.741059 21.229938 0.963260
70.007829 31.047774 0.964365
45.897035 27.572310 0.954397
70.777952 24.695725 0.956616
47.985002 15.270475 0.951338
61.007934 14.776108 0.964585
48.879491 18.700085 0.959849
62.222975 27.634099 0.957551
55.307124 17.759077 0.958515
75.547913 31.878792 0.955600
67.162130 26.753347 0.963081
47.314675 19.120014 0.957935
69.490774 28.996107 0.962815
57.519680 29.000144 0.953085
57.697630 15.442322 0.965024
69.843036 27.678791 0.958074
51.951779 16.015118 0.955625
54.147127 31.804016 0.962241
64.734159 24.086498 0.951461
42.009802 25.136839 0.965081
64.840568 23.053965 0.954748
58.627989 16.352643 0.953357
63.927526 25.357319 0.966659
73.807000 25.787402 0.955756
56.363009 28.058844 0.950979
43.082557 22.925876 0.959651
70.274834 24.276535 0.951611
51.842488 30.623134 0.960323
49.484759 23.125041 0.965980
43.389361 25.584168 0.957022
64.053898 32.134620 0.951572
65.820531 31.201733 0.952560
58.772315 15.025270 0.960041
43.325714 27.657581 0.950223
66.415126 32.067889 0.957639
54.434298 15.974165 0.950874
56.041302 23.564143 0.960330
51.066678 21.626470 0.962961
59.192501 25.017644 0.954853
59.559125 18.514647 0.957569
52.148748 14.327579 0.958335
45.394022 19.513164 0.950897
45.101888 18.057817 0.959462
60.865517 15.353039 0.957465
67.347717 28.569883 0.966650
55.260770 22.195655 0.957263
56.077539 24.253171 0.950421
45.528096 21.147026 0.956635
53.712899 29.958274 0.962625
60.862264 20.093908 0.956908
62.374681 16.788842 0.955456
58.281011 15.832439 0.956776
60.838338 30.818516 0.960121
69.007748 29.986015 0.954634
64.658755 15.416130 0.953483
50.345409 23.660775 0.955954
56.241407 28.940162 0.953616
64.214128 32.109641 0.962858
72.999200 24.369304 0.956582
68.179591 24.810494 0.960083
50.611020 31.057432 0.952956
44.923515 30.603512 0.956392
36.162533 19.608723 0.953825
54.313580 21.552046 0.951213
42.111845 18.944919 0.953932
72.899021 24.169960 0.953904
73.206313 28.366794 0.956234
43.592622 19.865836 0.953275
55.560156 18.802403 0.963395
63.979624 16.691290 0.964518
74.038797 24.161232 0.964735
71.107741 27.650232 0.956874
69.477058 30.119056 0.955016
74.979994 28.293304 0.955391
45.429967 19.591629 0.954641
41.664116 17.933180 0.960985
41.176241 25.974732 0.956787
49.111991 23.173201 0.963394
66.845849 27.444224 0.960961
55.783142 22.308748 0.964790
57.269406 24.883306 0.954227
47.200563 32.052806 0.961594
42.808634 27.409625 0.958662
51.860287 15.111646 0.963835
50.780409 21.529138 0.950241
70.476220 31.261507 0.959232
75.247463 28.726637 0.953673
37.611610 20.161022 0.959390
70.142074 30.896490 0.962515
40.511116 17.097137 0.955515
75.483625 27.516107 0.960495
55.639613 18.900829 0.961751
37.232324 23.671095 0.963420
65.337220 14.970830 0.958125
52.785195 18.138006 0.963964
51.341196 25.806066 0.957476
59.632163 17.540835 0.954026
48.561777 22.936278 0.954895
43.922197 18.520116 0.956264
70.033567 27.650050 0.951027
58.049704 30.885895 0.960124
46.429508 30.930737 0.950187
46.268296 26.770938 0.964401
66.876859 15.549961 0.964971
75.927475 27.948648 0.956379
72.826289 27.905799 0.952909
46.631230 31.616015 0.961266
70.449918 23.191199 0.953317
75.763448 24.676647 0.962848
49.688760 24.080825 0.951150
60.003381 15.472214 0.959774
71.495121 27.660243 0.965047
60.682108 22.583159 0.962618
74.930998 23.823700 0.951057
55.988604 16.690579 0.959815
50.030259 22.211280 0.955115
58.172071 27.671370 0.963643
65.562416 21.457123 0.954197
42.694892 30.063055 0.950725
57.170117 17.938307 0.959040
51.086999 32.495375 0.952420
57.023790 14.398132 0.958680
44.107943 21.065076 0.966354
46.177707 24.229755 0.965773
61.851433 23.480087 0.965540
47.847585 28.197654 0.954182
51.696786 16.415820 0.953914
47.690951 17.844600 0.952092
69.002827 30.191273 0.953359
37.783189 20.210816 0.950161
46.023537 21.319469 0.951672
49.889313 16.411438 0.954764
51.073943 26.756564 0.964006
52.480925 24.031154 0.966280
66.191196 17.292278 0.959993
48.410975 23.231246 0.957473
55.290103 22.699955 0.955379
61.194611 27.217923 0.956511
47.111652 25.587209 0.956353
37.219942 28.102402 0.951843
63.110295 15.482650 0.953624
62.862558 25.858156 0.963359
39.213385 20.848392 0.955612
60.573801 32.301515 0.965868
67.270765 25.378767 0.963115
39.147792 21.218841 0.964094
67.114475 31.552071 0.965852
65.165982 25.048529 0.956104
59.211016 20.607986 0.954292
65.353425 30.164004 0.964288
48.992291 19.619864 0.960254
55.913877 17.247868 0.960310
48.804920 25.244172 0.961724
37.529582 21.859471 0.952979
52.542505 19.708962 0.955900
37.113365 23.253086 0.963826
49.004294 31.039096 0.965211
50.665797 18.932886 0.964856
61.159849 28.326850 0.965730
48.321621 30.914519 0.951177
65.968101 30.455223 0.952181
56.792837 29.128022 0.956222
37.950021 24.843205 0.959048
39.651982 18.248028 0.965679
70.149178 28.881793 0.950934
42.777077 30.187084 0.952366
53.247878 24.466290 0.955416
52.810714 22.231700 0.960150
58.097285 19.012973 0.952215
46.695659 27.692629 0.951018
67.106396 23.102435 0.963613
67.703372 31.081208 0.961004
61.914231 27.817583 0.965127
57.703685 14.206214 0.963035
51.456259 26.451755 0.959383
50.299395 24.497104 0.957429
58.602511 30.194781 0.957125
41.207416 30.573148 0.962007
62.195229 30.656000 0.960443
62.355103 30.968718 0.958573
63.535481 31.940501 0.952644
70.343005 23.854170 0.960165
42.345492 29.840583 0.965818
44.240802 30.204881 0.966559
66.021517 18.433376 0.953143
59.783376 16.267825 0.951228
36.798023 22.285982 0.956739
47.178540 15.970861 0.954274
60.196067 24.006101 0.958262
55.284164 29.058022 0.964640
40.992882 31.361665 0.952445
74.313802 25.306697 0.952708
54.585562 15.388924 0.961111
50.534120 28.737820 0.966272
45.794856 27.707149 0.952512
63.480885 16.638990 0.951527
45.801456 25.080298 0.953542
62.104379 22.640142 0.950555
52.630815 22.511841 0.966088
57.772225 25.923656 0.953830
52.323973 22.489046 0.958191
59.620784 21.728008 0.959812
43.997851 22.932418 0.954564
42.331797 24.738557 0.965915
64.801348 18.746084 0.959411
41.337659 17.466592 0.953804
46.673925 28.905776 0.954492
43.059003 31.966164 0.961986
63.629762 27.427839 0.955843
47.688561 28.251798 0.958726
60.924261 15.307973 0.965186
57.138732 27.942187 0.951161
42.868878 31.149419 0.957172
56.701504 30.677635 0.956323
49.612848 25.216661 0.951501
55.587577 20.989080 0.950588
54.342809 15.782353 0.965896
63.490148 24.825353 0.959761
43.292901 28.839221 0.960024
72.433461 25.632632 0.962896
46.841981 25.846262 0.950272
74.704154 26.514383 0.955984
51.868482 25.082497 0.953479
49.005742 17.981800 0.957412
66.240982 17.273264 0.960038
60.825982 19.985617 0.955541
59.663461 18.714962 0.951157
41.765491 21.247476 0.954775
63.698473 29.646603 0.963596
48.687361 28.486762 0.960833
57.257923 30.677179 0.954288
65.550366 32.153841 0.952853
41.676081 25.709133 0.957975
60.025352 29.704248 0.951206
66.154811 26.668415 0.953618
71.392212 23.452425 0.964444
41.893951 22.272722 0.965790
74.774181 26.732332 0.956876
44.141250 25.977371 0.957630
75.847941 32.137544 0.958410
46.622793 21.719053 0.950037
36.840389 22.395908 0.964148
65.916988 21.067879 0.960398
40.250766 27.316433 0.956869
42.235429 27.316200 0.954205
59.532023 21.453550 0.955717
62.156298 17.794790 0.961142
37.186247 21.403094 0.957807
41.328446 20.114088 0.957957
53.398121 30.246964 0.958071
55.753121 20.838689 0.958951
54.682098 16.764847 0.960036
48.416235 32.094507 0.963675
60.215955 27.825419 0.950096
65.281835 31.076656 0.952654
57.156936 17.870303 0.960252
50.721907 27.798691 0.958815
54.267416 30.854077 0.952275
52.096692 30.363736 0.951231
45.156504 18.921319 0.958829
52.441507 17.522125 0.962857
49.210516 16.674884 0.955095
75.408066 27.103989 0.957035
55.193341 32.400812 0.953205
65.689687 26.831640 0.959889
38.339496 20.575535 0.963081
57.093668 23.881751 0.959497
36.394737 28.605241 0.954219
44.186344 26.583289 0.958633
56.567634 26.723782 0.957071
61.638277 18.892809 0.965699
72.805781 29.149594 0.962227
64.028565 25.308048 0.950288
67.349317 28.462258 0.950368
54.942115 20.624658 0.958892
55.681229 23.991875 0.952696
67.765438 28.635772 0.953963
45.353862 31.622027 0.959130
66.913800 17.289856 0.953570
38.527538 17.530637 0.961494
56.697183 15.061700 0.951953
71.563779 30.461771 0.954666
62.943907 23.834297 0.954063
59.683019 28.251146 0.965483
68.120914 25.215299 0.952161
41.379056 27.509810 0.956768
50.419717 28.336667 0.954923
70.360732 27.048411 0.958569
58.240437 29.068399 0.965853
58.162557 29.451369 0.953231
55.073859 32.459744 0.955200
46.717974 19.444441 0.964123
64.939777 28.341768 0.964851
47.409783 22.307686 0.954337
63.646659 15.111528 0.954368
57.654560 27.861072 0.960245
55.999801 14.789438 0.966363
65.162456 16.877592 0.956835
60.588958 14.002589 0.950794
70.754905 27.739958 0.961728
55.915633 28.604204 0.957066
46.629437 28.185858 0.961796
47.376061 30.032440 0.965428
64.332286 30.811285 0.952258
36.557505 28.053475 0.965007
65.018299 14.448462 0.960061
51.909043 25.132210 0.962259
53.365574 23.051392 0.950439
74.632794 29.083324 0.965346
55.770750 28.657631 0.963681
47.906173 25.757793 0.962985
66.468864 29.324317 0.959138
41.274068 22.199740 0.960571
50.782379 26.509215 0.957471
66.618083 22.087077 0.963532
53.662575 17.689057 0.950514
51.829647 16.116292 0.950471
49.636498 24.227499 0.951791
47.521981 19.221306 0.966338
36.979349 22.199581 0.956264
60.277641 22.208651 0.957955
57.588752 24.320599 0.950442
54.904785 22.511049 0.963916
60.972456 19.608084 0.961051
57.658265 28.584666 0.962813
49.995890 15.202044 0.959169
65.512801 23.884768 0.954765
56.488620 17.937779 0.962622
75.003891 30.348117 0.957747
55.524693 29.334526 0.958828
74.750888 25.361210 0.951733
46.693805 25.850985 0.963209
60.461834 18.625632 0.961357
75.454484 31.717390 0.966472
65.521962 25.726663 0.963241
68.148672 30.498117 0.953647
70.051118 27.488321 0.966119
36.375796 17.812560 0.966313
46.747293 32.112881 0.959470
70.374563 24.909999 0.965802
64.404648 15.675652 0.956899
54.703505 22.890892 0.950746
74.574327 27.509106 0.950831
65.032131 32.521730 0.955443
39.843690 18.035576 0.961273
58.836851 28.638347 0.951052
53.893512 27.095490 0.963288
49.743578 20.154862 0.962242
56.794150 15.468604 0.953026
48.412383 32.140676 0.965735
56.276659 17.046531 0.956933
67.368955 29.726865 0.958444
70.294972 30.777363 0.952524
56.700836 21.054270 0.953134
50.735162 17.972405 0.956946
53.869980 24.308993 0.950010
65.267853 19.726649 0.953462
54.175027 21.935997 0.963570
70.826313 27.750860 0.962173
38.593032 25.758022 0.964762
63.670970 17.490964 0.956154
37.929171 21.945181 0.964640
64.887027 29.482599 0.955116
73.773520 25.941430 0.954985
73.315384 23.294424 0.958865
54.015996 26.680831 0.957666
51.777666 14.458297 0.952029
42.251824 31.084620 0.959659
72.032563 27.213059 0.950601
49.173039 22.224211 0.954646
72.850237 25.751419 0.966539
39.754232 24.603629 0.950060
54.617468 17.722090 0.961908
63.821889 29.808277 0.963962
60.569302 27.701265 0.954967
37.914913 22.885821 0.960269
41.870963 19.064724 0.957321
66.046951 31.032349 0.965976
61.792216 23.652980 0.963876
44.224766 25.264800 0.963595
74.321298 23.488776 0.959124
40.922318 26.924210 0.961058
65.716859 28.622289 0.960911
52.998541 17.858607 0.963623
44.667120 27.065984 0.960701
56.952540 23.006904 0.964477
45.139086 27.688110 0.963556
74.642695 24.012435 0.966343
73.494446 28.320777 0.951964
42.923503 26.163006 0.956217
61.194602 17.850515 0.952139
64.156642 21.991279 0.955224
49.724196 24.050567 0.963366
72.564632 31.037368 0.959294
62.713052 27.598739 0.960985
68.883072 31.545992 0.962718
55.245035 20.336728 0.959397
62.872955 14.871937 0.952795
66.454535 29.499438 0.956898
66.082284 15.954003 0.951668
51.419924 24.278490 0.963998
48.402929 22.953892 0.962663
47.555420 30.752815 0.951317
41.848887 21.336234 0.951382
56.972111 24.702696 0.961555
67.365271 31.992313 0.951002
44.013499 26.124752 0.963656
42.718122 21.998989 0.958937
71.045928 26.507983 0.958037
58.738940 30.846451 0.956071
53.046582 15.273538 0.959845
68.021104 27.730709 0.958456
47.555737 15.247558 0.962136
62.563854 27.339022 0.961451
55.003478 29.443953 0.964201
62.892263 28.174934 0.952840
49.793425 15.845069 0.961722
73.494674 27.950424 0.965355
60.355894 15.987649 0.953691
55.773462 13.999339 0.953019
62.193695 31.784729 0.960489
54.288848 26.598276 0.964774
44.808392 16.787794 0.951178
54.410222 27.723976 0.953041
50.338111 23.663005 0.955012
47.306731 23.968214 0.962681
39.537437 26.975135 0.956948
45.986412 25.197935 0.963892
58.299983 32.497718 0.954907
66.566561 16.295735 0.965298
58.887528 14.033094 0.951065
40.400291 22.767655 0.962087
56.425425 17.769110 0.962423
55.737523 18.561891 0.954221
72.396876 31.693494 0.954496
47.563122 24.312350 0.962264
42.070440 23.889388 0.959795
75.399458 30.097289 0.964477
54.385878 26.063660 0.956527
60.256050 28.523723 0.954675
72.680429 27.172556 0.950026
71.853444 24.135324 0.954588
63.636421 30.339005 0.954913
75.282325 32.181595 0.955953
36.631230 20.324112 0.961706
41.005160 31.459808 0.953841
41.114684 24.052172 0.956706
60.482647 20.749633 0.961261
55.527615 27.583493 0.955186
46.055062 21.894395 0.963515
61.657379 18.154512 0.964400
72.871679 30.513001 0.965993
57.876891 27.938932 0.956929
60.333206 27.020995 0.962167
57.054372 25.570020 0.954627
66.115403 30.078061 0.950206
62.881161 22.367982 0.951411
53.822245 24.603810 0.960128
58.907424 17.226192 0.956141
47.134210 22.051455 0.958618
59.818436 17.951490 0.962317
57.573405 19.982329 0.965584
70.008455 27.972230 0.964878
49.525443 19.441161 0.964514
49.938922 18.694278 0.954746
65.524059 25.167294 0.964091
71.020787 27.377118 0.959456
75.678169 25.059273 0.964929
74.631766 31.508846 0.956249
57.096695 31.057479 0.965005
51.567026 26.648439 0.962164
51.862366 30.724435 0.960349
66.006976 18.585539 0.959810
55.624176 25.084325 0.952443
60.378988 23.173822 0.963264
41.672064 17.117441 0.964098
54.748317 28.993216 0.962917
47.464466 15.946001 0.952895
49.836383 26.989823 0.959952
66.673119 30.565765 0.952814
41.651547 24.751177 0.952136
59.831255 23.544797 0.964041
53.263478 18.327689 0.966406
74.621751 28.631614 0.953252
53.935319 21.117019 0.962763
48.018988 29.182140 0.962295
73.927705 23.207645 0.953413
48.004346 30.588370 0.964582
70.689223 26.093244 0.951597
58.724123 28.529156 0.963229
74.807767 28.655657 0.966324
55.569807 19.838489 0.955159
53.307504 22.048015 0.960955
36.671719 24.875104 0.950651
43.197274 17.416983 0.966183
60.635319 24.038972 0.961898
68.564657 24.753680 0.965126
48.074267 31.911904 0.960159
75.580547 28.535200 0.960690
40.644012 24.503920 0.963304
51.639086 22.684544 0.958296
40.569077 18.985673 0.954455
60.276222 17.904313 0.955193
49.431292 21.135839 0.958915
50.878258 26.968894 0.950588
57.584495 15.556309 0.957113
43.863053 32.461013 0.954020
74.818472 28.688739 0.957568
62.341231 13.845392 0.958333
49.786744 24.057556 0.951080
64.174015 20.997613 0.960475
56.018983 22.110044 0.958254
62.446570 26.390114 0.953992
62.497433 23.470761 0.957433
65.265389 16.252195 0.950282
46.850729 20.247094 0.960753
54.652255 19.379807 0.953833
41.965687 19.783296 0.952755
65.646577 21.269026 0.954390
49.286981 17.714743 0.952271
53.912405 20.216589 0.953229
75.581440 32.419758 0.952829
57.045732 17.865859 0.965836
68.916823 24.303713 0.950285
38.752604 25.529746 0.956098
59.696798 31.077586 0.965248
53.417637 28.540536 0.961980
72.663745 25.915163 0.956067
56.627693 30.976177 0.961578
66.508259 29.655496 0.950194
69.111402 31.274880 0.966282
55.198735 18.219091 0.955409
54.515213 31.101959 0.951461
69.574491 26.956998 0.954126
38.657321 21.971257 0.951647
73.890830 23.113913 0.950216
63.442052 28.110500 0.962381
44.948860 22.113319 0.965231
37.321499 21.250481 0.964049
42.240718 32.398232 0.963910
69.298463 26.739321 0.961544
58.681795 15.247522 0.959561
57.514487 25.082319 0.964309
73.943138 31.476883 0.950034
58.914698 24.636351 0.958187
46.229574 24.689401 0.956861
67.518043 31.651510 0.956944
61.653972 17.283917 0.965923
55.207836 17.573538 0.964696
66.927729 18.441860 0.958883
74.148782 27.634412 0.965091
70.450637 29.284853 0.958233
60.712248 26.153435 0.959829
47.403346 27.540129 0.953303
66.234438 18.530778 0.951352
56.827328 19.943152 0.957416
58.689237 23.868919 0.958896
63.303673 24.540662 0.951681
41.906321 18.958687 0.962101
46.197826 24.754347 0.954669
60.354301 17.257528 0.954413
40.207497 22.046382 0.964968
53.004830 30.718569 0.956313
44.751151 18.906982 0.957197
65.601406 25.721889 0.962644
60.836277 27.554227 0.959272
63.058943 16.133255 0.956332
73.639619 31.893780 0.964818
70.021971 29.562560 0.954279
74.779419 27.906561 0.964221
49.410747 22.455459 0.965782
58.218148 24.119105 0.962559
75.324414 30.149851 0.964405
52.046393 16.503334 0.953187
49.527701 24.935364 0.953894
50.076260 31.540613 0.958651
64.907904 16.514026 0.955623
54.105445 26.311343 0.953013
52.646553 30.972888 0.963940
71.731108 23.811306 0.964306
66.778567 22.017739 0.965467
60.346282 23.050118 0.965175
64.640438 27.007837 0.959031
59.478658 15.996062 0.959757
54.279681 26.758805 0.959954
55.631453 21.272147 0.963945
56.777842 21.678383 0.956058
52.028255 25.166350 0.961197
53.448893 26.527778 0.963081
58.550830 14.061906 0.962781
64.352155 17.207801 0.962120
71.125914 23.238202 0.951592
70.252992 26.978282 0.963158
42.300827 17.232846 0.962768
51.100699 15.525072 0.963619
38.826453 21.054798 0.955040
62.715185 16.731767 0.959466
36.403880 24.890889 0.957545
60.436607 18.187395 0.964192
68.015956 28.212560 0.952890
50.339829 19.655034 0.964691
69.608463 30.264883 0.957271
55.523202 26.113545 0.955013
63.666469 15.581453 0.965433
39.566440 21.471695 0.962022
40.492601 28.719265 0.956204
36.783464 26.482505 0.958973
64.170715 20.380333 0.954580
66.227660 25.489568 0.964808
52.882585 22.526382 0.960601
49.265437 28.712542 0.962022
44.761193 19.522446 0.963380
40.706172 18.522078 0.950525
66.546292 25.530015 0.955431
63.536221 25.470759 0.958317
58.576448 19.633837 0.966095
42.259951 27.565355 0.954581
70.087923 23.907288 0.959965
51.143457 13.927741 0.964017
62.096315 15.834870 0.959437
68.929208 26.285542 0.954405
46.706802 23.807830 0.956233
59.485762 19.207879 0.956714
68.401270 31.607905 0.959226
75.948310 25.132287 0.961902
72.776109 30.060927 0.951642
53.389847 28.172395 0.958738
69.612933 28.865503 0.959742
57.409272 27.819583 0.964093
70.695744 29.978019 0.963051
56.673367 19.900659 0.952287
53.248097 18.479358 0.958161
52.924883 31.077395 0.965549
66.391879 20.625222 0.956444
51.530359 22.055881 0.955169
45.751631 22.413464 0.962127
55.134383 18.509935 0.958640
72.734498 29.309388 0.956653
48.791349 22.254593 0.950088
52.912784 28.268595 0.963784
42.951969 20.543844 0.953368
72.325210 25.589812 0.963715
54.830263 27.518585 0.951557
52.279836 18.876258 0.960345
49.758005 18.732189 0.958444
52.520450 17.012329 0.960312
66.087622 28.814223 0.951139
41.438777 29.007487 0.963777
52.836726 21.858851 0.960077
54.854013 23.102650 0.960306
66.356546 23.835172 0.956928
36.437658 24.081458 0.951925
46.022455 22.722852 0.963823
62.184620 17.163379 0.959137
57.223473 23.258189 0.959112
52.709952 14.912785 0.965526
66.981330 31.004422 0.952657
70.014760 30.859256 0.960127
68.523838 31.351465 0.955890
50.669012 16.338770 0.965804
59.245096 16.410605 0.959480
38.569310 26.616698 0.960566
51.648441 21.879742 0.964128
74.783829 30.734138 0.956245
62.607564 28.315080 0.959373
41.853893 21.721354 0.959385
55.958872 27.454134 0.953797
54.529105 25.743530 0.962449
55.036760 32.104419 0.963740
61.812293 25.343174 0.957188
55.715455 15.410925 0.966455
53.084009 31.927410 0.955150
69.919459 32.545890 0.963683
58.449109 16.580134 0.963632
60.328698 16.379134 0.955905
50.076433 21.248758 0.963487
73.735043 23.835135 0.964339
44.293472 29.435523 0.961420
37.473280 28.126819 0.951630
56.686688 30.950195 0.958646
44.279539 18.251492 0.950238
47.827824 30.551052 0.960017
54.446525 13.760123 0.962850
58.701196 30.456261 0.964789
41.724976 24.121651 0.960950
65.220079 26.294042 0.959195
68.810281 23.609856 0.955241
64.669776 32.251177 0.962797
63.597076 16.503319 0.951109
61.723296 19.104395 0.958610
73.311530 29.450070 0.952286
64.839513 17.873780 0.959180
69.017689 27.552479 0.953193
48.449744 32.466649 0.962081
43.030568 28.618149 0.966397
67.793804 26.937639 0.960108
73.907774 28.989091 0.953459
49.438399 24.765480 0.963882
56.932081 14.582774 0.966340
61.391944 20.706928 0.955603
66.361708 20.083420 0.958932
53.898107 32.196996 0.957137
47.071099 30.086401 0.966610
47.908424 24.608407 0.960114
41.711837 25.062947 0.959515
75.620360 32.304841 0.954770
38.120818 22.647835 0.964541
51.251551 21.324379 0.960715
68.028473 24.536116 0.966178
51.572226 16.561235 0.950511
70.838571 29.375868 0.951009
50.745685 25.304741 0.954152
66.825283 30.648841 0.955961
72.480694 32.111390 0.960829
53.810066 21.375614 0.955901
59.163504 29.081480 0.965102
70.435866 29.860299 0.963335
68.938096 28.926049 0.958067
50.826999 18.885447 0.962788
55.129845 26.436127 0.959218
70.576348 28.940122 0.952589
66.642112 21.578754 0.962307
39.280372 28.101553 0.956078
44.397276 32.023625 0.958715
66.663846 28.995118 0.951949
48.554265 28.481659 0.958703
60.092152 23.971343 0.962313
67.686777 24.252778 0.957102
74.102233 27.495446 0.953265
48.205579 22.980281 0.965952
63.679431 24.183337 0.952441
53.479647 25.581758 0.959874
73.455651 27.628671 0.957877
69.711801 27.272789 0.951756
51.673286 30.029853 0.959976
51.075944 18.635882 0.950614
44.470694 25.427072 0.962361
36.875028 18.501741 0.957297
53.567543 18.788149 0.952207
47.461512 28.702537 0.954645
63.465490 23.694089 0.957697
60.533007 19.920662 0.954716
61.372771 17.144387 0.961976
51.009055 32.248281 0.951480
41.810022 17.901632 0.959737
65.707937 22.862633 0.957496
41.952796 26.212209 0.962118
44.694115 16.939629 0.951183
45.334546 27.359495 0.962172
49.299038 18.524406 0.960659
65.101317 32.232655 0.964794
65.716258 31.160622 0.953111
65.022911 20.544280 0.963648
51.309073 29.841459 0.964662
46.296151 21.898619 0.961965
51.135208 22.329227 0.966392
66.185566 15.985920 0.962518
36.069366 24.728469 0.960115
60.828693 30.806649 0.950669
50.115727 30.869248 0.965084
58.032204 14.573213 0.958267
63.458588 28.096529 0.957412
59.341160 19.290112 0.956865
64.546015 29.470545 0.962215
74.969812 31.433246 0.953188
69.270821 24.679988 0.951189
51.175330 17.839579 0.961296
66.146784 25.305269 0.959655
63.075338 18.410596 0.950884
45.150955 32.322309 0.954081
49.354499 31.782503 0.952698
60.817892 21.334000 0.961843
46.697287 19.881192 0.952645
66.952717 18.307455 0.953775
37.144557 25.533731 0.950217
64.326113 25.285602 0.965693
70.792200 24.815509 0.960952
48.143115 13.979977 0.959154
61.114893 30.836373 0.961211
58.310804 27.706609 0.951755
74.198257 24.056381 0.959775
46.640202 19.325708 0.951251
64.940044 14.828117 0.960115
55.451361 15.370466 0.956780
66.383349 31.499247 0.955052
59.500849 20.084060 0.965526
61.598244 28.424582 0.953446
68.055707 24.302712 0.959215
42.132405 29.988718 0.962927
49.747255 29.763388 0.954777
52.190995 23.240874 0.965560
39.457079 28.715177 0.957383
44.998653 19.391544 0.958348
71.300337 26.307276 0.955311
62.471611 29.687976 0.965315
44.794130 18.661918 0.965826
39.907250 28.465183 0.952370
65.624347 16.395145 0.956047
39.096263 22.581495 0.958651
64.662401 18.489990 0.951703
65.583143 28.309856 0.953136
56.111408 22.517151 0.963717
48.784391 18.177199 0.964825
56.496734 27.290574 0.950402
72.306990 25.283751 0.957958
52.791249 27.255387 0.963784
50.949453 28.487471 0.957852
59.036670 23.897446 0.963203
56.046036 20.662471 0.951274
63.589360 24.055341 0.963230
71.158060 24.353065 0.959897
59.339342 17.092709 0.953071
44.583775 32.001817 0.956060
54.746756 31.809815 0.960650
53.886372 30.504355 0.959618
61.356646 22.858123 0.951291
46.116105 21.755605 0.951123
74.467630 23.202946 0.955523
54.249602 24.532463 0.951953
40.715939 24.203894 0.960802
54.381356 26.251676 0.957134
69.277817 25.471257 0.962331
48.354098 27.474927 0.958300
53.251751 30.253042 0.960871
43.662684 22.084335 0.959450
58.121065 23.823795 0.957192
60.274336 16.529813 0.955478
72.932285 30.494180 0.962779
72.967607 25.247736 0.956406
43.563703 16.911139 0.954643
57.937808 20.286201 0.956384
47.823349 15.920343 0.951740
46.367074 20.887478 0.955355
50.798497 31.131987 0.965968
42.625171 17.450584 0.955309
42.666365 27.950161 0.950110
40.559239 22.026280 0.963127
58.152219 15.198926 0.950004
36.800902 23.967349 0.965634
67.894473 30.905883 0.960886
72.981643 23.248562 0.964841
74.976722 27.616597 0.965899
54.422555 19.625370 0.950895
47.002768 17.953487 0.962564
59.473945 17.476022 0.952799
63.622833 32.063565 0.960678
45.414847 32.018931 0.959235
58.752184 16.785411 0.964822
37.664466 18.482440 0.965311
42.885449 24.793310 0.951244
61.971079 28.136761 0.960876
42.545193 25.366423 0.950127
49.775978 19.933843 0.962428
51.769817 15.796976 0.964294
55.928269 23.707743 0.963130
45.005286 22.125879 0.965446
70.299308 26.605228 0.956053
47.996737 18.628388 0.950134
55.117222 31.038034 0.950098
71.923424 26.236712 0.958621
59.324327 22.668512 0.962990
66.702550 25.966542 0.964603
36.208047 19.480262 0.959201
42.793765 27.450945 0.952555
38.908767 21.966873 0.950797
59.087030 19.388823 0.956024
43.050141 21.910272 0.962179
51.177219 13.912517 0.965788
43.097828 17.689246 0.965533
58.402732 24.974943 0.957573
43.801020 24.277159 0.962409
65.916384 16.423176 0.954640
36.756593 19.365449 0.962487
74.996694 26.816688 0.957236
64.528688 22.961739 0.961370
72.762536 32.177837 0.952587
74.043451 27.163925 0.963545
66.744458 20.041140 0.957847
46.773218 16.665140 0.963930
62.569123 14.066694 0.954490
67.418550 31.415475 0.961925
44.257337 27.605519 0.960699
51.981071 26.420706 0.956638
36.658664 18.276430 0.961371
54.244775 23.202755 0.956344
64.644498 32.048507 0.955179
63.385010 28.242009 0.965623
43.777442 27.363770 0.962699
50.529290 26.385631 0.952064
62.967173 27.785350 0.954151
58.593172 23.801144 0.963163
72.126548 27.471084 0.965153
56.908911 16.489867 0.961880
37.310177 17.822951 0.953727
52.319745 22.419525 0.964434
58.487911 15.243108 0.950332
51.601087 26.194344 0.961714
68.382460 24.496426 0.953547
51.449730 28.321756 0.952858
62.995640 19.690293 0.965135
54.987347 17.924271 0.959683
73.469159 23.919371 0.957382
41.656325 26.291265 0.966251
59.168111 24.031007 0.960975
66.556095 28.830869 0.966399
64.959615 26.957176 0.959680
52.577639 20.205797 0.960052
70.150302 23.367683 0.952838
56.649941 14.274202 0.963184
51.902286 30.357253 0.953640
56.756376 30.606138 0.952312
42.971240 26.939777 0.957210
62.928237 15.182038 0.960976
53.433562 19.605323 0.954169
57.972369 29.012771 0.955053
65.173769 31.099415 0.952595
40.703887 21.289717 0.952484
58.718995 23.008756 0.951001
56.504278 14.348539 0.958545
36.892247 22.009870 0.961674
60.887389 32.406554 0.952664
71.253748 31.422220 0.956191
73.361228 28.271218 0.951306
38.547082 28.669953 0.958206
41.657961 20.884471 0.951012
37.340411 18.612126 0.959242
71.497726 26.032603 0.962422
61.981607 24.578436 0.951808
55.812991 26.482658 0.963128
49.693113 17.004775 0.956014
60.457355 17.004027 0.955837
56.871392 24.221893 0.954464
44.635649 30.803972 0.965112
47.460825 20.514367 0.950627
41.881375 25.358770 0.956269
73.489488 23.522718 0.962456
41.882656 26.317223 0.960280
51.033305 21.553979 0.963585
48.156911 22.593950 0.955177
56.585418 25.250287 0.959514
66.888013 20.450331 0.954870
72.345435 31.545308 0.954142
47.679190 19.450855 0.964859
67.450150 31.282611 0.956618
60.897029 19.519677 0.956295
74.110409 23.469554 0.962696
50.817062 21.681173 0.957303
51.628688 17.573575 0.961599
59.496472 31.453245 0.965308
53.135858 18.421049 0.961022
75.479903 31.640635 0.962286
46.498312 30.329576 0.961200
49.553999 31.467496 0.966260
52.089000 26.409780 0.953391
48.763341 21.360585 0.955542
56.697488 24.028631 0.951157
58.049490 25.433466 0.961522
49.300175 31.663456 0.953612
48.197656 13.900296 0.960414
62.140623 21.089050 0.951031
57.568377 21.171881 0.964060
67.615531 25.981831 0.952518
66.249300 16.574701 0.960561
49.173495 16.072986 0.963808
72.344268 30.355839 0.955942
67.716130 24.373822 0.957146
58.715034 23.381504 0.957305
52.264465 20.722413 0.961690
38.144802 20.317163 0.952826
56.706270 17.652630 0.959009
40.331801 25.372896 0.962294
51.181991 32.537649 0.958435
56.515646 30.585002 0.962039
60.878271 27.953159 0.960878
63.544272 23.454398 0.960625
52.149625 25.131354 0.962847
73.535671 28.573458 0.952346
57.467546 30.143898 0.965117
55.373447 18.761104 0.963303
61.944079 17.698809 0.966095
56.794050 23.265417 0.958009
73.579490 25.510240 0.952119
58.305816 29.624522 0.952459
40.800784 27.776817 0.965247
64.725905 28.451753 0.959655
55.904910 22.422033 0.963282
55.073805 24.651592 0.955467
49.038109 21.523010 0.958893
72.425512 23.653547 0.957113
60.994128 15.764035 0.955172
70.839979 28.677090 0.953809
39.259302 26.833357 0.953386
63.162657 20.967338 0.951812
47.710272 23.183471 0.951432
53.332815 27.828206 0.957470
59.886911 25.997761 0.960080
55.001964 25.833661 0.963066
43.830791 22.904358 0.952632
56.310740 16.964004 0.962666
47.699385 14.630918 0.956771
65.469943 15.713061 0.954348
56.167252 26.647715 0.961694
67.669249 31.386129 0.955203
54.627729 18.363404 0.965970
73.139091 25.624317 0.951363
41.207167 22.270405 0.960239
55.019556 15.333873 0.955693
57.408570 18.820024 0.953428
54.824652 26.954783 0.961399
65.887425 21.236621 0.959163
59.912345 30.459274 0.957142
65.651565 26.127098 0.963734
64.638384 17.025319 0.964879
57.675843 25.742056 0.964676
68.832013 27.543401 0.953901
58.337443 18.919349 0.955313
37.974259 20.933995 0.962177
63.565010 27.028251 0.954542
58.323819 27.544415 0.951810
72.716227 29.315047 0.956173
59.326035 16.521766 0.966315
44.519557 25.723195 0.964377
44.820068 28.512683 0.964634
36.412740 26.036880 0.954597
41.994059 31.599409 0.952743
52.307195 30.920828 0.965925
39.215435 18.708486 0.956216
45.264213 24.698369 0.965795
66.943549 26.850795 0.961182
52.084976 17.424762 0.952392
51.934585 26.555963 0.964588
46.778313 18.234957 0.961482
46.326749 31.978374 0.952147
41.568792 21.968061 0.966620
72.088584 25.876944 0.959697
53.444690 17.519715 0.958398
46.703042 22.706470 0.959935
65.447577 19.895944 0.952414
51.842630 28.353046 0.957284
57.208357 19.245987 0.963345
52.134865 16.960798 0.964354
69.522886 27.412086 0.953444
37.602766 22.154123 0.958606
57.123748 16.089817 0.950005
70.418045 24.892386 0.966621
51.690468 16.168199 0.956782
57.035815 21.649814 0.957687
42.406057 31.507595 0.960203
55.482582 14.140574 0.950275
69.751075 27.349400 0.961739
64.990378 16.151177 0.957141
47.190202 27.973837 0.954130
44.240438 23.512002 0.964759
45.538307 23.335114 0.960765
70.899944 32.188631 0.953089
61.749634 28.781426 0.953833
50.934932 19.654035 0.954632
66.415263 16.044306 0.963300
49.772924 29.639722 0.954676
63.970320 20.248701 0.964624
51.354840 32.073853 0.956565
66.784568 15.591274 0.961840
54.860834 32.078754 0.952482
60.706769 27.572607 0.951848
46.903028 29.061041 0.960573
69.417814 27.322767 0.954395
58.391923 20.027190 0.965296
56.768904 18.421383 0.956071
66.253516 19.794860 0.964515
74.405491 31.424521 0.950696
57.794260 28.429443 0.962380
55.269391 27.683808 0.962265
75.989318 28.312279 0.954207
75.300418 29.777193 0.960123
71.094109 32.449364 0.955378
45.414811 28.406734 0.952817
54.173677 30.395690 0.959684
61.714553 30.633876 0.964382
73.237028 29.104821 0.955646
57.994508 14.597675 0.959191
71.135197 30.859635 0.964615
54.164195 20.666608 0.950536
50.728202 28.749758 0.963687
58.750793 30.676522 0.966169
58.216229 30.643107 0.958543
73.946900 28.106944 0.953827
48.299321 29.746021 0.965172
64.510896 21.314577 0.965692
63.103663 26.596445 0.956954
60.177735 17.049766 0.964013
72.385278 25.929663 0.954451
61.338945 31.003445 0.954603
50.213851 27.351419 0.958352
59.699929 26.417702 0.964841
48.318276 25.171960 0.951147
59.575462 25.910149 0.958363
61.168569 21.874419 0.957214
64.701104 21.780315 0.960084
56.328808 24.086964 0.951533
44.220729 20.432822 0.950408
59.466857 16.379671 0.966647
56.420708 31.413520 0.951931
44.277027 23.365663 0.952722
48.903631 18.351050 0.956595
54.662152 28.946777 0.962399
72.866802 28.683317 0.955351
58.624284 27.618801 0.961164
63.576536 20.544794 0.966549
60.442457 28.444727 0.955540
42.574830 23.577782 0.958508
71.654339 24.710665 0.966426
55.051167 19.987236 0.962279
49.468382 18.689664 0.958460
41.353849 19.596702 0.960684
51.929339 15.106273 0.965462
41.232118 26.256597 0.956048
67.034822 22.204633 0.956464
74.126802 30.224272 0.956030
47.887168 30.134128 0.954005
42.198734 31.472638 0.956178
70.560772 31.838757 0.953602
38.513654 19.034851 0.952787
46.405915 28.287500 0.956018
59.958992 16.375201 0.951306
37.926518 17.413771 0.959639
69.756073 25.017432 0.963498
38.964808 18.607161 0.956394
55.577556 26.485975 0.958469
62.011444 17.666608 0.960347
65.183220 17.047928 0.954378
44.195691 27.599531 0.961436
48.335497 17.642764 0.950959
50.412652 22.323853 0.961473
69.757502 25.677264 0.956270
62.776334 21.797860 0.957474
51.668262 21.981155 0.960997
39.856086 24.830213 0.954462
70.289788 29.142594 0.955926
44.536767 27.336467 0.965198
65.029082 30.200924 0.962580
63.486650 17.003474 0.961472
67.235493 30.870650 0.960269
50.065828 23.760666 0.965743
72.968190 28.721130 0.951318
38.489879 17.403008 0.954036
54.606412 28.973618 0.960199
56.883325 18.998351 0.954913
47.194868 21.966741 0.956012
47.125147 15.817464 0.957017
62.200299 14.960111 0.963568
56.032107 16.558392 0.960449
66.367672 18.303986 0.957533
69.410846 27.301473 0.959533
51.264273 29.269305 0.962936
72.427108 31.865931 0.955864
57.834432 15.996180 0.958104
76.018724 31.796229 0.957387
63.188791 31.304134 0.964949
56.220757 26.243712 0.962222
68.913912 24.384653 0.956457
64.883579 29.921227 0.952017
44.973295 25.744250 0.965041
64.004825 17.715231 0.963689
54.482582 21.484336 0.966588
37.648603 18.826436 0.953088
55.839017 25.078414 0.957521
75.400063 29.841753 0.963600
41.818506 25.959462 0.962059
70.398090 28.451258 0.963526
64.813280 29.899365 0.952362
55.070311 15.029306 0.963193
57.989355 27.790952 0.964267
52.721612 28.918559 0.964661
55.448354 15.834003 0.964204
72.756117 32.069149 0.958865
73.530835 29.196037 0.953987
66.332887 31.353152 0.953411
48.328070 19.709441 0.954930
67.520883 26.362890 0.954904
61.581310 15.174793 0.965868
53.266782 17.597996 0.964928
71.349807 24.599505 0.955005
40.536046 16.706871 0.966455
54.315159 31.623274 0.955341
68.379757 26.783076 0.955400
59.930008 21.508823 0.965305
64.962996 24.820677 0.962905
66.185321 21.025304 0.963674
62.703084 24.675322 0.958952
58.841484 22.975716 0.962465
51.525540 17.247017 0.958262
55.591093 32.486572 0.961774
40.544473 21.107049 0.962542
49.069115 16.633106 0.962729
71.556280 25.673798 0.952019
51.515235 17.129016 0.965223
66.095192 28.540965 0.965731
62.266532 31.992503 0.964781
63.190906 28.954401 0.965217
54.767932 16.076637 0.965972
42.212024 25.465086 0.961182
49.372632 31.698231 0.963008
72.165055 31.871385 0.964088
47.429044 26.201334 0.956270
38.837197 25.349136 0.957234
53.765599 30.222830 0.959168
58.189774 24.849072 0.952905
60.419111 17.605898 0.955117
69.511143 29.164621 0.950907
54.986841 18.300720 0.965822
50.336774 31.296526 0.957172
72.846866 24.685963 0.960248
41.744016 21.963855 0.961008
57.459924 32.272706 0.951910
61.812675 20.834066 0.964034
40.592094 28.038794 0.957845
41.796331 31.650150 0.958690
47.052898 18.192599 0.965787
64.007787 20.399932 0.963996
61.807134 18.294645 0.950086
52.629308 16.699402 0.951623
51.877306 25.173805 0.960518
50.997747 29.843808 0.965094
49.198242 24.356370 0.952817
72.510705 25.284642 0.951494
71.345106 29.415304 0.950313
72.806856 31.358467 0.960853
62.364336 14.106060 0.953152
67.371827 31.341631 0.958560
48.083562 17.882951 0.966406
70.824755 24.328121 0.950431
37.407335 21.854370 0.956295
53.195263 14.146174 0.950446
43.101957 25.008082 0.965657
48.101674 17.691700 0.956315
69.151435 27.384103 0.955339
43.784723 21.967814 0.961719
63.259940 22.806724 0.950874
64.257973 20.788757 0.965342
54.233777 31.360173 0.953295
48.529340 16.364504 0.955234
42.068818 22.541146 0.964548
46.563736 19.394902 0.956496
40.199054 25.969086 0.960026
46.021255 18.577749 0.961366
36.848034 18.724573 0.960999
67.577220 29.863505 0.952705
62.032582 22.496268 0.960377
64.681201 18.753447 0.958104
71.261228 31.439444 0.951736
67.096512 30.569149 0.950349
54.930689 20.328527 0.958431
63.604699 16.902749 0.961301
61.270105 29.566309 0.953373
46.872046 14.413995 0.963815
73.710538 30.524718 0.959229
69.775174 24.982761 0.958346
63.086219 14.500402 0.965811
60.379063 20.556666 0.964825
54.376442 27.048674 0.957549
49.180560 21.832907 0.954527
54.396026 19.917290 0.952833
37.096239 23.589252 0.958305
69.178685 27.581101 0.959873
70.401411 23.733405 0.959768
54.462366 18.641486 0.958500
72.837526 30.026518 0.960808
43.582005 28.429125 0.951750
72.719833 32.061557 0.959800
71.161520 26.466663 0.964296
55.130158 18.621350 0.953103
41.837734 26.898535 0.961892
72.437124 23.577814 0.960040
72.765141 30.351577 0.961473
53.429604 28.859963 0.956681
55.256089 30.504068 0.950705
74.422210 28.653200 0.953276
62.111344 21.073206 0.960149
75.188716 25.666860 0.951736
66.116303 29.326308 0.964486
49.174469 27.988701 0.953675
54.075044 16.002237 0.963962
65.135585 32.495128 0.957935
54.357284 29.436513 0.955549
64.533822 29.873938 0.956796
41.514212 30.418731 0.956880
69.655672 27.931892 0.960948
52.571763 15.514422 0.965642
69.212430 25.370095 0.964244
50.635363 31.162286 0.959911
57.921872 20.350492 0.958258
46.511937 32.447081 0.950558
49.033887 21.589184 0.960376
37.196086 21.169889 0.962901
50.542028 31.760074 0.960365
63.613727 30.474736 0.963799
36.734108 19.762233 0.960561
57.523480 21.928056 0.965601
72.704577 25.622524 0.952425
61.148231 21.681904 0.953882
57.212295 29.154290 0.965532
45.666812 31.111933 0.957235
74.627448 29.466627 0.954884
40.989341 29.196774 0.962147
56.941627 18.748096 0.960012
71.267770 24.702460 0.956059
74.013261 27.254996 0.956115
71.309879 26.271274 0.959428
53.870712 32.131397 0.954703
43.339356 20.781230 0.952915
61.137490 21.728675 0.958663
62.658996 13.974779 0.950674
52.724744 14.518611 0.964630
54.098524 20.800209 0.960826
42.711979 24.630443 0.956110
74.521715 25.088875 0.953100
55.557466 30.379878 0.956676
56.137625 19.984132 0.963980
47.278467 28.938104 0.953998
58.780564 20.012544 0.961139
61.530197 29.106285 0.954184
62.832109 23.626951 0.963257
59.853115 16.010542 0.954193
74.120477 32.187356 0.960172
49.213420 22.309556 0.954719
59.568783 24.123853 0.964490
58.911441 26.914471 0.956323
71.311850 27.656681 0.965758
37.260150 23.806799 0.966226
49.531705 14.490790 0.951364
38.748967 21.723865 0.960905
37.866115 19.487429 0.950307
51.330960 30.306070 0.953905
69.098594 23.999112 0.951000
42.177103 22.596876 0.951428
52.096231 27.503746 0.951992
38.155627 17.723969 0.960727
47.401230 21.303313 0.963678
72.857587 24.742520 0.953941
57.088500 23.575975 0.950005
41.300904 22.973237 0.965774
39.110182 21.194115 0.958642
41.241063 21.213712 0.961209
41.842750 29.503941 0.957917
59.003008 30.816343 0.956908
40.516229 27.616048 0.957773
41.504549 22.347452 0.951048
56.779005 19.893910 0.956148
68.688613 29.252812 0.965788
50.098767 31.601710 0.958694
56.409261 16.839509 0.964463
50.499640 30.452201 0.952347
40.768098 21.311847 0.951455
40.524695 16.875560 0.951062
63.074135 21.552643 0.950766
56.351276 23.402711 0.956626
58.898146 27.588603 0.960796
63.778031 26.958132 0.950677
58.290107 26.748995 0.952139
41.931302 23.044081 0.964978
42.988976 27.655897 0.959995
39.117931 17.018722 0.965856
61.399762 15.096253 0.959123
71.403559 30.449111 0.958404
53.864828 24.503803 0.963152
73.309143 24.643773 0.960562
62.263658 26.225492 0.950151
53.820767 18.077215 0.959977
64.104565 18.918806 0.962449
49.331907 18.931775 0.965076
66.947643 27.964458 0.964838
49.073333 27.691967 0.952601
65.325587 28.571448 0.952788
65.344749 30.348181 0.958558
51.498388 32.209251 0.953988
65.784740 25.712442 0.961826
60.802725 17.609294 0.954297
57.909182 26.491314 0.957754
72.777650 30.036089 0.962610
43.523981 21.972010 0.955312
42.954761 30.649095 0.962551
55.214780 14.301662 0.956077
50.667312 28.172576 0.953633
57.810618 18.662038 0.956570
54.617143 14.706636 0.951705
61.400181 22.787211 0.958706
42.007091 26.225781 0.963616
53.428779 27.693361 0.950757
72.816704 26.685620 0.956149
55.340708 20.051464 0.965486
41.411509 28.900559 0.958798
48.969844 19.841878 0.961697
42.296032 21.176294 0.960035
58.243106 28.331543 0.950552
55.214701 29.937126 0.962127
41.572658 26.893855 0.954099
67.542997 29.380693 0.958542
39.411416 24.885436 0.953550
71.013214 25.181629 0.965474
43.864745 32.351342 0.954170
62.792711 28.031517 0.966541
58.708466 29.446980 0.954498
52.563039 19.529839 0.962164
42.586384 17.000138 0.954309
58.372310 26.429936 0.951867
72.400895 31.461005 0.953218
55.121494 26.996011 0.954821
65.120351 14.481051 0.951741
64.530271 19.506956 0.955411
61.228382 31.363066 0.966380
41.451629 23.473595 0.963081
43.862015 24.736621 0.965539
60.813594 22.373055 0.963447
58.278785 15.100848 0.957843
42.106120 25.021584 0.962962
64.829519 21.608822 0.952540
45.962495 18.631221 0.950922
67.770180 24.839078 0.963851
50.396568 26.561673 0.958978
58.165347 29.793738 0.964725
41.806639 21.222986 0.964168
47.354231 32.496084 0.951715
49.039862 24.484012 0.955641
48.165853 15.278671 0.953672
55.208770 14.723949 0.965067
52.663812 14.827434 0.950471
55.800559 29.671849 0.957827
44.167192 21.842488 0.959849
37.599285 24.544894 0.966388
46.952755 18.100740 0.979298
44.363762 28.643401 0.976809
62.850421 25.936531 0.982905
65.385409 32.121652 0.980833
63.130860 22.298237 0.976821
46.140220 20.728929 0.969959
64.157746 27.938869 0.969685
60.572550 17.721673 0.969230
57.416454 22.775077 0.971688
50.029498 16.581607 0.969331
62.473597 22.845176 0.972436
43.315649 24.462925 0.972343
74.225352 24.423113 0.969695
45.417738 30.858906 0.970935
36.793245 22.298678 0.978170
55.959646 32.056632 0.982000
50.036102 14.913257 0.970709
64.725488 25.310897 0.970695
65.953771 31.578760 0.975803
54.451409 32.087335 0.966976
65.086526 14.944675 0.973309
49.705976 15.138491 0.977668
58.982764 27.026123 0.972525
68.618363 31.950049 0.974862
65.120055 24.727112 0.971979
57.490198 21.596258 0.971327
57.723752 29.570154 0.977921
67.461564 32.225184 0.968088
64.929724 15.827590 0.979883
48.094577 17.924442 0.967764
42.264746 17.735034 0.978886
39.371120 18.725513 0.972685
47.959944 15.844124 0.978495
61.621308 29.221210 0.980815
68.380407 32.271419 0.978486
56.934478 24.361073 0.980480
60.819201 15.247821 0.981109
48.574837 18.695332 0.977843
61.596493 26.638750 0.969935
37.860290 26.951130 0.976112
59.382710 17.958738 0.979670
59.092594 14.226633 0.971383
58.313692 24.625758 0.979507
61.842676 22.270321 0.971011
55.060182 28.286123 0.981296
43.975124 28.174972 0.980449
37.263318 20.469425 0.980534
65.852501 20.558272 0.974374
37.219330 20.787122 0.970388
49.011578 18.708398 0.972519
44.819466 28.225190 0.971654
50.184017 16.257882 0.978322
52.652993 20.435660 0.969661
57.441804 20.337257 0.978571
36.193797 25.295241 0.969243
46.307421 24.035638 0.970340
59.123577 24.819704 0.967223
52.445035 31.213319 0.981069
49.138268 27.937823 0.972737
49.926460 15.227526 0.975947
59.709490 32.305115 0.976413
51.147786 15.199400 0.980792
64.906269 21.994186 0.974911
62.031601 31.527326 0.971185
53.040179 16.386217 0.971864
40.987782 20.961635 0.975815
57.746951 14.554549 0.974851
59.764992 14.446752 0.967806
52.079974 18.614317 0.972807
74.646435 25.222733 0.975520
46.984008 19.329565 0.970265
75.783961 25.713647 0.983024
37.008998 25.984987 0.967747
45.788423 21.027165 0.970480
49.222345 32.140598 0.973435
37.405225 28.691427 0.975681
63.405999 26.486046 0.977222
49.770979 22.803537 0.972454
60.136747 14.821965 0.980762
63.746259 21.084217 0.974913
59.140006 14.455345 0.975018
73.166175 29.185080 0.978096
56.940377 25.449409 0.974163
58.982272 26.941246 0.976143
72.382077 30.150421 0.968227
55.180397 30.868875 0.968295
63.285055 15.748351 0.967680
41.847734 22.259612 0.981758
65.478311 21.072607 0.969527
40.965510 27.314263 0.978124
46.750813 16.317487 0.979162
66.722525 24.988144 0.975547
50.847592 25.427098 0.972900
63.852290 16.816007 0.981284
58.026739 19.054295 0.981709
42.490068 25.288866 0.977645
37.047574 18.613550 0.969128
52.488055 17.514119 0.980066
38.909273 24.485994 0.979364
58.551305 15.419561 0.967828
75.066301 32.493921 0.971326
42.774524 24.053231 0.974790
48.622981 25.216721 0.978449
63.759731 30.389803 0.976211
42.135123 28.352362 0.973408
52.985824 30.206956 0.971546
50.735703 21.222524 0.971220
51.953584 22.746128 0.968925
62.713746 26.780194 0.978469
43.283999 21.059681 0.978319
55.410869 14.558492 0.976619
61.605478 28.500118 0.978088
36.740210 23.997729 0.977131
70.991268 31.543833 0.967300
53.922895 19.771127 0.979793
50.652870 22.470683 0.974624
69.980598 31.940608 0.971990
61.272136 24.171653 0.981601
57.329672 19.052902 0.975957
70.260904 23.061547 0.967570
72.720766 30.614102 0.977020
56.497355 18.537162 0.979265
43.252093 21.732075 0.978437
44.401907 16.307586 0.970566
57.232471 25.069975 0.980715
54.583238 16.403362 0.978930
51.892444 20.646620 0.970280
47.016473 31.645289 0.967100
36.073941 28.438050 0.981179
39.634748 21.837267 0.969706
62.800658 18.768524 0.966825
61.207542 27.920003 0.981474
41.629947 30.985980 0.976988
55.483406 21.625021 0.978347
47.799239 31.749412 0.975953
47.657431 27.363716 0.981437
61.863009 18.383991 0.976088
65.651847 28.300442 0.971721
48.498452 16.538160 0.970111
49.485621 19.252083 0.981248
54.530963 30.523561 0.977343
44.172492 21.108334 0.975118
63.416442 14.668560 0.968744
70.688731 24.469891 0.973862
61.667501 27.746390 0.978665
53.837608 23.517157 0.981612
57.641105 31.888911 0.981477
63.136492 17.116680 0.971105
53.130642 16.824195 0.972577
43.644490 27.842119 0.973488
46.287785 23.622161 0.983236
64.977336 15.287263 0.968473
63.415650 24.769374 0.980338
50.632190 22.593294 0.967882
49.382893 25.093074 0.973457
59.360959 29.358246 0.975095
49.712266 28.096420 0.982806
68.566984 32.374308 0.968711
66.405122 29.858807 0.967066
67.638366 29.562706 0.972002
45.464609 32.136238 0.968857
49.443938 14.528286 0.973057
62.844580 24.158632 0.978298
49.072964 15.656697 0.980563
50.715207 21.005940 0.976761
59.020332 14.192362 0.974890
55.164431 20.871479 0.981429
66.135337 22.504027 0.981147
41.696228 22.750985 0.977019
61.388644 18.218833 0.977646
62.555155 28.568353 0.978485
57.362660 30.390420 0.979992
63.489276 20.782878 0.980667
59.970703 25.438941 0.973473
51.147859 19.686462 0.978628
54.303547 20.101405 0.972995
62.631557 17.377332 0.978192
43.027500 24.310833 0.976883
54.622232 28.110341 0.980356
66.833005 31.282105 0.966948
48.594241 24.650452 0.968392
61.392125 24.449015 0.969360
38.028719 24.470055 0.983232
38.677442 26.154665 0.979684
66.124521 29.761988 0.975590
42.801592 21.715178 0.969445
44.141751 27.585429 0.981695
37.507371 20.265600 0.977074
52.972107 16.554330 0.974548
75.139305 25.283036 0.969179
65.057382 21.383499 0.981044
50.069007 29.441181 0.982247
54.227186 32.319792 0.981090
59.059692 23.048229 0.970335
60.254213 18.323866 0.966767
52.094509 21.431071 0.982369
65.745334 23.915445 0.974903
53.337234 26.904333 0.968674
44.398791 22.872105 0.967738
57.037718 23.610771 0.977478
44.096446 29.107198 0.976079
60.587460 20.495694 0.979440
58.162391 25.188916 0.969262
47.056918 14.422418 0.982971
45.603211 23.986839 0.982234
74.548791 23.601516 0.977906
65.660704 22.789265 0.975491
45.235369 24.339747 0.974162
66.281155 26.890859 0.976110
58.611702 29.977587 0.977514
64.998515 19.350001 0.980463
43.082645 22.754229 0.974561
52.944756 13.977834 0.979995
62.499288 25.809342 0.967768
75.225030 27.420458 0.979399
68.067068 31.464928 0.968511
53.308927 20.699223 0.974533
63.653361 31.161789 0.974174
41.573546 16.640043 0.974693
44.907707 19.371163 0.979555
41.520931 19.548495 0.977791
66.219534 26.376404 0.967392
37.988292 19.927486 0.972409
53.107155 26.753297 0.969810
63.579730 20.793633 0.968724
61.338968 27.610892 0.979607
39.430809 24.282263 0.980500
42.962977 23.716884 0.973345
58.287681 26.356840 0.969609
39.156797 17.844673 0.983231
64.644610 28.350184 0.968064
44.930647 31.926611 0.979645
74.872422 27.618476 0.969089
59.821841 22.506614 0.967245
70.730991 29.855591 0.982171
53.700511 13.947302 0.968241
57.129874 25.147793 0.973843
41.409288 30.224234 0.979790
39.908265 17.982462 0.969736
57.033937 16.497786 0.977298
37.985009 20.040339 0.972606
70.595985 28.872113 0.977559
38.040321 20.750188 0.970014
67.345638 30.759728 0.977466
66.959691 25.585140 0.974791
70.626070 24.007368 0.968185
62.295011 21.823336 0.976869
65.775763 24.293813 0.978445
53.831546 20.725680 0.972877
36.651507 21.906497 0.979441
58.966329 30.401035 0.967122
44.934472 19.502090 0.975191
58.426189 17.776936 0.976404
75.907064 30.528801 0.970034
55.095071 25.703170 0.974109
36.768704 20.541107 0.968428
38.817340 23.573341 0.971216
49.196457 22.216604 0.968021
48.182225 22.194754 0.976330
52.347354 21.734134 0.982159
55.715176 28.793199 0.981447
46.648823 32.170777 0.966853
41.954395 18.757940 0.981509
65.960929 26.003108 0.981028
56.650976 16.782031 0.972280
57.777573 18.319280 0.979157
50.541932 29.994306 0.977433
66.155262 32.111151 0.967640
56.109054 20.117415 0.982902
60.017731 19.139757 0.982812
63.503550 20.650621 0.973900
54.488175 31.099108 0.975767
59.226475 24.827512 0.968234
38.223559 27.635005 0.975701
42.739496 22.978106 0.981094
37.364099 27.611494 0.978529
74.974603 23.939980 0.978765
65.401242 24.694373 0.980777
59.125207 14.815978 0.974555
41.288641 24.923918 0.980269
42.885220 24.189682 0.979286
40.303024 17.497689 0.981643
61.373140 15.537970 0.974832
62.211767 18.891586 0.968423
68.215936 28.048520 0.968304
50.670438 23.636075 0.970047
75.358567 26.883427 0.972234
51.581363 30.922496 0.981897
55.414826 25.137771 0.970076
43.143132 26.473262 0.969415
37.051726 18.643913 0.969982
58.090844 15.199579 0.969770
63.524935 30.046236 0.976766
43.798229 23.074029 0.968339
58.531132 13.792034 0.980385
36.476949 22.840822 0.968969
56.448642 29.493087 0.983177
44.039718 18.279610 0.966982
55.754743 28.262482 0.974189
38.661750 27.399258 0.982807
46.944798 31.361626 0.969742
38.367419 20.508839 0.973889
42.012254 19.818497 0.972753
75.372169 26.044256 0.976594
64.117753 21.853396 0.971406
47.937948 25.498977 0.972196
44.086102 20.212618 0.969477
41.683241 27.904879 0.972835
37.168324 26.257909 0.980972
62.541134 31.785281 0.979302
60.772984 25.052102 0.981092
63.033384 28.033438 0.981426
45.892578 29.833520 0.974372
66.248818 16.916150 0.971443
75.049262 24.241635 0.967626
52.837650 26.760394 0.976042
41.419060 19.397639 0.972241
53.816922 30.328843 0.969622
71.792834 29.078532 0.975466
59.567122 22.021991 0.969876
61.611399 16.093165 0.978922
69.669110 29.264537 0.971991
46.161831 16.054764 0.972615
53.662359 26.905214 0.971264
36.269513 18.069808 0.976114
46.384398 32.265311 0.983289
59.371030 32.334922 0.972462
66.151547 16.490350 0.978322
43.071969 18.952378 0.975277
46.846209 21.927654 0.971078
51.864581 16.487294 0.977074
41.191241 20.303124 0.976020
53.965901 22.778322 0.971197
58.546376 13.825152 0.982723
44.741004 30.548344 0.977134
68.787563 30.779281 0.967646
68.193179 26.031159 0.975765
43.482999 23.395603 0.974262
65.816698 16.866900 0.979015
63.584728 30.507941 0.973785
49.576878 16.301790 0.972903
45.388983 31.437382 0.973397
49.265726 27.797491 0.966843
62.604055 23.482347 0.969080
59.480269 17.738572 0.972597
53.700315 16.600116 0.971157
41.529924 24.274589 0.980647
62.349352 27.429194 0.966804
64.583638 15.527258 0.977483
42.473098 21.232303 0.981369
59.758315 32.241053 0.977699
53.725942 22.464807 0.977388
56.958518 24.178622 0.974190
73.521320 29.776037 0.981521
66.779432 27.623272 0.981137
52.720121 15.010651 0.974475
58.967228 23.889660 0.970121
43.260426 21.470062 0.982674
53.147082 32.030795 0.966821
63.495587 18.848682 0.973813
71.930740 24.497991 0.974324
43.099539 26.477136 0.978736
56.040428 22.111021 0.978769
40.957568 20.469345 0.978755
47.842001 25.739140 0.972986
70.383042 25.194048 0.976138
70.343171 25.975624 0.970359
62.166953 26.271323 0.975984
65.336893 32.495658 0.973686
56.875782 31.646427 0.974229
60.390405 22.678087 0.969152
53.390309 26.349318 0.978965
48.874280 25.083160 0.978311
39.765761 25.855656 0.982372
58.405136 15.191296 0.967462
59.116062 14.220093 0.973612
52.276412 22.768744 0.971649
49.006364 16.918488 0.967311
75.870792 28.521610 0.971501
47.521943 32.500875 0.971673
54.789979 25.932044 0.970634
54.238368 17.129525 0.973401
45.958891 28.271053 0.976168
46.791894 15.538443 0.974611
64.830758 31.796666 0.970741
50.785995 17.934844 0.982920
38.223647 19.652484 0.969673
61.439123 24.428733 0.977514
53.201034 25.426362 0.969616
55.416927 14.820956 0.970246
42.059805 19.134583 0.975037
58.672122 19.787758 0.966969
45.868245 20.338990 0.969260
65.628443 27.001357 0.981137
51.500138 20.928205 0.969355
38.694544 27.621393 0.973461
64.719782 20.949033 0.976925
45.689305 27.072771 0.974980
47.045974 15.790799 0.976375
46.766061 25.399754 0.970738
40.597699 27.478121 0.974325
71.380669 25.755459 0.970979
52.498756 17.292220 0.978822
44.258417 24.559606 0.978729
38.300857 19.084305 0.975615
47.203740 15.173649 0.976342
49.907717 18.292779 0.966860
69.079449 24.263059 0.968231
59.202651 27.967138 0.974213
41.595051 28.606618 0.970268
57.514100 19.077742 0.982872
69.436463 28.200010 0.979929
38.436702 23.762805 0.981533
46.235205 26.172044 0.976151
65.625991 28.211931 0.971288
51.317144 27.631407 0.981887
44.208830 28.903793 0.979392
64.245520 26.344021 0.981162
63.902790 28.456758 0.979072
74.331057 30.462379 0.981919
54.582187 16.136026 0.980000
66.450996 26.237492 0.978198
58.723516 30.177776 0.975265
67.039284 28.498078 0.967499
42.578600 26.555812 0.975432
60.586034 19.054184 0.976343
47.138744 19.551212 0.981875
55.959257 17.832309 0.982098
42.197935 23.003740 0.982445
39.529010 17.358026 0.975291
43.085208 22.606234 0.973118
36.511855 24.809601 0.981311
56.964255 14.167097 0.979269
55.546890 17.800521 0.968949
64.243278 21.272160 0.966804
49.158747 15.857607 0.969023
73.774416 24.929930 0.973553
41.110867 30.884856 0.978396
43.254438 24.476121 0.973849
63.127755 28.167172 0.968267
57.546739 18.743483 0.981183
66.858462 26.113019 0.970190
59.222081 31.994361 0.973804
64.661548 23.193529 0.979181
41.475356 26.783362 0.980801
52.716503 16.489627 0.972375
56.770091 29.964188 0.982940
54.221681 19.496112 0.978567
55.757470 18.384327 0.975298
59.103550 18.717090 0.977174
63.897047 16.447530 0.983073
55.555802 31.345603 0.983291
41.937837 22.976441 0.976815
59.945325 17.563098 0.974257
55.268183 20.685999 0.981060
48.465186 15.549378 0.971923
52.661669 15.271231 0.969101
50.126580 24.823078 0.976397
45.511484 17.599238 0.967489
40.239860 21.367143 0.971851
72.724491 28.584841 0.971355
62.856543 26.413608 0.983158
74.347614 23.284464 0.971237
73.683129 26.931621 0.972475
53.528461 16.587551 0.979872
61.866612 30.848347 0.982997
43.677371 23.103940 0.977456
58.393353 24.089445 0.972707
64.185636 28.305222 0.967267
57.789206 30.460291 0.980500
61.267060 28.712592 0.979041
65.149046 14.819348 0.980767
47.379346 20.409800 0.973237
36.543669 24.884422 0.968805
63.846425 29.025773 0.978115
55.132844 16.157080 0.982915
67.525807 25.071916 0.983264
61.414085 25.321499 0.983016
64.179386 20.896157 0.972406
61.691688 31.879717 0.976082
37.593171 23.709928 0.970910
39.204624 28.310358 0.977560
66.004555 30.259212 0.982451
66.966765 31.424400 0.981488
49.578069 27.697714 0.978658
52.052398 25.517406 0.979971
36.011594 21.827358 0.977869
62.363702 15.808028 0.979788
52.438590 31.513941 0.980229
65.049242 19.112688 0.979011
54.094249 30.288447 0.981711
47.972739 31.755894 0.976765
36.877903 26.159787 0.975672
42.407723 17.051037 0.979415
41.950813 23.927738 0.970388
38.968115 17.831747 0.972589
57.049275 13.869412 0.980297
42.639231 29.482462 0.972704
55.412419 26.071918 0.969563
52.317993 16.391353 0.981659
55.276455 30.392154 0.978285
54.396650 21.225402 0.977703
75.526754 32.251484 0.974677
44.339441 21.380934 0.979090
66.982832 31.151380 0.978004
52.452424 29.081917 0.976786
59.818723 19.790173 0.973642
65.038558 22.106992 0.979556
45.052053 23.104642 0.976178
70.500749 28.186657 0.977564
50.637357 19.754900 0.966799
52.283038 31.491319 0.976310
75.135446 30.550283 0.980917
42.578905 23.986209 0.970794
60.255116 26.258614 0.979267
48.484711 30.020839 0.976726
55.909330 27.513730 0.971245
42.193621 27.859422 0.970618
53.075805 15.270572 0.966847
65.675158 15.014607 0.982787
51.977039 22.018733 0.978282
61.158240 25.556909 0.979849
73.033727 27.365051 0.978310
41.820994 28.954990 0.974132
49.887833 14.972760 0.979150
75.689901 30.301953 0.972392
53.994114 22.747523 0.973355
73.925226 28.633367 0.967149
69.050528 29.333779 0.967867
49.939770 31.561088 0.977655
70.313239 31.176859 0.970489
56.973088 20.583147 0.966676
68.883627 31.621779 0.969061
60.355782 27.614648 0.975718
66.158484 19.863273 0.976168
64.018427 16.246915 0.977482
71.730467 23.368107 0.970565
57.541508 30.982474 0.976017
41.617809 27.130218 0.975566
43.000691 32.238058 0.981871
62.971818 25.288539 0.975662
59.529089 17.351001 0.970643
39.772491 26.897072 0.967486
65.645121 31.780591 0.977659
67.128639 27.042679 0.979126
57.615283 28.922362 0.979466
47.451041 27.274625 0.978991
55.434547 21.598816 0.977542
56.099997 17.103909 0.970227
61.055533 16.525451 0.978705
38.899132 19.827332 0.973291
73.916189 31.093612 0.977620
69.926393 26.605881 0.981186
61.508712 30.774118 0.980566
75.194205 25.412750 0.968789
50.232403 29.248639 0.980835
47.300695 32.252486 0.973662
64.136084 18.174130 0.975033
43.847929 20.574437 0.981334
53.387693 23.945206 0.973001
44.895351 21.604964 0.974940
56.057677 15.351870 0.976508
48.893177 18.886181 0.981054
49.912360 16.978560 0.972260
63.360539 28.898370 0.966840
64.688693 27.340534 0.978896
37.127902 27.896445 0.971674
46.701745 20.147270 0.969612
56.739668 28.421415 0.979513
66.378631 26.825362 0.969348
59.418972 21.554211 0.969713
67.763861 23.239476 0.975058
73.493217 25.540349 0.980548
50.639312 26.640879 0.974869
54.587147 16.257538 0.973875
60.014032 14.314849 0.973782
49.497405 19.829102 0.969939
45.871999 25.980395 0.971103
59.255963 14.470384 0.968214
62.676806 17.201689 0.972718
62.445046 20.389632 0.982363
50.623680 21.458300 0.968929
37.456116 27.652096 0.978699
49.053573 14.567796 0.981870
61.727549 30.143328 0.967134
59.315866 22.299315 0.968989
49.240817 15.397682 0.977678
61.768567 21.980801 0.975631
63.194162 16.231751 0.980029
44.138789 29.142094 0.978209
59.886880 15.231050 0.980358
67.783133 29.313557 0.978547
71.624800 29.164135 0.981173
60.884428 29.047699 0.972781
63.147702 26.918994 0.968633
59.365288 19.141687 0.983167
52.791227 26.718106 0.968353
56.447521 29.488258 0.982697
44.054230 16.939288 0.968353
70.923186 24.628542 0.980788
40.643479 25.210713 0.975474
43.125368 26.379194 0.982551
54.030096 25.620008 0.968074
72.533246 30.104101 0.978397
47.469634 31.616345 0.977330
37.822773 24.461985 0.976509
55.738871 21.413127 0.974281
42.621612 25.336294 0.982680
66.208472 24.543110 0.980128
44.839292 17.001100 0.976365
35.974625 21.686247 0.978901
70.789107 24.975693 0.977923
45.791371 27.055855 0.972720
66.052911 28.523972 0.981500
45.972534 18.484404 0.974289
67.187964 25.749763 0.975198
75.327989 27.371501 0.979000
71.002301 25.654765 0.971197
37.862905 22.379873 0.978710
43.642484 25.343162 0.982735
61.673499 20.543320 0.969309
55.743422 18.160322 0.975370
42.471496 22.352639 0.982523
53.763912 16.443347 0.971139
47.434088 19.575480 0.977018
49.789524 21.828903 0.979325
52.921757 26.823684 0.968628
62.341005 29.928995 0.980247
75.550988 26.911315 0.974400
67.728153 26.421759 0.976875
37.429938 25.536433 0.979710
56.682453 22.925285 0.966971
41.364138 16.683005 0.978020
53.718765 23.789360 0.967711
37.848417 24.664375 0.966942
68.626182 25.012085 0.966722
55.888458 21.723385 0.977909
60.464083 29.217712 0.978853
49.255499 24.415751 0.982133
52.789586 15.469047 0.973531
52.822435 26.277945 0.969675
46.622635 22.148988 0.982848
59.252464 27.215457 0.968057
44.505344 18.863315 0.967992
71.020037 27.694313 0.982083
52.113297 15.365067 0.968618
63.755993 30.656316 0.972064
43.982723 17.052921 0.978740
62.897242 17.779311 0.981616
66.760804 23.937405 0.979763
56.430292 25.513152 0.980730
57.086910 30.526128 0.978509
50.931159 24.897673 0.969133
43.429525 18.681424 0.983015
55.655515 15.566883 0.972152
41.563553 22.805951 0.982348
48.952449 15.642307 0.983201
44.695483 30.591600 0.968801
50.955322 22.810841 0.971255
71.794820 23.238424 0.970403
75.172884 23.731730 0.971820
54.860104 22.433909 0.981604
57.183873 23.789173 0.972587
43.521118 21.132727 0.975583
55.603082 20.798502 0.981764
54.657529 16.879803 0.983154
52.234530 21.970071 0.980115
66.825373 20.234442 0.974009
62.194824 18.369517 0.974744
42.224195 22.853265 0.973897
42.252933 23.453343 0.972613
69.997648 27.086493 0.970669
63.910427 28.860715 0.981789
51.671276 29.127203 0.980626
48.631776 29.373560 0.982286
67.790722 28.708148 0.982063
42.260543 24.037001 0.982507
59.516336 25.017339 0.967019
48.023892 15.624106 0.973873
72.817219 23.694729 0.974277
41.643223 29.720839 0.970219
51.547376 23.388748 0.981600
56.994071 17.225183 0.972811
53.891274 28.318924 0.975833
63.270235 21.185288 0.973180
74.476293 23.913490 0.977588
51.897518 23.214736 0.967722
57.113866 19.105485 0.972616
58.656798 22.762581 0.967284
60.219105 21.888468 0.975782
56.682618 18.197695 0.968725
59.860596 20.048546 0.980959
68.447151 29.527009 0.975348
57.850142 19.831838 0.978054
38.231815 27.361953 0.969394
47.861112 19.164375 0.981071
38.464954 23.985619 0.977947
45.203180 22.155289 0.968342
44.235025 29.328390 0.972434
49.056701 16.190463 0.967183
47.878075 20.453027 0.974919
48.073529 29.011529 0.970625
75.503335 25.931174 0.977096
57.235424 23.843851 0.974338
49.536358 30.951791 0.976282
40.535762 27.838619 0.975192
46.449034 18.124121 0.982843
45.861987 21.354033 0.970646
62.174677 29.116779 0.976589
38.429135 21.993344 0.977935
61.654479 22.429281 0.981839
57.711338 19.716566 0.969793
60.154618 14.149336 0.982034
71.398988 25.702930 0.973174
41.120998 18.928660 0.979072
51.531335 19.461980 0.983215
45.439682 20.258607 0.977350
65.357593 23.406249 0.979124
39.632834 23.596686 0.970254
52.484701 24.200474 0.970038
48.019358 14.245634 0.974914
71.153087 24.940508 0.967938
55.002625 24.954844 0.967363
52.804011 29.446734 0.979250
56.993731 19.979326 0.980191
54.063689 23.448794 0.971130
41.898624 22.438175 0.966694
65.560770 18.853887 0.974582
52.047408 31.160250 0.973538
37.055885 21.546647 0.972652
70.252721 29.113680 0.969783
46.752840 26.219038 0.976492
59.089547 22.262851 0.970583
69.627213 23.271902 0.980285
50.289514 25.261115 0.969924
50.589845 15.662651 0.973043
46.788523 17.505764 0.970952
54.107335 17.015086 0.973009
62.056813 24.946242 0.979095
55.727801 15.766094 0.979758
70.757520 24.103126 0.981987
37.209375 21.736699 0.968283
66.145464 32.125553 0.973894
58.502593 28.965240 0.977932
39.492202 22.351625 0.977892
44.528761 31.777377 0.972460
58.680862 25.983937 0.971323
38.629311 22.970575 0.976256
51.467750 17.123786 0.970075
63.833398 31.024913 0.969257
42.534441 16.996956 0.972549
54.449314 24.068975 0.969556
43.084094 25.305475 0.971382
47.640910 20.085603 0.969610
71.595175 27.743076 0.979941
53.631334 15.576858 0.969228
49.897416 16.049613 0.972755
72.219609 28.910195 0.972568
62.067863 17.217881 0.968082
39.671027 22.718504 0.978496
58.090364 28.926738 0.972730
66.061094 27.023333 0.973991
49.680061 24.946149 0.977002
44.689839 29.677248 0.968169
68.696604 29.845463 0.975454
55.479031 29.857092 0.978273
53.848887 21.285416 0.972772
42.929631 21.867202 0.982525
60.238859 30.726593 0.971903
52.115018 23.441210 0.974162
64.534953 31.133086 0.975948
73.113936 24.858318 0.978025
50.826951 25.649313 0.969750
42.297218 19.438651 0.980928
72.184183 29.059834 0.969561
67.123566 31.052516 0.967285
51.241793 22.614844 0.979204
52.632517 24.804100 0.967546
73.892068 29.423730 0.970858
61.809337 28.721350 0.982859
54.396943 15.795409 0.973355
54.599716 29.303972 0.979048
53.680341 28.819033 0.978775
75.048956 25.016393 0.979377
69.842013 23.179881 0.979828
44.294374 23.776243 0.979850
62.882091 25.309908 0.983325
63.124480 16.731314 0.972594
59.007086 22.235520 0.978242
56.111354 20.399160 0.975018
63.666057 15.020685 0.966721
38.592314 28.302903 0.980830
41.333826 18.276467 0.972591
54.323364 31.564568 0.976184
57.452136 23.813281 0.966975
61.559375 18.083261 0.982791
50.681719 27.951629 0.982896
61.296948 26.620311 0.976948
45.062386 16.278606 0.973074
58.115194 21.279796 0.978222
64.679423 15.759172 0.976116
65.531424 30.938019 0.975724
45.112836 18.690032 0.977881
72.878401 31.617077 0.973388
58.338827 29.108862 0.970368
48.067759 31.729621 0.976587
41.516222 17.276758 0.982339
59.018919 29.274900 0.969954
55.151059 16.020896 0.980603
56.035082 15.812479 0.968219
38.666974 20.569065 0.972757
65.180060 28.080140 0.971141
59.388898 17.401276 0.970205
51.746272 24.465592 0.973440
51.031181 32.429948 0.970421
58.951295 20.876667 0.976096
55.698402 15.870838 0.977698
61.455033 14.372441 0.978050
70.247247 31.891631 0.980767
55.407567 30.173106 0.973089
55.675001 21.760129 0.968920
38.660105 27.972159 0.967776
48.743252 18.497695 0.966677
60.211241 30.991273 0.972359
53.175247 32.164566 0.980844
68.608144 24.445852 0.968189
38.358061 28.489980 0.979945
44.886147 22.177573 0.979568
50.587848 31.724898 0.980216
41.357891 29.317925 0.976566
37.478816 25.725517 0.970885
45.361130 22.230008 0.970483
39.613746 18.096096 0.971192
71.941843 22.958826 0.983227
62.969594 19.733388 0.968122
65.983605 27.780835 0.974497
65.022215 23.495335 0.978964
64.445242 23.638786 0.979753
46.070593 25.872489 0.967573
63.476365 23.449117 0.982087
60.447137 18.496824 0.968673
54.973561 29.461869 0.975023
65.294340 23.417729 0.974988
65.156010 21.607703 0.972533
41.787253 30.888037 0.970514
47.441551 20.054348 0.971649
60.028814 19.860118 0.980484
61.742133 16.360656 0.975997
61.184222 28.514900 0.979808
64.329529 17.877445 0.979938
36.753884 22.455332 0.982549
61.938795 23.922512 0.968022
47.784067 32.143004 0.976785
67.551897 26.998888 0.973928
64.249897 28.204698 0.972609
67.560752 27.480599 0.972176
44.030907 27.143556 0.975596
60.421535 26.465221 0.978388
46.989138 31.958798 0.983267
47.652361 31.513500 0.982639
57.486357 28.423075 0.971015
70.006489 23.872549 0.982436
45.202023 24.576364 0.975864
47.753442 14.282865 0.981677
66.021733 24.224897 0.975739
60.338429 28.194732 0.979819
45.660163 24.222137 0.969143
56.391796 27.144173 0.980457
62.867813 26.093082 0.974741
70.598748 26.803971 0.972792
53.020456 31.286922 0.971651
65.221787 27.944037 0.977162
54.987579 20.504692 0.983223
40.436058 25.221430 0.977891
70.711083 31.597182 0.974541
57.158259 24.312865 0.979423
57.334023 18.804235 0.968722
36.671587 18.707712 0.980121
59.603791 16.569382 0.970969
68.221755 27.585538 0.977625
57.142463 23.701220 0.977391
60.035447 30.496749 0.968483
54.995319 24.376630 0.981839
53.158861 21.200737 0.967786
68.821684 24.277181 0.977617
59.954064 18.989470 0.977268
54.748963 29.924443 0.973635
64.696593 24.659855 0.978143
45.654403 18.150158 0.973772
41.291467 20.189292 0.973254
45.820891 31.548964 0.975361
60.114407 26.103179 0.978906
49.585129 24.470666 0.978112
39.900709 22.138823 0.971456
64.640322 23.225728 0.978193
41.964219 27.573958 0.980384
64.921504 24.765170 0.967774
68.203033 24.790734 0.966871
53.178475 21.172188 0.971899
60.734631 25.483036 0.973450
66.357347 16.215364 0.971891
52.996723 15.808698 0.973855
54.601671 22.131964 0.982678
70.738392 27.942818 0.981230
53.795292 20.954423 0.967818
42.977361 18.952670 0.975571
43.536542 29.587802 0.976561
47.653909 30.487507 0.978402
62.300618 28.633771 0.982322
75.745069 28.127164 0.973883
59.273403 17.580543 0.978508
53.724698 23.952290 0.969708
67.854137 24.146159 0.968162
56.000345 28.076138 0.982163
71.061191 31.204755 0.974235
67.054711 27.505375 0.981069
69.303495 31.697109 0.973688
41.679999 19.093210 0.981658
41.693377 22.901938 0.977248
61.357918 26.552966 0.970962
48.932897 25.091180 0.970572
49.476491 27.465493 0.970035
46.895948 32.437970 0.967041
40.583913 22.188037 0.969901
40.734454 22.782810 0.979492
69.281358 24.235216 0.972180
63.738055 26.273272 0.970253
43.750896 28.451263 0.980805
59.740373 25.333911 0.969957
42.679135 22.522626 0.977826
56.003566 30.409569 0.977798
57.883152 31.039200 0.981450
36.760591 19.154235 0.974788
59.417651 17.509806 0.982584
67.964101 29.592329 0.980831
62.156351 26.657151 0.969108
61.495995 29.596882 0.971319
63.615610 25.032276 0.968510
58.268852 29.462564 0.976108
47.223952 15.840608 0.966778
53.949826 25.340760 0.982840
52.227505 29.447997 0.973214
74.285200 32.057121 0.979475
43.000363 27.497920 0.973483
53.641828 27.864117 0.973263
38.203894 28.082672 0.980537
65.743489 31.774447 0.972546
61.239840 18.382689 0.976876
47.529349 30.173922 0.969910
43.152973 21.923619 0.969334
44.540825 28.343186 0.977015
36.887644 28.744372 0.969020
64.568325 19.653127 0.971360
70.596747 23.008409 0.977086
64.899899 22.060186 0.975731
54.428639 25.500695 0.971506
54.898835 28.609138 0.973876
54.175119 17.206957 0.974468
65.089314 20.682134 0.968300
55.661329 15.139815 0.976977
37.713116 20.299968 0.975244
55.513008 30.378291 0.967029
36.937447 27.187497 0.968500
37.332418 23.131427 0.980577
47.785358 25.212715 0.976947
62.350722 29.586980 0.967159
62.889791 20.381117 0.975511
48.365140 25.137016 0.980435
44.233578 24.795683 0.979301
38.697221 18.769499 0.974503
48.764500 22.040553 0.972157
43.028500 29.312128 0.972697
55.597657 29.262670 0.980048
47.214030 17.482636 0.978181
61.296361 15.075873 0.974679
63.668856 20.641582 0.968813
43.751451 27.890676 0.973889
41.460613 22.926935 0.982792
49.743493 18.585120 0.967680
48.465202 20.937882 0.969468
49.486808 23.942643 0.979762
74.922692 30.752392 0.970262
48.809654 18.211020 0.979618
50.691929 26.861664 0.978359
70.379251 23.221414 0.976656
50.544633 15.791582 0.975152
66.447524 16.847252 0.981288
69.833500 29.273381 0.977848
41.862267 21.592641 0.973319
49.157231 14.383500 0.977993
44.157843 20.438850 0.975620
48.916706 30.976069 0.982250
54.007370 27.403939 0.975585
49.920737 21.133697 0.975902
63.548430 25.618776 0.972447
53.694472 27.505396 0.971412
57.791913 26.982536 0.971926
43.178818 19.488487 0.979688
40.430377 23.443879 0.967903
43.236874 24.001551 0.966916
61.231722 23.896383 0.973048
55.795366 30.277030 0.977104
59.565188 25.151552 0.976273
65.387530 15.524607 0.981671
69.714048 31.248991 0.982563
47.912445 16.916408 0.968572
51.873803 24.237773 0.978227
47.908908 19.475879 0.975850
43.149266 18.480099 0.967277
62.185051 30.620962 0.977399
54.544849 22.473393 0.980268
43.858406 18.424818 0.983127
55.458187 21.671168 0.978279
36.649985 18.484257 0.976681
65.995086 29.495793 0.982136
74.544592 30.132397 0.976194
55.572200 17.438858 0.970608
54.371685 21.162326 0.973554
42.123828 17.018834 0.971782
46.958659 31.255187 0.974970
39.939898 26.608905 0.982680
47.998273 22.226151 0.972430
65.116181 32.540853 0.968591
65.044956 24.600475 0.972954
61.314320 29.645322 0.968026
45.045067 27.294225 0.967937
60.664059 31.079913 0.983219
49.588318 16.613068 0.967405
36.427799 18.792864 0.973424
61.118550 25.553469 0.979725
71.678907 31.256508 0.971966
72.060688 27.079266 0.973496
39.544007 24.118409 0.980468
65.029999 20.664151 0.972546
42.912986 29.039487 0.978002
71.573284 26.208422 0.970524
42.455843 24.196650 0.979801
58.940985 23.929609 0.969188
61.449559 22.022375 0.981941
63.365419 25.665209 0.981666
53.581739 31.980694 0.976251
65.158006 32.436306 0.974228
53.560479 20.468381 0.972530
41.483297 27.577176 0.973953
63.663115 24.962450 0.975755
66.590236 28.839303 0.980174
52.586416 28.938629 0.966736
42.113007 29.434964 0.976230
66.327368 25.026811 0.978143
48.116580 21.830965 0.978733
61.339374 23.760633 0.973836
51.666339 28.768456 0.970040
57.291502 29.657925 0.975991
42.620704 26.120469 0.982130
60.191792 24.225236 0.967403
54.630790 22.680645 0.971842
60.200703 30.884436 0.974935
52.288014 23.903173 0.973559
72.300234 28.384024 0.971960
46.096085 32.215639 0.968554
48.499884 24.225291 0.975601
40.227747 23.029171 0.978837
46.717193 30.872558 0.979629
65.731911 25.902109 0.969374
64.366467 21.137129 0.967652
68.188031 32.444500 0.975777
73.585369 24.726294 0.971688
65.160387 23.477446 0.981329
61.533196 15.991221 0.976017
58.581335 29.069960 0.967378
67.750195 23.963395 0.968662
71.723774 28.266827 0.982419
66.303536 26.908638 0.972597
61.066049 17.506722 0.980920
64.832900 31.289385 0.968263
71.236066 23.264272 0.978283
72.886585 26.224504 0.973381
57.802442 30.375041 0.979895
40.904866 24.335231 0.981301
63.605554 23.638386 0.983016
51.735784 15.894771 0.981509
42.842712 24.157595 0.977299
62.658104 28.305574 0.973598
67.794300 23.370692 0.977497
40.375046 26.222898 0.983224
72.275280 25.452445 0.970499
53.014247 13.951965 0.974275
47.216318 28.147585 0.982214
72.275701 26.020122 0.975739
49.138143 21.677523 0.980191
48.205641 31.557733 0.978992
49.722066 24.198656 0.969839
48.326894 19.221215 0.981326
53.188546 13.998789 0.971060
58.119917 23.264300 0.975131
36.523660 18.181205 0.975882
54.748548 21.890576 0.973221
58.982918 25.209048 0.970756
41.603129 24.060192 0.974545
57.848412 32.156472 0.975037
48.400401 15.398103 0.968235
73.927463 27.231152 0.973474
56.513050 22.937328 0.967218
48.211617 23.506611 0.979919
51.458442 27.436325 0.977592
59.153853 31.960744 0.976141
55.229657 19.117907 0.973378
65.982044 22.353943 0.971911
53.730072 26.374152 0.970288
39.604975 22.789418 0.978691
46.589634 25.699475 0.971703
63.976455 30.091204 0.982984
47.208390 15.183772 0.979052
63.051335 24.003209 0.974626
71.664318 23.013137 0.967373
44.192107 29.304960 0.973957
63.140977 24.270056 0.971633
43.232233 24.902433 0.976858
50.945743 15.832314 0.972964
40.256853 21.543028 0.972632
53.973239 14.878238 0.983145
61.673133 18.055873 0.983196
38.513831 25.259161 0.969001
46.014038 18.010845 0.980578
54.947373 18.164697 0.972454
45.018419 31.847590 0.973966
44.914204 29.357843 0.967919
58.784707 24.160428 0.974862
49.804641 32.281452 0.976024
59.013669 14.060694 0.969252
59.714903 15.096504 0.978302
71.334455 30.082232 0.978746
45.920957 19.300240 0.972325
63.535234 16.407231 0.968989
64.790361 26.608783 0.969762
46.171117 29.809180 0.977007
57.253121 20.743076 0.981970
61.474722 26.863092 0.971527
58.427688 29.036335 0.978444
49.011869 31.832516 0.967001
75.730262 25.611476 0.978313
44.276988 24.384465 0.976474
59.544253 20.872131 0.979123
47.183353 17.794699 0.968420
53.832828 28.321850 0.974377
51.614202 17.614137 0.979642
67.619823 23.932966 0.977346
56.164916 18.683892 0.976343
52.587159 14.853067 0.982531
60.790919 20.191219 0.981676
54.783935 30.649942 0.979509
68.374488 31.129298 0.967406
66.974585 24.976261 0.972275
72.145391 29.137982 0.980720
54.943995 29.352638 0.982357
60.458697 24.120734 0.968662
67.156976 24.827042 0.973061
36.371068 28.669554 0.977664
66.165587 28.512978 0.981403
62.298073 28.222385 0.968287
61.920403 32.139705 0.971608
59.706515 31.530519 0.980891
49.691747 21.352351 0.982275
52.943065 28.928698 0.974149
60.869337 23.200674 0.982519
42.351851 21.824928 0.972153
52.150152 15.063014 0.971880
68.141966 31.303239 0.971318
44.029941 16.355996 0.977828
50.104821 16.146041 0.981012
65.585395 27.129721 0.975359
75.273612 32.507621 0.975636
44.672835 30.321962 0.972532
47.972982 32.122089 0.977474
55.006969 25.254246 0.980246
64.914486 28.290945 0.973786
64.379169 30.743654 0.969573
55.992925 17.845362 0.978397
53.370345 20.498489 0.979537
55.699584 20.507880 0.975913
57.086668 32.035226 0.974642
70.030511 24.935958 0.974280
63.349989 22.339742 0.983248
52.400380 15.337837 0.969694
63.887577 25.601810 0.970137
69.848397 25.315030 0.982923
54.479866 17.121649 0.980683
63.176395 20.094329 0.974776
51.160195 27.672732 0.971785
54.995143 17.590823 0.978348
56.580480 18.261388 0.976390
71.301774 31.329650 0.982449
36.993501 21.563207 0.972283
41.610421 16.796122 0.977824
49.507080 14.466393 0.977278
43.389936 21.021425 0.976968
41.507874 24.573619 0.970534
39.195662 25.521944 0.973164
49.779845 29.008167 0.983281
40.862277 27.529190 0.969964
70.407994 31.847826 0.974538
63.503822 31.418925 0.975912
66.116360 28.560504 0.966747
59.950404 30.432185 0.973168
50.733292 17.615728 0.980943
47.247890 14.614876 0.981713
50.348103 32.054222 0.976058
62.478981 25.899962 0.968761
47.999082 31.750084 0.969021
63.785494 18.917546 0.978368
58.699750 27.696834 0.978699
45.787368 17.164384 0.971797
47.681182 14.868683 0.982594
59.259306 20.742634 0.981975
58.982301 21.776900 0.979131
63.490813 26.892226 0.980546
64.223183 27.868133 0.967615
67.616249 27.929715 0.980580
54.471082 14.793206 0.971830
50.904298 30.466265 0.980686
44.322924 30.640461 0.968412
40.203882 22.202081 0.980528
68.032870 26.538645 0.976856
47.311839 30.251210 0.966760
51.010216 20.376188 0.973835
50.718247 21.062176 0.970871
42.520670 18.673279 0.979073
42.798498 27.338441 0.982766
58.004412 22.274461 0.973743
44.071310 24.527443 0.973483
47.314025 24.024987 0.977125
69.427031 24.027489 0.981976
58.400514 27.950619 0.976421
63.025250 27.453196 0.967359
57.409052 31.664267 0.980414
52.109174 25.262158 0.967292
64.152405 22.434254 0.971730
60.315080 21.862695 0.973084
46.202933 28.063280 0.975020
47.084276 23.421660 0.976923
64.529967 25.626199 0.977643
44.373665 18.379040 0.973737
54.862104 14.763597 0.977573
38.573344 21.923782 0.973792
61.192912 22.186362 0.970591
74.612575 24.325406 0.982823
54.344363 27.011133 0.977122
67.301206 28.558165 0.968045
60.466471 24.991295 0.982857
73.337181 26.791912 0.970870
40.443694 25.236749 0.980016
68.038096 27.036038 0.977396
51.455912 31.701421 0.982124
69.342995 24.796219 0.974386
55.435015 14.094361 0.983324
56.249614 20.141705 0.983122
64.979425 31.864116 0.973554
48.859069 23.379182 0.983018
65.613674 27.101975 0.975112
55.147261 20.728353 0.980746
56.978033 23.847288 0.969054
45.852615 26.858715 0.976487
63.362447 26.750811 0.970329
57.104984 16.840649 0.977860
56.536517 22.248917 0.976886
60.738445 14.046512 0.969054
46.765157 21.098032 0.974177
44.226880 23.688200 0.970520
51.318103 22.695540 0.981316
69.767997 26.847206 0.974200
65.077795 19.152418 0.974886
45.397512 20.038195 0.981512
54.840909 30.405739 0.982427
39.091620 22.416255 0.979010
44.051234 21.076166 0.968224
45.889772 31.148815 0.968365
42.322344 25.185659 0.977062
39.934239 18.201789 0.968179
55.300223 17.423406 0.977191
37.951553 22.622419 0.983305
57.322834 30.972736 0.976644
54.785972 24.680534 0.968559
72.236863 25.161619 0.973428
70.369452 23.791063 0.971054
54.353951 21.943350 0.979258
53.973325 23.683089 0.974920
57.028362 14.810470 0.970715
60.724212 20.623785 0.973838
71.558566 30.838571 0.968507
63.602952 16.206481 0.970283
70.430962 26.697549 0.968771
47.343240 29.986499 0.973979
45.803928 17.738192 0.981439
44.370147 20.332560 0.977501
52.081021 18.166094 0.973362
62.019780 27.839100 0.970784
46.831570 24.535799 0.967499
66.512009 15.163244 0.977972
58.714672 27.457252 0.978697
52.130996 15.414171 0.967323
59.813657 14.446951 0.975740
65.111191 21.293000 0.979805
59.382818 14.144759 0.980344
42.830674 23.034775 0.980762
37.271539 26.084652 0.979766
41.106882 18.515298 0.971179
42.819948 24.343375 0.979362
53.006645 13.834086 0.974458
59.021507 31.222573 0.972160
60.989336 25.735292 0.974209
46.357706 23.610302 0.982203
57.105885 19.112780 0.977037
38.115701 28.708623 0.977171
67.349530 24.124970 0.970644
53.478037 30.794699 0.970744
70.152809 29.541434 0.972996
62.664255 19.762463 0.978481
58.422769 30.667846 0.966725
62.732021 18.293141 0.974414
52.051183 25.115683 0.976996
44.206295 29.429924 0.978805
73.248284 31.995723 0.978664
48.773287 18.879895 0.980067
37.674066 24.419749 0.974739
56.669732 31.634168 0.976821
36.465832 25.809784 0.982121
75.425698 27.992658 0.975002
61.351156 25.175736 0.976463
64.765045 25.894155 0.981719
64.250292 16.745238 0.980125
61.708153 22.737090 0.967600
53.959398 31.802615 0.978079
44.091098 18.568021 0.978865
66.587705 19.909326 0.983111
69.854345 25.998269 0.980643
49.318188 19.387430 0.968332
48.903960 15.774659 0.967237
62.981262 26.744565 0.979056
46.925873 27.673703 0.968802
72.547304 23.333661 0.978689
62.288365 21.578773 0.971633
36.868747 28.512149 0.966715
54.124386 27.735102 0.977455
55.753471 29.294735 0.968648
52.834897 27.785665 0.969455
64.649941 20.380104 0.973658
52.296308 29.419004 0.973136
67.141432 25.533687 0.975767
49.239664 28.357039 0.978276
36.908221 22.552745 0.974046
51.655365 24.702837 0.979795
48.674752 14.014030 0.973656
49.221068 24.168320 0.972842
49.410377 16.523846 0.972775
58.392986 23.304700 0.969135
67.230078 24.502318 0.973220
50.248678 17.937520 0.972961
59.733159 25.326566 0.977218
38.968214 21.356991 0.969137
65.827958 23.615921 0.972290
52.541530 26.561973 0.975862
37.686500 20.012000 0.981812
58.488270 30.965466 0.983031
60.503138 15.964399 0.969444
66.725591 15.541989 0.978694
54.047129 21.946147 0.970342
41.965465 27.166362 0.980074
56.933277 27.162716 0.983259
56.570016 26.661901 0.983064
45.724217 18.342609 0.972470
51.825452 29.104744 0.968801
72.423484 29.694326 0.977387
58.651686 28.715807 0.969563
49.370477 32.462385 0.973917
53.002622 17.415305 0.979509
39.624068 18.430734 0.972782
45.903608 17.452752 0.974771
60.852358 29.097460 0.970201
67.280815 30.678659 0.975949
43.631832 29.743770 0.967577
65.946363 17.451755 0.968794
49.266512 15.769030 0.978237
61.594888 19.364797 0.976949
53.188151 17.130890 0.973351
38.179822 24.665760 0.979806
39.462484 23.361217 0.970689
56.754580 18.703459 0.967508
53.033922 26.241100 0.981532
60.626626 30.023397 0.976573
53.228579 32.200137 0.976845
49.103962 23.461821 0.982562
38.627993 20.133223 0.977388
42.833838 23.307542 0.969559
37.516351 19.416783 0.979720
42.676550 24.869626 0.972391
46.676303 30.945251 0.978775
72.628171 27.880288 0.982841
64.778169 24.446410 0.977783
62.443259 14.546373 0.972661
61.305485 24.288488 0.976566
38.820735 25.432007 0.978599
52.350783 29.771765 0.975508
75.068961 28.759980 0.971893
54.993151 18.878952 0.969335
51.970269 31.520413 0.969569
49.404473 18.688198 0.967277
54.052080 22.737010 0.974899
51.140527 22.171159 0.971350
69.841259 28.867312 0.971940
43.708004 18.641309 0.973231
37.553392 20.404628 0.967113
58.944990 24.777431 0.975173
37.889102 20.219777 0.972002
49.420592 24.540370 0.969618
74.557933 23.301395 0.976641
64.915605 23.531275 0.981929
56.153313 29.308022 0.971530
47.916365 31.950903 0.977684
55.032960 17.735272 0.977025
65.219438 19.335521 0.968573
42.197944 31.832451 0.972780
42.557761 28.952506 0.970979
65.877106 24.558822 0.982330
46.352293 25.291728 0.978579
60.951602 25.741882 0.975340
61.158168 31.017460 0.974277
54.709495 16.801823 0.981403
42.842296 22.753924 0.980567
46.858071 16.498341 0.979266
46.615633 17.251962 0.973104
64.144935 16.813792 0.968733
51.423352 18.523150 0.967895
71.233831 25.912909 0.981619
64.989042 29.632147 0.979204
53.448950 20.277941 0.982618
66.008789 29.936335 0.972778
52.262078 24.576972 0.968362
54.984006 22.886765 0.981204
69.656460 23.285086 0.970229
48.055715 27.929706 0.966986
58.440213 23.646994 0.969054
68.111558 29.177628 0.975496
66.141137 22.606948 0.981980
51.737410 15.786601 0.968979
53.929774 26.649751 0.973012
57.138477 17.028216 0.971776
54.176029 20.502093 0.976468
52.815319 27.816745 0.970591
45.013077 29.796237 0.973908
60.327672 23.209405 0.968239
54.148635 30.724338 0.967445
40.474157 28.870601 0.982393
51.521341 27.041932 0.973108
55.097702 27.187954 0.972582
54.438641 28.736259 0.981610
57.508404 17.817692 0.969507
60.817682 30.985585 0.982468
68.427482 27.583414 0.977589
46.439808 22.414497 0.971691
59.477446 28.802726 0.981085
58.674141 27.189102 0.980681
64.547066 29.199161 0.980570
46.987284 16.948348 0.977491
52.310264 18.959760 0.977114
43.512826 31.647822 0.971704
71.474148 28.474669 0.975204
37.872258 23.964343 0.982284
62.624314 15.667372 0.967191
55.469585 29.441948 0.977619
65.420556 31.986303 0.966908
73.926337 29.763792 0.971712
47.635927 19.703923 0.976858
57.771664 27.509424 0.971315
64.889632 28.134645 0.979540
42.725006 22.099286 0.967632
47.590867 30.452761 0.968899
47.352753 15.650868 0.976929
42.704908 22.127589 0.974314
41.526460 29.621839 0.976856
72.813323 27.538547 0.967215
67.555859 27.843494 0.971435
60.074037 14.049019 0.982556
64.588411 28.336982 0.976541
47.578319 17.478247 0.976577
37.740371 23.805023 0.980954
71.255943 24.052123 0.974931
46.095824 17.781802 0.981299
68.136213 24.705796 0.967652
42.551957 24.380110 0.978645
45.607703 29.284679 0.971941
59.356973 27.217693 0.970274
68.578643 25.636622 0.980066
42.838211 27.297431 0.973052
71.282203 24.203872 0.975652
64.004945 16.278871 0.970254
43.129667 27.115066 0.971511
61.480080 15.939158 0.976074
52.250152 31.195486 0.967697
72.023737 27.065316 0.978330
67.971072 26.679559 0.976720
68.091519 31.920144 0.974110
59.157568 23.834151 0.968893
64.348590 28.917850 0.979782
73.633714 23.621532 0.967749
47.409430 23.881918 0.968051
50.534653 15.218363 0.976219
62.320087 29.963401 0.978791
46.115675 29.710730 0.971372
36.192986 19.756156 0.973944
75.089203 30.906482 0.973891
43.682907 16.952127 0.974600
53.709439 27.470657 0.975739
67.929518 23.958123 0.977516
39.051605 22.605388 0.975829
52.347505 24.900892 0.968905
64.737268 21.140529 0.978794
63.923079 18.286423 0.970672
40.357686 22.617652 0.967381
63.393520 26.353731 0.975775
65.494491 23.805838 0.969259
61.322020 16.700710 0.979250
47.703603 19.658706 0.974107
52.544103 29.827586 0.977918
51.766259 14.882040 0.983310
44.688526 21.692448 0.981905
70.517931 24.095028 0.966998
45.218081 27.343490 0.982612
59.598689 22.660387 0.967372
62.643811 29.968625 0.980028
54.399541 30.422039 0.983038
47.534042 30.701999 0.970359
38.831214 21.925296 0.980394
67.639125 26.936638 0.967892
41.183640 17.030282 0.973550
70.997418 31.613388 0.976969
63.414685 20.670392 0.977948
57.398323 22.247681 0.976369
53.410603 30.154363 0.980764
67.503012 27.732003 0.969053
36.431628 21.023141 0.970958
36.189518 21.860986 0.972879
74.064723 31.884726 0.976373
68.774284 25.629379 0.966678
67.782664 32.321032 0.971024
51.666383 22.719842 0.972791
55.680073 23.798818 0.968278
62.318307 14.361513 0.968761
48.504378 27.433004 0.966789
38.540968 26.053505 0.978087
59.180229 20.555735 0.969421
48.291208 24.578430 0.975248
54.288983 28.248778 0.975407
59.882306 14.205953 0.978973
69.871532 25.712474 0.976679
55.533851 19.276446 0.974967
61.181341 29.720179 0.967511
66.652610 26.422149 0.968077
67.713527 30.930780 0.969127
62.800150 32.163010 0.983192
64.204506 20.632903 0.978613
37.184463 20.903328 0.980803
64.088539 27.897210 0.968962
50.475439 24.385073 0.980617
58.838796 15.569995 0.974470
49.632913 14.841537 0.974808
44.105225 17.149502 0.975073
39.244964 22.885640 0.980584
60.123193 15.433962 0.967389
41.407829 27.478076 0.969372
66.883482 24.992495 0.970591
67.107150 26.772607 0.975027
55.621307 25.666379 0.981965
49.812204 25.611740 0.978551
60.282880 29.077579 0.977329
69.913138 26.238661 0.972746
39.291592 18.541120 0.967119
47.587051 16.206977 0.979593
66.787011 25.092891 0.973326
61.807235 18.032118 0.983285
72.427192 24.414824 0.976894
64.881406 27.987579 0.970951
40.387002 27.847451 0.975901
66.413826 29.272109 0.981905
69.173344 29.471403 0.983085
67.431799 31.571092 0.982787
52.750655 22.232819 0.979834
44.289436 30.392733 0.968586
64.481937 17.627152 0.970703
41.918339 18.926527 0.979236
56.272902 21.792843 0.977312
59.054994 25.612337 0.979598
54.041998 20.135553 0.973792
70.844847 23.318463 0.974994
60.872743 30.681652 0.978853
44.286862 19.585675 0.975697
49.663292 31.371181 0.981356
68.459261 29.461549 0.982040
68.137020 30.272022 0.969510
49.424371 30.531145 0.976439
75.099769 30.097426 0.967723
50.321361 21.453960 0.979467
64.749097 29.079203 0.982903
70.912529 25.020904 0.968366
64.471951 26.488338 0.973155
61.205398 15.237676 0.979786
69.642745 32.286552 0.969194
49.469041 15.083553 0.974714
51.962154 24.565949 0.978371
45.696282 16.850794 0.982512
48.956802 30.708134 0.967487
68.919889 24.283740 0.976542
67.269178 31.543421 0.979576
36.812832 24.024501 0.975374
52.086914 23.856583 0.967226
44.588939 27.599393 0.966962
58.636503 14.722995 0.970260
49.223814 18.971435 0.983019
51.666065 27.838508 0.975945
58.357401 30.712510 0.979670
54.534438 26.053596 0.976013
44.070315 20.799204 0.980510
40.469176 16.619150 0.981798
65.383034 25.115812 0.966821
46.724808 20.879267 0.980858
49.863933 29.463766 0.979966
64.833587 19.263622 0.971918
50.821126 20.683539 0.974437
75.117270 30.405413 0.974460
39.452151 17.132008 0.968915
55.207739 32.422038 0.972627
65.214479 26.434052 0.978762
51.183290 25.871027 0.969180
52.982774 22.697441 0.967342
49.411152 27.512420 0.969990
54.848973 27.762056 0.982198
47.069967 32.315928 0.975797
55.324310 14.540551 0.978859
53.113542 29.056251 0.974765
56.244793 19.172320 0.972862
43.557002 28.032297 0.975210
58.010122 25.236560 0.978270
62.905699 24.890807 0.975218
45.561052 17.152007 0.971214
48.891858 18.763598 0.977556
39.062526 20.386738 0.975794
50.581133 32.554204 0.982827
38.376308 19.856510 0.967011
46.937421 23.201641 0.979399
62.159326 31.582341 0.970971
64.864688 18.534989 0.972091
57.497995 21.821071 0.967109
60.890076 28.634009 0.981729
67.683037 29.446050 0.982492
45.465909 17.091150 0.970810
41.637156 21.373368 0.967479
42.378355 20.323652 0.970213
48.097379 27.753918 0.969289
42.206163 22.868167 0.972640
57.856024 22.635262 0.979446
65.860622 29.779494 0.973568
45.843206 17.318082 0.967197
51.866197 22.283911 0.977436
46.661168 15.525864 0.974015
52.902406 20.177281 0.967522
49.127835 21.589758 0.977027
65.146624 25.065523 0.977007
52.576975 20.733423 0.978356
72.229471 26.145043 0.981600
49.874955 28.761545 0.974467
50.906416 28.574450 0.968169
53.973295 19.699544 0.974908
38.433572 26.013700 0.973783
45.672907 32.372310 0.976995
71.674787 29.555871 0.981033
42.947294 19.283857 0.974027
43.227570 28.537926 0.975863
53.066176 18.841600 0.974563
51.939649 15.325400 0.971024
50.095958 25.253589 0.973501
52.036354 24.347464 0.973146
70.709495 28.753116 0.968085
69.721388 29.798752 0.982399
42.945467 18.308506 0.982916
44.290271 31.383221 0.969382
52.194289 18.656846 0.968043
65.178175 30.185226 0.970643
45.057045 23.771137 0.981774
61.956833 20.451757 0.979523
49.130717 22.401561 0.970455
70.649257 28.959997 0.972729
54.681655 15.018616 0.968128
42.191860 31.981103 0.981837
56.896890 26.496606 0.980385
75.368785 28.276715 0.977403
64.963920 21.721410 0.978607
51.092186 21.943591 0.981681
63.867654 23.037075 0.969736
64.747154 27.413046 0.982531
50.069300 20.430526 0.971213
62.025758 26.661427 0.970676
69.424458 24.233482 0.979272
37.398885 19.768799 0.975894
64.395635 15.987312 0.966784
46.041583 17.269047 0.970146
65.004651 26.184990 0.969744
48.756637 18.762977 0.975941
69.635660 30.371689 0.973342
43.403551 22.659159 0.981652
63.355731 30.016619 0.977043
58.269128 25.139688 0.980677
55.337973 18.208337 0.972103
47.375452 24.492921 0.974995
55.939542 25.079295 0.976305
46.085954 23.156331 0.979299
58.854239 15.463913 0.983032
73.798006 23.157729 0.977631
45.299155 19.083459 0.982056
53.902772 23.459646 0.970199
52.229285 17.209772 0.981342
73.489931 23.655579 0.969559
41.113995 18.511631 0.970234
48.785829 31.749330 0.972657
53.126119 21.258622 0.978849
39.796062 23.254245 0.976315
51.376584 16.807000 0.980213
65.825963 18.972967 0.980295
55.070486 26.853798 0.969857
49.684818 14.097939 0.973202
42.958451 23.817058 0.974572
53.336855 17.441022 0.980226
57.888214 15.540897 0.975283
71.617035 29.742884 0.977794
56.780140 25.722282 0.972880
71.552747 29.780945 0.971666
59.580835 21.425598 0.967308
47.280693 16.526356 0.969630
71.158076 23.002662 0.980287
59.936626 15.051138 0.982583
46.601214 15.256325 0.970765
45.681489 32.428557 0.979957
41.974005 23.649488 0.970019
52.251418 22.163026 0.974808
64.810323 15.836619 0.968507
61.552201 16.253127 0.968812
62.122902 29.512921 0.978043
44.129331 31.416564 0.972762
65.308728 29.491030 0.977048
38.359807 20.408151 0.975204
41.204527 28.811829 0.969375
39.008123 22.514526 0.974897
66.011282 15.519292 0.975182
51.566659 24.618116 0.972810
49.944977 27.677221 0.971156
41.796015 18.778382 0.979511
74.620457 23.911414 0.974530
42.149806 17.892877 0.979517
45.137473 16.095805 0.976345
40.395391 17.562009 0.969140
48.288624 29.059584 0.970965
61.042472 16.778311 0.980632
51.852534 23.336509 0.973542
64.784763 28.342070 0.983135
58.058986 25.182228 0.975532
53.228320 19.987179 0.979077
43.480942 27.721518 0.968188
39.345129 28.072790 0.969960
67.853126 31.131069 0.982240
51.295930 18.866926 0.967966
65.334061 17.696481 0.974734
68.921635 32.339473 0.968368
66.764136 23.768253 0.976333
52.828378 31.316533 0.969718
70.677338 26.893798 0.974572
47.041903 18.144483 0.980365
74.548532 27.372208 0.970161
45.715033 29.159388 0.979396
54.466729 20.732006 0.969846
68.886168 32.258063 0.969370
45.268215 20.009409 0.976939
68.679543 25.817447 0.967373
71.366768 24.768521 0.974385
61.854091 28.084800 0.967428
56.440816 19.485717 0.970088
73.189996 26.289571 0.982954
71.315780 28.177395 0.966717
65.506027 31.923892 0.976522
42.152776 23.780232 0.978025
45.096646 32.201320 0.981843
43.672908 19.365330 0.973581
71.638083 23.418291 0.969577
56.159549 29.216666 0.976694
53.532384 28.697654 0.973562
67.992401 27.800966 0.978691
41.889834 28.002465 0.982596
63.121059 20.206737 0.967399
66.381912 18.971483 0.979871
65.744479 31.777123 0.975595
59.240043 25.999172 0.978422
73.128110 23.642662 0.970956
53.846364 26.248244 0.970127
44.184103 27.902870 0.967671
44.119705 30.880551 0.969048
54.746292 16.883756 0.982312
45.173623 30.752330 0.979474
54.937763 18.986169 0.976337
40.014426 22.592737 0.969085
59.236335 16.589375 0.977337
62.473606 24.794764 0.983078
59.766794 17.219724 0.969037
54.084535 29.999481 0.982261
56.833164 22.091083 0.973935
74.978256 30.443766 0.973110
40.238721 18.961796 0.970868
49.962849 25.226949 0.973597
66.046208 20.332463 0.978585
58.887408 16.817132 0.975334
72.548297 24.887949 0.975909
51.603331 15.352200 0.983310
71.768364 27.488411 0.968683
47.991979 24.686853 0.974436
42.559900 25.824400 0.971365
45.157239 23.895308 0.979885
74.019548 24.936157 0.971313
57.478821 31.934708 0.979756
49.710320 13.848890 0.970108
52.730649 23.835254 0.969133
53.051135 16.760293 0.974999
41.301732 21.390714 0.975275
51.816841 16.733903 0.969231
43.939479 16.224636 0.968056
62.890200 32.092018 0.976181
60.676799 30.986956 0.971530
60.536521 14.689626 0.973833
65.973382 20.915605 0.981803
49.843060 27.334981 0.975877
54.698283 20.974161 0.969069
42.776484 19.182495 0.974933
58.643380 30.098769 0.968406
64.336329 17.871081 0.978855
72.056476 23.940609 0.971326
56.367714 22.690135 0.967534
70.926582 29.895605 0.969243
65.520792 19.575688 0.982890
60.821370 26.665373 0.970591
50.239606 23.628373 0.971766
53.723012 16.729028 0.968226
38.183200 19.059640 0.968824
63.262996 20.104288 0.977269
41.319820 18.281899 0.967467
48.947098 14.688706 0.973570
55.496179 20.481711 0.976501
44.212921 24.676201 0.971483
60.836638 18.017447 0.969326
53.314324 20.350798 0.974657
74.825193 27.372968 0.973562
42.110665 21.294182 0.966677
44.310344 28.068138 0.982594
59.573558 29.384543 0.982466
68.881558 32.246097 0.982503
56.705818 27.027256 0.973332
46.767693 15.465739 0.972860
58.639085 27.235170 0.980229
62.526705 19.618820 0.967594
71.178473 29.849530 0.980449
46.809760 15.448867 0.979602
64.996913 14.653537 0.970382
56.301496 27.676305 0.972565
63.107113 25.618734 0.970036
55.133277 25.419880 0.978192
41.428163 18.382002 0.970981
47.886456 20.449987 0.978305
63.733829 27.304274 0.972466
54.812486 14.103088 0.983056
50.645067 14.966392 0.968973
62.712480 19.709498 0.969072
49.486949 14.375901 0.967574
52.358170 18.603970 0.973768
63.384438 18.581928 0.974918
45.478961 30.028160 0.972239
60.932457 18.652214 0.971241
49.581399 21.678648 0.977774
53.727085 30.615902 0.977240
42.691935 27.215856 0.972785
43.607658 32.074147 0.967954
52.368138 21.368563 0.973871
42.180129 30.148305 0.977677
58.999581 17.582572 0.968168
56.698947 22.404533 0.978147
67.708553 23.092772 0.972923
59.438367 29.087443 0.977076
63.696461 22.939098 0.979395
44.038446 29.904861 0.980616
44.724399 19.705562 0.971816
55.240089 16.568430 0.974537
43.767974 20.468350 0.969954
60.242336 23.288336 0.971359
60.005937 14.275835 0.978322
49.484424 31.754209 0.968563
47.572757 14.922937 0.969491
44.868276 17.372832 0.982545
53.631947 24.942827 0.976292
64.451114 20.769496 0.975617
54.454466 17.499248 0.967886
38.094416 23.126720 0.980282
54.823156 18.204752 0.968595
55.953811 15.163048 0.979172
57.746654 27.353505 0.980036
43.021821 21.508414 0.978939
42.999068 22.847247 0.982484
62.430842 20.202348 0.971620
57.039186 27.682072 0.975504
47.572787 16.533818 0.979641
57.530676 28.433724 0.970023
69.224362 24.915159 0.976503
52.047086 22.088220 0.978428
51.455603 30.684202 0.977629
73.329035 28.159324 0.981775
48.936682 31.545678 0.983268
64.713398 22.758531 0.967874
49.095691 15.216297 0.973644
55.854802 25.058610 0.979536
65.222476 24.074484 0.982326
65.240311 16.946879 0.974031
44.297431 24.185801 0.970639
41.294520 25.649545 0.967369
37.673409 27.379222 0.973574
69.631137 24.127310 0.972820
72.382586 24.586720 0.968980
42.739570 24.244822 0.977649
52.909748 28.501942 0.968608
63.259413 16.601404 0.981766
45.205175 22.196480 0.971092
41.826145 29.237929 0.968115
51.610183 28.100237 0.973963
61.432330 28.559646 0.977486
63.135675 26.089034 0.977934
36.612391 20.350196 0.966906
54.432612 29.365572 0.980070
53.176102 22.205025 0.970688
59.477928 29.102400 0.982739
54.058751 18.683477 0.968314
60.629925 25.214582 0.978865
52.258736 26.626460 0.978410
52.174823 22.468440 0.978851
75.644643 27.792314 0.976106
48.650246 13.916251 0.970487
55.327305 31.865019 0.978622
60.928513 21.248244 0.971648
53.740189 15.563799 0.970528
73.528903 25.091084 0.974778
63.906713 15.269779 0.981352
58.661682 15.370768 0.977204
67.529517 30.860598 0.971047
44.853788 23.085577 0.979670
48.098257 28.041811 0.973495
62.846003 19.853712 0.976116
66.403408 31.559033 0.977480
42.490824 22.067346 0.981209
52.172668 16.249470 0.980298
40.375853 28.783522 0.982630
64.168048 26.040176 0.974596
60.370167 22.005165 0.969270
50.970461 29.252908 0.974291
67.625407 31.413315 0.983148
43.073881 30.975302 0.966719
42.399598 27.055650 0.977574
45.906954 27.336970 0.967383
48.911139 23.002812 0.975473
37.742434 19.468304 0.971522
64.152964 20.107829 0.973576
41.265087 20.489685 0.966946
44.636731 24.319174 0.978735
45.057825 23.084529 0.975528
54.585459 22.045494 0.971994
52.023902 29.825384 0.970661
41.514659 26.857987 0.979241
48.487287 16.681719 0.971596
60.953831 14.100127 0.983188
50.171092 14.403622 0.969278
43.023886 27.960097 0.967344
55.445398 30.962646 0.970893
52.059931 22.152945 0.971420
41.980378 22.754217 0.982161
54.840252 17.106922 0.978305
51.737459 21.161069 0.980979
40.786113 20.791927 0.977556
56.229068 18.693032 0.979210
71.368321 25.742065 0.974991
53.691960 17.868007 0.977604
66.412423 20.611187 0.973563
46.288797 31.372533 0.976965
41.058058 19.371927 0.980713
60.259591 28.896007 0.976098
50.147731 22.347134 0.979929
62.546224 14.631769 0.977767
49.521068 14.850749 0.976338
71.431327 24.117385 0.973323
60.943443 20.896890 0.981270
50.616436 23.072831 0.978703
55.502007 20.542267 0.974683
43.089806 23.516532 0.979878
36.777806 21.394403 0.980833
37.974764 24.535680 0.972358
62.168363 30.078299 0.974817
74.583373 24.949461 0.967700
74.986273 31.616011 0.966775
37.183234 17.859098 0.972270
50.551482 18.538837 0.970125
40.740650 27.990747 0.976662
64.687967 31.830774 0.977010
62.037237 20.435384 0.979964
43.194948 24.058684 0.980103
46.524112 18.595095 0.976154
65.742567 15.267397 0.979691
67.073545 32.246539 0.976017
47.463137 31.913402 0.978113
56.068700 21.659515 0.966816
69.240606 32.406838 0.974878
41.375151 24.626035 0.979531
59.984091 31.983788 0.967075
47.980686 29.016674 0.967598
57.350361 29.364233 0.979991
51.509470 19.050921 0.968807
48.486674 29.996843 0.973152
39.694801 26.591513 0.981089
39.718191 25.471275 0.981194
53.116551 31.585071 0.974201
43.838635 30.869281 0.971620
36.497853 20.334516 0.970682
39.158416 24.884076 0.969936
58.558348 25.764553 0.980495
54.805826 26.814857 0.968805
61.462736 26.340462 0.968809
57.701791 19.439271 0.976823
60.938855 31.466394 0.974440
59.721638 26.341636 0.976317
50.342768 25.097878 0.979483
52.918998 28.568633 0.979190
63.293786 32.266972 0.971954
55.964000 25.482169 0.980712
61.801132 21.311780 0.981114
36.841095 20.683668 0.980259
58.371447 26.519795 0.967147
52.470144 26.522632 0.981803
64.577930 21.451515 0.981330
38.269552 25.605535 0.975747
42.335744 30.296773 0.975850
59.310819 16.420876 0.972429
47.327948 14.965277 0.974218
61.346829 26.079653 0.979182
56.763145 23.398852 0.970558
42.454572 27.607599 0.976610
43.601745 21.457990 0.972888
57.759886 26.807293 0.978889
53.935877 27.234458 0.969988
59.058979 28.412712 0.975691
37.348524 23.793960 0.982407
59.427387 30.221885 0.976459
56.297783 14.333264 0.969363
73.321189 25.155518 0.975608
53.695641 23.605282 0.979637
55.904106 23.907245 0.976772
65.195724 27.377077 0.976462
43.735634 20.553982 0.979769
42.342545 19.084248 0.982577
54.884680 17.299424 0.978504
40.314188 26.080216 0.969324
63.728537 22.602701 0.978631
59.925231 13.886699 0.978114
47.493453 22.899103 0.970828
54.345660 15.119614 0.979511
53.802076 13.842693 0.971198
37.396327 17.491512 0.977304
47.388451 17.202062 0.979127
54.571582 22.141770 0.978640
53.833460 22.887052 0.975326
45.716996 18.007983 0.973769
38.819434 16.882909 0.975647
68.163022 29.766961 0.975094
71.537649 29.780795 0.980488
61.354581 15.501456 0.979371
57.960827 13.922426 0.967194
41.370030 24.297377 0.971203
74.106025 23.702344 0.982659
50.603604 16.666119 0.972281
51.348064 22.878648 0.980840
63.365482 17.299080 0.968450
62.775754 17.125730 0.981872
38.235432 22.973621 0.980860
55.653878 20.758313 0.977353
61.338219 30.187235 0.970939
52.869513 31.983208 0.968475
74.543193 27.377283 0.971788
70.780739 24.343367 0.975066
46.830961 17.107146 0.977393
65.958863 18.386114 0.971522
55.484497 27.806999 0.978753
66.985168 30.641465 0.982686
39.771307 21.138523 0.978451
65.640105 20.864130 0.978565
41.482284 29.854605 0.977213
41.098496 18.776534 0.980439
54.025867 30.429783 0.978821
70.869797 24.207474 0.973177
66.204286 18.561061 0.978737
37.743450 19.712402 0.969105
53.528325 16.343082 0.969766
42.196071 29.718944 0.969586
41.352675 18.711417 0.967560
69.407091 30.057236 0.967683
69.199056 32.237476 0.967864
61.864613 22.324884 0.980735
45.479121 29.020562 0.978115
40.934191 28.344242 0.971217
57.317392 20.543243 0.976043
50.605357 15.715537 0.966712
47.935744 22.379016 0.978808
62.054741 20.456581 0.981114
74.467465 28.110050 0.980981
41.648771 27.968316 0.973995
64.370712 26.187419 0.972139
56.556839 25.836569 0.981652
39.619451 16.716224 0.981564
75.408606 31.292309 0.968261
59.940600 27.307505 0.981851
59.485810 21.790986 0.973090
72.746919 23.339398 0.974092
42.731000 29.120810 0.978826
72.829396 22.981638 0.977434
63.281677 15.803018 0.974526
42.084248 26.709040 0.972937
72.318387 23.560227 0.977405
45.141085 18.256104 0.972053
65.950192 19.212622 0.971083
41.945336 27.826645 0.968060
54.469137 21.986258 0.980457
57.650787 18.982262 0.977877
43.352180 24.438728 0.974020
64.894764 21.816866 0.971271
70.853541 30.042031 0.980689
53.829901 18.685229 0.969279
49.032333 19.956129 0.970575
47.093117 18.595115 0.982069
38.345929 22.010763 0.978526
53.215041 16.609541 0.972838
51.026456 15.448513 0.981363
60.981674 24.833244 0.975202
53.130764 27.374163 0.969897
51.768227 29.090259 0.978172
43.455380 29.856713 0.968751
54.965880 27.978722 0.977907
61.323793 14.825750 0.977287
54.271178 29.732752 0.977981
55.242637 32.172930 0.971030
47.936266 30.806913 0.967360
56.145835 29.306010 0.969348
55.547287 25.088834 0.982261
54.674286 16.629434 0.971269
64.697095 25.705960 0.969426
42.350738 20.505540 0.973124
59.500301 14.485351 0.971140
37.847773 28.103213 0.973556
47.994367 16.889655 0.967248
51.981482 23.193866 0.967666
72.750775 23.567346 0.976991
75.330931 27.190416 0.972669
72.561800 23.866120 0.980007
43.035429 29.778153 0.981840
39.050457 28.800115 0.973199
50.614219 17.651266 0.979960
59.987266 21.411266 0.982027
44.181874 18.488630 0.972947
42.365653 17.654920 0.978505
53.553771 23.370583 0.981158
47.093261 14.583608 0.969205
72.190317 25.630578 0.971334
44.890329 23.014193 0.976739
65.972343 30.681509 0.973944
36.881216 20.941635 0.973439
52.378118 23.132931 0.979576
66.547168 32.098012 0.982605
74.793533 23.149317 0.975710
58.323839 29.125198 0.970018
45.059287 26.519088 0.972387
55.827989 13.820209 0.975688
72.463034 30.051164 0.976798
52.934697 32.038276 0.969797
45.142627 30.880757 0.972886
56.328798 24.904636 0.977315
60.778058 14.875854 0.966727
74.313605 23.919689 0.967743
56.644636 14.593024 0.967701
42.057561 18.155507 0.982997
55.981072 31.612672 0.974956
62.605566 18.098191 0.967872
60.600386 32.251742 0.974046
66.980685 18.967822 0.978062
64.592992 25.548585 0.980227
62.216882 20.622851 0.973093
54.169605 29.883711 0.970551
40.469744 25.414761 0.978779
43.787541 23.592549 0.977759
44.359585 30.595254 0.970043
68.079310 31.663290 0.968260
75.049899 32.446618 0.982145
66.481773 17.658775 0.982586
71.916366 27.084738 0.976508
51.609521 17.176380 0.970866
57.705512 18.815789 0.982907
67.891486 23.538510 0.979789
58.913535 19.960595 0.982813
56.816065 23.080218 0.977727
69.687764 26.486347 0.975344
62.628061 31.239551 0.971130
50.392570 21.654440 0.981081
75.341786 27.224845 0.976828
44.015857 16.282722 0.977806
65.653509 28.164597 0.971440
55.451341 20.926437 0.975789
44.048095 18.454457 0.975247
75.572746 25.369073 0.968040
50.961036 29.181144 0.968150
67.127314 31.894140 0.982902
63.397593 23.971990 0.966819
71.262289 24.765501 0.973260
41.894466 30.239176 0.979554
74.538210 23.987828 0.969517
64.809298 21.804016 0.973586
66.413256 17.531206 0.983116
64.498120 26.384277 0.980910
72.091415 30.917137 0.970999
58.723452 23.507361 0.966972
65.976100 26.208414 0.970740
39.268890 18.550392 0.977671
53.834197 20.908097 0.966751
65.274382 17.411906 0.977451
74.099217 23.649893 0.967657
65.935182 30.121775 0.979538
57.997034 14.258090 0.980477
54.305108 25.750422 0.974916
59.972698 27.426084 0.981424
47.523445 27.289931 0.976703
48.918180 18.487028 0.970703
46.836020 23.111309 0.981132
58.704709 27.343282 0.969270
61.963647 25.766315 0.979145
49.417318 16.472205 0.972652
72.004441 31.002914 0.982172
58.453452 23.310523 0.971392
49.644474 14.369518 0.970883
47.460841 16.662664 0.982288
47.992885 25.107716 0.978605
71.024435 27.699894 0.976812
70.342174 23.631171 0.968460
46.830432 21.256230 0.969310
52.083343 26.133200 0.971162
54.167170 19.117408 0.973312
59.216197 24.311416 0.975036
66.573295 19.868539 0.981693
66.438557 23.573767 0.980481
60.013380 14.359921 0.979750
44.024334 28.161561 0.981156
68.711666 25.850762 0.966704
54.128647 18.058674 0.977496
47.515733 23.330109 0.978793
63.986991 20.753875 0.972252
65.324180 24.435488 0.982973
59.683987 26.721133 0.978732
50.401850 21.913400 0.972189
39.331332 26.098378 0.970849
70.612367 26.239185 0.981875
39.324747 18.595034 0.968758
47.735542 24.770753 0.969581
60.973068 17.188002 0.971576
45.898349 29.603674 0.968210
37.332872 26.230417 0.979236
61.908800 28.088494 0.970332
44.473615 27.904647 0.978056
59.115706 18.555923 0.977615
44.207027 23.357835 0.979112
40.073018 23.184648 0.977109
56.749742 17.543094 0.978889
60.784817 13.907670 0.981479
71.814244 27.224659 0.978576
64.659871 22.298083 0.979420
61.017823 26.572655 0.969796
36.793001 18.705459 0.977580
69.874894 26.856657 0.975874
45.211566 26.040044 0.981455
59.342925 22.552243 0.968266
51.635012 28.333821 0.981034
55.147733 17.665582 0.971169
46.726728 21.197652 0.972095
41.931494 20.078035 0.976516
42.399466 27.856749 0.971131
75.829969 30.436579 0.971186
45.941958 25.517317 0.976792
65.259366 22.267329 0.973385
50.104882 23.198784 0.970186
71.325328 23.599775 0.978547
65.491679 30.947167 0.981225
55.365546 17.531386 0.979879
74.497042 25.698821 0.976799
70.816883 29.683957 0.973166
59.935394 17.297699 0.977961
62.627129 26.078248 0.969791
50.825375 24.051109 0.967721
46.406745 19.830176 0.974982
63.474149 27.815517 0.967293
38.983761 22.943769 0.969128
43.983615 29.419040 0.973086
73.156959 23.881733 0.978345
59.308290 31.889824 0.975050
56.926028 21.910391 0.972801
65.550976 17.383596 0.974394
54.709565 26.366081 0.980375
63.341471 29.434484 0.979518
45.226006 29.774874 0.979831
63.447159 21.624245 0.980081
40.515066 27.939349 0.973341
47.958036 20.934164 0.971321
39.137384 23.020079 0.972277
56.152111 24.272233 0.979248
49.132458 18.719979 0.969840
41.567371 18.622481 0.968643
67.574230 28.426568 0.971627
63.640606 15.017247 0.977215
62.781286 17.155710 0.969960
44.993898 19.671263 0.981085
37.296862 22.316377 0.975011
58.506884 26.152357 0.974227
60.529655 30.538822 0.969548
52.994360 20.584724 0.981127
71.046291 24.425438 0.968424
46.185073 20.482585 0.970678
48.192636 15.811552 0.973425
58.472575 29.094224 0.969981
72.260861 24.026668 0.969038
63.228110 15.854954 0.977726
57.004693 25.792397 0.982949
65.737462 32.474602 0.979917
47.425615 25.443516 0.980829
63.304378 19.261362 0.975976
38.214667 27.979190 0.972227
64.727751 28.108706 0.982718
68.059499 32.315246 0.972098
55.206083 22.270051 0.972224
58.977016 31.538788 0.967386
68.198126 28.388912 0.981293
53.069207 21.699471 0.975813
51.720602 28.371658 0.972320
59.182746 17.568558 0.981058
49.280625 28.268619 0.979423
52.875620 28.890759 0.972545
47.610848 19.386062 0.967482
65.338365 19.737993 0.971360
57.720819 31.645817 0.977968
61.520827 23.402819 0.980326
60.683646 22.442526 0.981190
37.027815 22.162857 0.977492
59.578005 24.998191 0.970562
50.095002 16.698258 0.969216
57.746431 31.344317 0.982715
46.733521 19.263321 0.971727
40.525453 25.209564 0.976678
57.827981 15.725067 0.979971
49.036415 18.971920 0.983076
58.769881 16.221164 0.976041
50.765357 26.759909 0.978382
66.560665 16.951388 0.978157
56.990514 14.814089 0.971370
53.113152 31.011582 0.973955
47.886898 31.143843 0.976450
57.377832 19.114721 0.970246
64.500858 31.937695 0.979085
48.922190 19.005301 0.976406
69.840338 24.039793 0.969343
67.620286 28.015020 0.971214
49.269280 14.326279 0.970293
43.196214 23.805609 0.977541
51.299906 29.318478 0.979874
56.101327 14.930899 0.970980
67.085587 31.085026 0.969272
66.881131 17.905653 0.981714
37.153177 28.643229 0.981948
60.656319 30.237473 0.981365
59.755681 32.040219 0.983017
70.949540 28.262111 0.981038
66.988829 24.407413 0.973729
66.110809 21.206986 0.978114
47.920161 16.659796 0.970466
48.773402 32.029690 0.967050
75.117050 30.538274 0.980524
59.763899 24.580453 0.968833
54.601083 28.865437 0.980837
71.172038 23.734723 0.977986
61.969778 25.852381 0.976255
48.281071 21.922337 0.971309
73.056487 27.699074 0.983075
64.954194 15.073824 0.976094
64.027937 27.489495 0.975926
74.656224 25.211210 0.976424
53.844783 30.093653 0.971855
67.230422 31.836199 0.976693
63.792533 24.322626 0.973489
62.214208 20.504491 0.968674
74.348596 31.328701 0.978281
50.883847 16.590974 0.974268
53.245364 27.834360 0.978953
55.044483 22.586009 0.974977
37.419181 17.561484 0.967422
66.949787 30.241930 0.971353
73.085642 31.248519 0.974582
53.722245 26.532353 0.980757
36.747832 21.823628 0.981117
63.581960 19.059739 0.982000
65.488632 17.519809 0.970701
67.381665 32.005349 0.966953
41.687546 17.248144 0.978359
55.517728 31.560069 0.978800
57.628208 23.227540 0.979621
71.929629 28.977014 0.977366
36.997668 19.321307 0.973525
38.730882 26.523052 0.974226
66.794111 16.477184 0.980039
75.224766 31.023431 0.977310
57.702522 19.060638 0.979468
53.892192 20.391825 0.976233
68.713343 31.970432 0.973190
75.724908 28.171038 0.972040
64.287907 18.980708 0.967000
65.930683 16.157149 0.975979
47.183959 14.312838 0.975777
42.073669 20.136159 0.974117
41.873285 24.046925 0.969052
41.933420 30.865514 0.968773
56.226901 14.348737 0.968490
66.793150 23.990433 0.979310
52.229734 29.457906 0.972993
68.139609 24.219333 0.967599
58.377752 16.038529 0.977496
59.734858 13.912165 0.981163
72.212502 23.033316 0.979513
65.615876 15.878694 0.977183
47.578803 24.916250 0.987933
44.094526 23.614993 0.998057
68.555784 28.408832 0.989760
53.235752 24.467612 0.990912
73.108568 30.718596 0.992076
66.399037 32.101892 0.987866
64.282628 15.538784 0.987075
50.747022 25.954632 0.997157
45.718245 23.383059 0.986422
67.749489 25.834686 0.994148
45.397261 28.624408 0.986317
49.451339 20.507100 0.986531
58.869665 30.673327 0.986369
57.476533 25.316460 0.991203
54.723641 16.622301 0.993349
75.498983 30.590100 0.986918
40.238317 26.370688 0.993017
37.352542 27.130934 0.985765
63.047691 31.521929 0.993920
63.387930 20.041289 0.983345
42.124763 19.736898 0.984599
57.463060 28.273494 0.987223
65.287405 16.399751 0.990710
48.278029 24.359554 0.998649
63.600184 24.317825 0.993696
43.542667 26.778867 0.993575
49.516879 16.199931 0.988452
50.672096 22.656540 0.997106
51.689149 22.246581 0.989990
43.959542 21.688448 0.997188
62.367789 26.935101 0.993647
59.772597 21.114041 0.988753
60.237290 16.906152 0.994723
59.015136 24.832979 0.988632
62.682497 25.967795 0.984358
42.508627 24.665577 0.999589
63.276624 22.912919 0.994246
63.846481 18.402836 0.990052
65.699692 20.473783 0.987345
37.389377 28.105374 0.985686
39.173847 21.091239 0.992055
52.709231 24.042393 0.993430
64.767734 15.510016 0.998549
44.649728 23.858995 0.990742
69.172129 30.762728 0.988579
54.480469 27.811727 0.997870
66.155514 30.859926 0.989424
67.885135 27.351455 0.987404
73.922650 23.557526 0.983574
57.520090 24.882834 0.990487
52.312659 23.910775 0.984759
75.790845 32.386262 0.999571
72.580904 32.308818 0.988514
60.810596 19.900972 0.985147
63.575207 22.345494 0.985099
50.103291 30.513022 0.999654
47.498743 19.794300 0.989636
38.873848 26.973975 0.994751
63.739259 29.657329 0.992747
57.631699 29.055362 0.999517
48.357050 32.067064 0.984523
54.686845 20.942200 0.989256
75.073928 24.030812 0.989093
66.106857 16.554571 0.999482
51.707440 26.848619 0.998032
70.041935 29.470444 0.986393
71.353443 28.266794 0.989005
52.723895 19.648508 0.992519
50.811200 24.426635 0.987074
40.827943 28.899274 0.997020
68.100658 26.406966 0.997632
38.657776 21.711905 0.987335
47.037261 23.942463 0.995049
65.710550 19.211326 0.992544
49.520059 14.163856 0.987939
47.596294 29.907872 0.996059
66.040638 17.643837 0.984010
64.380915 16.227982 0.993679
56.468711 30.235638 0.983920
54.281243 21.822958 0.992305
52.826857 17.844709 0.992305
44.018880 21.879140 0.985111
48.822334 23.134997 0.996882
73.033312 25.872151 0.989929
55.030032 16.203840 0.999305
68.851991 27.523643 0.990176
47.748858 28.698994 0.984609
45.991067 32.488139 0.987616
57.506452 27.096842 0.991844
71.445482 29.709604 0.985814
63.414169 19.090281 0.999095
61.138442 16.756361 0.997083
60.051045 25.313553 0.995155
40.287336 21.030450 0.995479
46.539976 18.284773 0.983802
41.675386 21.798629 0.995039
54.768169 30.984356 0.998844
42.122099 17.603161 0.994058
47.831235 20.033813 0.985312
51.487576 25.222263 0.991086
46.523021 20.979869 0.997705
39.952368 17.625980 0.988615
74.715785 32.006416 0.992719
54.689438 19.840350 0.992525
38.809488 16.446387 0.985447
44.597011 26.200912 0.989287
41.125560 20.987814 0.998237
68.001387 25.434082 0.991473
65.735744 25.441351 0.984397
47.046214 28.441129 0.996987
49.177028 18.286547 0.989904
61.402725 21.114028 0.995064
62.770108 23.595771 0.986745
65.269125 32.141238 0.984557
40.197556 25.296717 0.984031
48.298477 15.809475 0.994021
72.686302 24.200602 0.989982
56.237307 24.675239 0.987242
36.982704 19.990564 0.989331
66.042597 15.118765 0.986605
39.108044 26.070307 0.984283
61.862284 25.376040 0.996576
57.381952 26.084432 0.991986
50.679908 20.272188 0.993970
75.826644 26.957755 0.994896
60.436307 16.360641 0.999173
70.032133 24.997151 0.996381
44.811883 21.698771 0.999134
57.094733 31.190941 0.985851
59.600342 23.368922 0.985195
64.343665 27.270633 0.987650
63.027600 30.518535 0.996687
53.588813 20.292481 0.992742
53.895244 30.879953 0.997887
53.017163 23.795919 0.989550
64.768251 30.088849 0.999071
51.382348 24.158680 0.992107
44.503370 23.314447 0.994011
38.681789 22.579891 0.993188
50.968825 22.170015 0.998052
43.850486 19.821524 0.984138
45.303906 22.384088 0.995841
70.742677 29.892563 0.994900
39.384864 18.484620 0.994339
44.944299 22.979279 0.998710
51.456386 25.332110 0.998316
49.008511 14.920066 0.989527
61.617828 22.015918 0.984666
41.366836 28.823646 0.994036
63.531793 24.700231 0.989276
66.589431 24.651617 0.996756
48.495025 22.736299 0.984493
52.666352 31.922259 0.993517
44.896331 22.085537 0.993156
46.445451 18.526257 0.993264
51.137018 17.726041 0.999817
41.515025 24.001236 0.989578
61.092893 24.634066 0.997096
37.158804 26.088005 0.997303
57.946430 29.279904 0.987518
63.643686 27.164669 0.988912
52.103506 25.091986 0.994138
41.046579 21.597741 0.991062
43.241186 23.001764 0.990552
49.102294 17.592007 0.986374
63.531852 16.012061 0.996256
46.088390 21.426353 0.984138
73.738254 25.607854 0.996181
50.899168 18.446290 0.996531
43.297977 25.697938 0.993109
63.003160 28.180905 0.986462
56.320223 21.638579 0.991640
54.743892 28.228860 0.989472
69.907054 28.639491 0.995376
54.626470 19.919923 0.994860
44.681465 28.567584 0.984217
36.410778 20.100404 0.996984
62.105819 18.121849 0.990593
63.559689 29.033648 0.996088
65.019824 14.614753 0.984790
43.799376 26.287965 0.985122
53.098883 25.779227 0.993379
55.455503 14.350532 0.988113
45.207481 32.027134 0.993166
51.012117 24.509648 0.987324
46.732615 25.107297 0.986749
72.728336 26.256762 0.990264
52.633659 29.807023 0.986941
64.030190 21.198458 0.994024
49.503774 16.583976 0.991866
50.665315 18.576912 0.999765
60.703796 30.804124 0.983565
60.903561 24.335201 0.996686
72.984175 27.302095 0.998819
54.817412 31.751212 0.997507
46.372965 19.657948 0.997605
42.546999 30.814445 0.983416
49.199902 31.361733 0.984080
47.733458 30.196700 0.996652
44.318345 21.111941 0.992679
60.102049 14.870115 0.984051
51.513483 29.019347 0.996680
46.885252 15.758773 0.983999
69.135677 24.258206 0.988119
37.499998 16.858537 0.988317
69.605652 30.694093 0.983706
73.230206 26.412144 0.992943
64.117538 16.923532 0.988761
42.799987 20.047406 0.986948
62.250813 18.807258 0.985483
42.870977 27.993042 0.986997
62.834684 22.825480 0.991529
49.335084 30.265735 0.996822
67.593638 25.304185 0.993796
39.862733 16.858493 0.983447
58.695246 17.566832 0.983387
71.593806 27.490706 0.986670
63.060749 25.311061 0.985102
58.310681 23.473021 0.996519
52.301370 16.589746 0.990105
49.479940 31.504464 0.996359
60.593905 25.006090 0.987063
43.270312 23.414522 0.990533
74.899808 26.490355 0.984351
52.962628 31.075972 0.986304
48.170577 14.733179 0.986272
50.304084 21.678164 0.987605
66.892132 24.177474 0.992468
65.199912 17.991457 0.983999
61.611947 32.196969 0.992194
38.446095 18.541734 0.999368
45.338565 20.228928 0.993701
55.905796 27.419473 0.992613
57.279033 18.083629 0.997183
61.267238 15.936153 0.988180
51.116810 24.975218 0.983520
50.462058 22.637356 0.998461
46.655162 28.063827 0.994837
66.571964 19.557355 0.991828
42.679119 25.679064 0.983828
65.838976 20.408317 0.998572
53.817963 25.659539 0.998262
55.456523 14.239116 0.989569
73.805051 26.221405 0.992909
67.495600 26.268693 0.985262
42.332486 27.188151 0.990885
44.062075 29.668039 0.983836
38.997588 26.061080 0.988650
66.684327 23.618281 0.986761
48.744587 22.344492 0.988472
61.992376 25.455266 0.986516
55.471980 20.365856 0.986887
42.038589 16.918803 0.989026
41.594753 31.744940 0.997818
69.310174 23.758551 0.994220
75.909037 30.636314 0.998256
44.792717 22.808250 0.998817
45.755080 16.201688 0.986758
51.246721 29.945944 0.991226
44.674161 27.285716 0.990179
55.599363 30.861249 0.991273
60.607572 20.412689 0.987928
60.114139 25.935711 0.984341
61.928121 26.738962 0.991861
64.630096 19.706385 0.984853
44.128005 21.195516 0.987613
52.148085 19.302098 0.989876
47.581055 14.040453 0.994827
56.778699 30.103656 0.985043
66.118837 20.962461 0.994805
67.630138 26.746491 0.996916
52.659141 19.763457 0.994360
47.884446 23.847637 0.986627
68.069507 23.206037 0.989454
36.409869 22.691134 0.988905
38.847763 23.322889 0.998871
49.874836 19.682565 0.997467
60.236858 16.809668 0.996305
54.758478 23.426462 0.988211
64.259508 28.475469 0.995485
48.781264 15.509195 0.994287
61.768349 28.938793 0.998433
67.466637 31.221275 0.991474
48.267989 17.546596 0.998869
43.831859 19.460167 0.993347
49.744730 25.130784 0.989490
71.070293 32.487618 0.995951
66.488667 19.377192 0.989080
39.002773 26.730062 0.992366
48.956559 24.026950 0.984956
41.195508 21.100722 0.992035
51.945075 18.562188 0.989219
64.758634 30.536827 0.993214
61.641772 20.204678 0.986961
63.636153 23.234241 0.994081
63.931111 20.026161 0.994714
50.762066 20.300522 0.993270
52.683668 14.950622 0.998914
54.790862 13.778425 0.998899
44.504235 24.071102 0.989661
55.384277 24.102746 0.997581
53.298705 22.491178 0.995159
48.828336 29.505683 0.991066
61.426406 20.705536 0.994206
63.940794 23.191804 0.998677
37.762106 18.247130 0.995317
40.662518 16.863251 0.983595
48.934507 18.084219 0.994182
46.927175 29.405761 0.995306
42.744911 18.990832 0.985773
63.552090 22.204491 0.983379
48.546418 17.807975 0.983334
56.686802 30.806784 0.989219
65.498753 24.014138 0.999958
54.225790 22.442250 0.999560
40.833165 26.051576 0.984998
49.066371 15.015950 0.992235
72.729419 25.603068 0.991320
38.033033 28.657005 0.991559
55.753212 21.682143 0.999922
43.567239 29.976551 0.998885
56.584669 21.763532 0.986637
44.231942 19.674121 0.992012
43.924922 32.291435 0.989223
59.743524 24.067209 0.984777
63.130842 19.073961 0.995202
48.159383 19.088312 0.983932
56.564226 29.513828 0.997415
44.634449 23.743336 0.997665
56.370608 27.334182 0.990248
64.317026 18.227241 0.986098
56.047325 20.252667 0.998687
63.497718 32.540519 0.994350
59.694347 31.121166 0.987811
58.921000 25.068313 0.984477
40.586482 18.284560 0.986679
44.576540 17.016450 0.997094
63.600399 22.429638 0.987775
50.582561 16.309067 0.999050
56.219261 27.107597 0.993314
38.685760 26.662756 0.992308
46.717972 24.613304 0.991992
39.302618 22.418586 0.994290
56.841979 18.087250 0.992429
62.243733 25.057116 0.988366
65.776600 28.742124 0.993637
56.867729 22.627442 0.983484
62.149355 20.154959 0.986193
62.297933 17.882301 0.984736
53.931243 20.693049 0.997908
46.651437 30.414173 0.996335
58.328426 23.702530 0.994035
56.037689 17.095077 0.988025
40.785052 26.365045 0.995429
39.656694 26.560003 0.999185
41.921903 27.951640 0.983421
55.057282 15.201900 0.986548
38.189690 27.187366 0.993507
51.419163 29.947769 0.998314
54.124739 18.325103 0.987995
53.810744 17.326049 0.996163
43.079835 26.774704 0.989938
55.812688 15.981678 0.986223
61.565631 22.418378 0.997607
53.349745 29.890758 0.990377
45.805008 25.723959 0.992427
47.270693 20.565259 0.994650
63.267605 13.872014 0.994294
48.352452 19.960631 0.993180
49.654719 21.763913 0.987065
61.780661 24.078009 0.989504
47.802699 21.563995 0.995198
63.674270 16.940720 0.983947
58.957355 22.435625 0.984181
40.093757 22.706730 0.997199
57.334727 19.749361 0.997546
68.600199 24.787874 0.997855
56.748356 17.862963 0.997867
50.585798 18.714430 0.994835
45.978194 28.014593 0.985396
37.773300 25.556994 0.989637
58.137053 16.111126 0.990516
67.253017 30.036219 0.983371
46.925687 20.701881 0.994115
70.060236 26.311926 0.983632
53.194220 17.391843 0.993035
63.365323 19.153643 0.993019
44.536286 23.776717 0.996291
65.194784 31.634980 0.988756
54.892390 31.347928 0.996777
64.500654 22.380401 0.993804
51.341221 22.112783 0.994010
65.785956 19.649302 0.994964
66.608105 26.794811 0.997841
40.129363 23.432069 0.994165
42.831551 31.079689 0.986824
43.261022 23.862049 0.999855
62.831265 20.872573 0.983577
49.878277 20.881400 0.983576
73.938639 24.463059 0.987024
40.241480 21.377185 0.987855
64.399420 24.567898 0.990354
47.487593 27.361637 0.996843
66.087333 31.384189 0.985078
42.911004 22.140070 0.993800
54.962999 22.363859 0.983477
61.995338 22.406756 0.986234
37.776574 21.975804 0.990562
68.663833 26.712182 0.990939
49.702095 32.033894 0.984286
62.735717 17.391846 0.984244
46.640705 20.795914 0.992332
53.000498 21.223697 0.993531
43.734539 16.413700 0.991497
55.630722 22.294684 0.999710
43.513826 20.521268 0.990846
65.362933 31.198294 0.993744
44.427891 20.886415 0.999794
61.459506 20.972561 0.984619
38.725030 19.466990 0.995848
66.832664 26.841768 0.992202
67.010736 27.175111 0.997440
52.940188 19.931471 0.995107
45.457198 27.129240 0.992098
64.821231 29.562273 0.985721
50.145843 22.804654 0.994824
69.426190 27.886005 0.993849
62.044704 17.748481 0.998867
47.857286 29.723788 0.983772
70.262701 24.013587 0.986687
64.425363 32.290828 0.986078
52.680518 29.751130 0.992325
66.990691 26.654446 0.985331
58.677679 26.419807 0.993540
42.450268 32.433961 0.998529
54.830242 16.961905 0.992998
57.816668 16.552279 0.993856
43.679516 18.362416 0.993541
50.307917 29.757009 0.999197
73.618841 30.995318 0.991053
50.873174 18.832833 0.994544
64.392277 30.149945 0.991553
42.827051 28.369589 0.987911
50.807455 30.464796 0.983610
52.649448 32.235646 0.987817
47.113811 15.382035 0.984465
41.458174 21.858097 0.994909
48.663708 14.861012 0.990172
61.032649 28.345705 0.999708
47.316088 22.220782 0.990840
47.119008 26.338974 0.994738
50.406347 24.085166 0.988298
37.915922 27.111408 0.988407
62.858849 15.466018 0.998828
48.021825 30.440658 0.997237
58.458436 17.783300 0.998393
42.924455 25.126332 0.984824
73.190311 31.944444 0.984362
66.605698 19.846228 0.995694
55.359787 31.485959 0.984799
46.941778 17.580799 0.994289
56.017608 14.676566 0.993959
54.873298 24.390033 0.984310
48.573896 22.354016 0.985207
59.710532 16.760460 0.989705
47.330607 17.570693 0.996740
49.260535 24.517432 0.989394
51.244585 32.084988 0.984561
56.521662 24.668961 0.997588
41.850541 26.825643 0.992630
68.163364 26.748685 0.990452
58.675120 28.576944 0.988708
66.156048 20.298437 0.991429
64.427576 18.474128 0.997319
57.486633 22.762032 0.994672
49.579113 25.219581 0.991788
43.084322 31.027304 0.987366
36.473420 18.691186 0.993346
57.957198 20.964207 0.998555
53.335838 16.605023 0.988987
65.321882 26.101244 0.997548
42.342851 23.071270 0.984534
73.599227 23.363488 0.990990
46.557146 32.150896 0.991572
57.678466 24.738870 0.992800
64.849283 15.605967 0.999598
72.318592 28.835795 0.997296
47.393743 30.436472 0.985526
43.996946 20.079090 0.984813
54.471092 31.774372 0.985940
51.033263 16.471373 0.991854
57.062212 17.160093 0.989463
51.430860 26.365851 0.989102
46.450741 20.696713 0.990928
54.567803 27.454182 0.993458
63.806404 31.031027 0.995004
59.993421 19.720044 0.988320
37.092084 25.753746 0.997773
59.178273 30.584318 0.993022
52.949836 21.125887 0.988580
43.804462 20.609997 0.992473
55.206116 24.405295 0.994659
38.074691 26.940772 0.995009
46.054835 26.549041 0.987448
40.895341 26.004815 0.988324
42.006574 29.149071 0.990900
54.360879 27.783767 0.985111
59.211554 14.272408 0.999322
74.029835 24.639085 0.992708
42.941850 23.138947 0.994870
65.941396 30.116827 0.984513
46.246756 23.917897 0.994039
47.397448 25.483729 0.989399
40.197873 17.350375 0.994752
51.594124 13.836985 0.986894
55.704595 18.137771 0.992360
50.532227 31.007554 0.996304
71.835071 24.098526 0.984526
51.414898 17.102889 0.988881
55.887158 20.081039 0.998483
58.733198 19.907100 0.988968
41.529101 24.720618 0.984608
48.458765 22.915631 0.998745
48.173187 24.174263 0.993825
70.558852 24.438069 0.987062
45.971274 19.593306 0.984969
58.968001 23.077916 0.998208
37.218854 22.197970 0.987018
64.060118 22.288514 0.995430
74.479534 25.790626 0.994649
44.424951 18.757420 0.987211
66.098363 20.833920 0.997726
44.746549 26.982798 0.997274
62.807687 20.478453 0.995446
52.797574 19.451358 0.991584
63.992833 32.420499 0.994117
50.732781 32.109136 0.992979
48.047846 24.057345 0.992160
60.912201 31.866710 0.987250
38.180716 22.254868 0.995770
63.529104 24.682418 0.988622
55.219688 16.188286 0.999272
44.023565 22.013249 0.986099
52.302264 17.308411 0.991202
42.883876 30.496644 0.993944
40.963868 28.878097 0.991116
64.015485 24.967533 0.986578
70.243801 28.134875 0.996060
43.259039 28.758118 0.992456
37.686086 26.904948 0.987921
67.996282 24.427156 0.996158
39.550478 24.522005 0.985196
55.906985 18.460464 0.992977
37.967955 24.288065 0.993782
50.684629 29.530115 0.983907
43.874234 32.147042 0.996970
64.121147 17.533496 0.986904
48.860193 23.915609 0.997535
54.220254 15.264960 0.995139
74.019025 26.156363 0.990927
51.103993 20.123189 0.999599
49.281368 14.740293 0.988066
47.997055 15.089459 0.992420
49.553018 29.840132 0.996579
64.378946 18.383112 0.996246
51.715561 27.797949 0.990836
73.459001 26.972201 0.991075
59.206635 18.707024 0.993075
56.813909 29.604090 0.998219
42.715070 23.739030 0.999523
73.151292 28.483548 0.990433
67.305043 28.545392 0.996191
51.996444 15.840166 0.991836
67.777028 25.995431 0.984586
51.307942 23.114689 0.991646
50.712666 27.116742 0.996752
55.003914 28.516923 0.985826
65.346375 25.358499 0.986301
75.287634 23.935488 0.999703
47.423526 22.461470 0.999887
72.742811 30.755633 0.990879
51.120736 26.982018 0.998631
57.966989 23.424765 0.994688
60.667843 18.323272 0.994341
51.150669 23.026670 0.986152
64.879757 31.754627 0.991182
37.751233 28.343436 0.998915
37.146274 22.427052 0.991546
55.207530 26.305759 0.990257
49.165126 14.649310 0.983766
61.522190 15.472637 0.990559
36.134768 17.990502 0.992498
38.742865 20.454495 0.989336
65.902614 23.415455 0.995482
45.967611 26.010505 0.984688
56.718246 29.997516 0.996076
39.661444 26.980553 0.983376
58.821217 28.831074 0.994047
53.003989 24.794849 0.994519
61.002414 27.366825 0.997740
61.268904 26.148896 0.984782
50.365719 23.725843 0.992645
66.605862 29.318771 0.988840
36.667969 24.012359 0.992735
41.913874 24.736875 0.990864
42.011422 25.140847 0.999007
43.424178 30.319450 0.999271
58.512732 29.094917 0.990569
43.676358 19.593345 0.995101
42.380133 27.845267 0.987931
55.086870 17.019264 0.993747
65.809309 15.213631 0.995257
44.949382 17.321989 0.985162
39.595805 23.817947 0.989415
63.506577 32.409473 0.994909
55.819018 27.001508 0.996290
52.211574 30.857488 0.984981
72.836030 26.498965 0.984096
44.144709 22.618159 0.983363
54.390838 20.268091 0.990078
56.511380 18.489544 0.987558
53.299784 21.298261 0.988283
63.044599 21.016069 0.992152
50.146308 25.973512 0.996839
42.819913 20.662764 0.988330
47.317331 26.486808 0.997255
52.569973 18.324129 0.987252
48.560954 21.521104 0.999527
39.768126 27.742651 0.997226
63.147568 23.387866 0.992170
49.008529 22.028950 0.988026
44.345110 23.397911 0.983459
50.152122 23.902442 0.999549
51.940205 27.123382 0.996687
55.601757 22.571744 0.991740
44.062597 32.206757 0.993468
52.699199 23.727655 0.998046
39.360925 27.853490 0.991419
70.119337 24.119276 0.988532
59.837257 14.451579 0.983542
72.396591 23.495736 0.995761
58.511717 30.950326 0.999072
44.225122 30.815554 0.996256
60.427461 29.240171 0.999442
54.406101 30.806056 0.993297
36.937007 21.983547 0.998521
44.717396 27.154796 0.992192
71.965983 28.084147 0.983673
58.079345 23.320635 0.991640
64.625797 24.537750 0.986538
41.708957 18.806260 0.988674
61.751338 23.392460 0.998981
71.966137 23.706541 0.994760
47.273695 17.047072 0.994233
64.216802 26.921745 0.987083
50.887621 30.939858 0.986184
51.165511 27.047489 0.986636
50.861419 15.773869 0.992582
51.182903 20.742596 0.984188
59.771112 30.590785 0.997621
71.158352 27.604114 0.990790
53.057913 25.256539 0.985980
42.276517 18.844105 0.989476
39.962409 28.057637 0.990675
43.530271 18.073062 0.993414
65.949520 21.430830 0.989651
70.558377 27.136231 0.985241
58.001099 32.188440 0.999124
65.063760 15.484152 0.994335
45.879942 30.013770 0.997590
55.542123 15.883496 0.991135
69.037234 24.618782 0.990354
41.924257 26.687975 0.984720
43.934703 20.457469 0.993444
65.542571 23.379293 0.999658
43.649544 23.067501 0.998081
43.658018 32.162962 0.997362
44.939551 19.290680 0.985141
74.564934 28.353753 0.997537
56.754960 25.969919 0.994731
42.123373 22.443318 0.984701
69.364295 29.620576 0.994974
69.977869 31.731132 0.998751
44.928366 19.402047 0.991515
40.889921 26.902001 0.997930
58.333068 24.647001 0.997961
67.426521 30.099699 0.998108
57.334003 22.292496 0.992722
47.761472 23.405421 0.986185
54.719404 28.260925 0.992671
58.819115 17.328376 0.993057
72.374977 28.150103 0.988205
58.401282 29.591993 0.997476
58.877643 13.862118 0.992051
56.044248 15.864619 0.999222
63.680868 29.358038 0.988526
59.622973 22.249829 0.983642
54.785658 23.250132 0.999453
52.585725 29.964067 0.992543
43.628888 29.359566 0.984492
46.112756 18.058590 0.993946
49.041538 31.809043 0.999072
36.885357 19.518981 0.994365
43.332581 20.279955 0.988278
59.847362 27.729827 0.989657
64.771022 15.512606 0.999195
68.292473 29.523230 0.987720
71.709891 24.461585 0.992969
56.477308 26.277486 0.983923
59.914746 23.679216 0.983737
48.871381 29.540284 0.998674
38.466784 27.275781 0.985041
42.606590 28.555214 0.993464
48.372991 17.089352 0.991416
62.803619 29.333308 0.986042
58.940755 22.058162 0.994043
66.123549 21.835119 0.993700
39.369985 28.828294 0.993151
52.031118 29.277261 0.998344
58.452917 25.272460 0.993276
52.434236 23.323702 0.992887
59.604384 22.254855 0.997803
66.950547 18.572502 0.997006
63.525699 24.146771 0.995942
41.089360 28.338986 0.998968
50.256457 32.277207 0.988036
50.405994 18.337843 0.995431
53.202938 28.638083 0.999331
48.425117 21.698395 0.996149
56.030748 20.738797 0.984197
51.368499 21.732658 0.995311
43.357801 26.054481 0.986550
48.722721 23.505820 0.995559
44.469519 22.421351 0.991352
47.084703 30.846040 0.986163
50.194445 21.471785 0.992317
47.479080 16.859039 0.993778
59.167757 22.829066 0.988697
51.273936 22.374135 0.992323
40.909289 24.462874 0.996453
47.735330 14.978122 0.991820
53.913990 31.438412 0.996017
47.638720 15.330076 0.986756
59.222446 14.607733 0.999031
43.259199 22.212144 0.988992
54.449037 19.058538 0.992060
60.009821 25.075744 0.985462
59.756862 21.671172 0.991216
75.060162 25.815629 0.998110
55.394868 15.076082 0.988550
50.896501 15.539992 0.993523
45.270277 19.513450 0.995228
51.606648 19.059664 0.983375
45.188577 20.372904 0.991918
41.921785 21.623154 0.998707
56.670598 18.194702 0.986899
64.386491 17.408981 0.993610
60.964662 17.858570 0.986137
47.981946 15.809935 0.984897
60.941282 15.917641 0.986132
50.106049 24.778755 0.988658
57.153131 24.054024 0.993448
61.086180 22.263165 0.983459
46.161604 31.864123 0.988935
72.282792 32.022819 0.991579
66.200282 32.128396 0.998927
44.291784 24.084780 0.999031
43.500386 16.367751 0.992030
52.986894 19.180685 0.994473
57.362090 22.253554 0.991498
36.986661 27.848620 0.996077
48.841463 14.149433 0.985517
56.381647 27.142188 0.996347
63.900366 23.179256 0.990357
64.820932 23.294179 0.994005
53.089109 20.924760 0.998515
45.217739 21.454915 0.996168
65.161486 28.144570 0.993022
64.936120 19.207235 0.999707
71.629134 25.095105 0.996213
53.605596 16.060728 0.989369
59.205419 29.661991 0.986808
48.932186 23.783124 0.997653
69.234507 29.614381 0.991679
54.603585 30.078791 0.994149
60.922827 24.584275 0.999712
44.628414 20.342660 0.993817
46.750640 29.317930 0.995112
37.915553 27.242114 0.994993
42.966871 22.145815 0.983363
53.427934 30.422617 0.992131
60.387948 15.410002 0.995450
53.226467 22.253817 0.999729
57.350058 19.858440 0.995607
62.116307 31.488668 0.993524
65.045820 22.910780 0.996554
51.525789 31.470568 0.998342
60.431495 17.881429 0.990496
47.940982 31.186871 0.989670
58.857717 20.045886 0.986182
51.815593 23.901727 0.998389
61.730757 24.547293 0.999814
43.019459 27.881341 0.990783
37.791331 25.367155 0.994487
53.302735 21.594644 0.996563
43.875444 23.207553 0.987862
70.178340 30.509190 0.994747
53.821744 14.554827 0.988157
56.043488 15.364497 0.993378
45.691708 30.481466 0.995755
70.085656 23.104667 0.989352
40.263025 24.260134 0.992408
60.948360 31.919624 0.987014
65.822316 18.329214 0.989522
61.601864 29.473056 0.992396
66.099246 19.245767 0.992582
61.973456 18.845448 0.988055
37.514201 22.943271 0.987224
59.670603 17.554548 0.983405
65.676091 14.771325 0.995847
40.734600 17.799218 0.993187
72.171483 31.083288 0.996971
36.592849 19.242133 0.989859
57.249638 21.267927 0.996667
47.741809 17.076571 0.994535
75.531165 31.729701 0.989805
39.241493 16.375898 0.999321
74.224533 25.975127 0.996351
56.224472 30.164496 0.983630
51.393452 25.948029 0.994187
60.733202 26.234578 0.989686
47.042782 32.286608 0.992355
55.308120 27.046206 0.986105
63.450565 25.740060 0.994898
50.307994 21.622445 0.996092
42.917387 28.459719 0.991523
50.322501 26.238740 0.999309
62.431280 27.261184 0.999002
53.946677 29.879261 0.984137
75.190982 30.584259 0.993464
42.077126 17.946241 0.995316
53.620930 28.928683 0.994914
43.141111 31.005734 0.989286
36.434225 20.025175 0.986195
53.236802 27.559334 0.994156
48.706798 28.044434 0.984988
59.582712 30.953870 0.998113
43.447796 24.324500 0.985619
40.187050 26.392183 0.990848
58.845152 14.690742 0.992009
52.689368 17.888454 0.984598
66.088872 27.665327 0.991838
75.548013 31.779617 0.991147
49.846366 22.745367 0.997384
42.993514 28.518346 0.985732
37.005878 27.288027 0.986227
50.019148 23.158771 0.991002
59.748975 16.081837 0.998484
45.177375 21.961085 0.989463
53.706009 18.050695 0.993595
54.759877 30.048601 0.993651
55.894206 17.234805 0.996011
52.837199 23.808572 0.998915
54.334701 22.695597 0.984514
62.176812 24.575203 0.986317
60.094190 15.529815 0.991577
47.437869 14.839394 0.987993
63.148984 30.216791 0.997987
47.951493 27.792372 0.999755
53.968701 28.153881 0.991984
65.872591 32.133769 0.986439
71.685943 30.719728 0.998053
37.686297 22.069694 0.986819
67.470842 26.293328 0.984643
57.248693 17.344919 0.984727
65.311287 27.206014 0.984961
54.164932 21.882968 0.984659
43.316231 22.721293 0.995721
69.418778 26.371386 0.987966
67.665770 24.735095 0.999812
53.364041 26.554314 0.994076
62.917247 16.763050 0.985851
60.134015 24.972440 0.996970
53.113976 14.828726 0.993766
46.443551 20.692604 0.993770
47.682500 32.271320 0.995977
46.052423 24.621160 0.994510
37.129811 18.710392 0.984743
71.335657 23.989812 0.997766
51.696065 15.464325 0.988984
60.602351 28.432470 0.998648
36.377650 24.696049 0.987209
59.721796 21.750997 0.991484
74.457164 23.838921 0.983543
63.514089 27.487495 0.989907
66.773818 32.281107 0.985531
54.125683 23.048655 0.990339
59.945328 30.203545 0.998764
41.826423 17.777922 0.986956
55.441599 26.871578 0.994132
47.685836 31.553754 0.996363
62.259192 25.645027 0.985209
47.401010 25.420310 0.989290
51.377242 23.281070 0.983350
54.038872 15.208969 0.993770
52.520927 30.583621 0.989818
58.170247 25.068176 0.988907
44.026778 17.086702 0.985493
41.446314 28.722076 0.988044
62.056635 26.549898 0.995357
50.057027 15.430371 0.998318
63.832406 19.465138 0.999306
38.761075 26.726303 0.988527
64.478611 17.873870 0.999031
57.979048 25.730676 0.984044
74.960349 24.248525 0.992784
59.098424 14.677718 0.986605
45.282632 19.082103 0.995880
45.945377 20.094280 0.988433
61.524951 18.835613 0.985276
41.895222 25.075099 0.996377
51.981727 14.745113 0.996436
49.646074 30.111508 0.990973
63.858078 24.933543 0.989545
43.384180 25.099832 0.997685
52.772581 19.471884 0.991360
45.727484 26.670422 0.991075
59.946813 25.800042 0.993509
36.974473 25.765363 0.991910
74.316213 29.687127 0.996960
50.673878 20.683585 0.983805
49.316354 23.126301 0.995301
53.281355 18.836052 0.987768
53.455309 20.484290 0.984799
53.048335 31.403695 0.990248
52.559265 25.019834 0.999320
59.998838 15.164228 0.990193
58.124385 20.789454 0.996705
56.417319 17.368752 0.987312
52.879877 24.571940 0.986630
55.008790 16.064874 0.985413
43.009497 27.433616 0.992713
67.533376 31.573008 0.999075
39.090986 17.118143 0.996059
59.347173 23.809218 0.999118
41.696116 25.158668 0.995580
58.346083 22.915749 0.997896
59.659870 27.425204 0.999518
45.040694 17.744505 0.983531
41.325867 24.562249 0.983527
41.657219 26.784640 0.984226
37.782988 28.705825 0.991367
73.967065 23.811889 0.985888
39.296406 16.450146 0.994262
40.142171 22.699768 0.999007
66.572875 25.015353 0.987156
54.875006 21.258836 0.987920
61.080570 24.947650 0.989271
72.588944 25.029377 0.995585
42.351030 30.880576 0.993648
73.117505 30.469202 0.990140
72.489478 29.382390 0.992906
66.154887 19.438211 0.989787
73.799244 26.420328 0.997452
36.532845 18.863126 0.996470
38.659702 25.022691 0.985362
65.889095 24.640068 0.984331
44.859413 32.042859 0.992514
50.800485 18.597105 0.996191
43.163482 23.184260 0.997994
57.028399 17.711931 0.997730
40.643045 26.411226 0.998015
70.098323 31.068234 0.996920
42.430523 27.456136 0.983330
43.908960 25.799867 0.985149
41.437394 30.011004 0.991411
47.726892 30.184966 0.984538
54.980049 26.766274 0.996652
53.843371 23.551585 0.991020
49.873421 23.566580 0.991466
58.945143 28.757818 0.988456
50.276949 19.598580 0.994882
42.972670 20.078851 0.989667
36.668056 24.429996 0.985730
51.086979 24.222411 0.995979
49.552751 19.348346 0.986143
49.319010 16.270144 0.985378
53.896585 30.744691 0.993516
66.076831 31.364501 0.990558
53.019863 31.226034 0.990652
54.298886 21.761132 0.993244
61.606729 19.920470 0.990174
63.335010 16.820310 0.985239
57.167731 19.460019 0.993856
65.927200 15.593180 0.987704
62.257347 17.985785 0.988341
51.487556 21.620334 0.988417
56.617373 28.920110 0.988656
50.498211 26.176190 0.990227
64.077398 30.884747 0.999222
38.381902 24.226253 0.993781
56.561998 20.940525 0.994529
63.254714 23.670466 0.988371
74.142970 29.366651 0.998317
41.871127 31.040804 0.984637
48.890878 17.894656 0.990484
45.273214 25.159435 0.988677
59.426137 30.522593 0.995499
61.438743 22.401831 0.998982
47.844565 15.379148 0.994995
65.728355 18.307203 0.984381
54.466912 20.072802 0.983724
65.386515 23.398297 0.999215
37.791787 20.721796 0.999751
48.114720 13.880435 0.986732
56.445576 32.183086 0.983776
43.933593 17.520276 0.986176
48.256460 18.940142 0.985749
41.073920 26.550505 0.994350
48.834399 28.082760 0.989079
50.060983 22.341564 0.998274
46.625881 18.582985 0.983618
53.348678 29.480903 0.996756
59.057275 20.954090 0.985117
50.437492 22.602758 0.993800
70.888212 31.668248 0.996115
59.684431 15.591321 0.999014
69.756065 31.717439 0.995363
70.712670 31.042677 0.992439
58.688019 23.914576 0.998104
73.240899 26.335331 0.990202
64.582422 18.757454 0.993744
50.958119 32.120621 0.988451
64.612380 28.268426 0.989116
47.304586 17.515726 0.999174
59.526216 25.579999 0.995263
59.862698 14.679657 0.988877
62.940060 32.040614 0.994970
55.472821 18.035554 0.987562
45.844660 17.975386 0.988634
68.969147 25.727882 0.991457
75.744438 25.159063 0.993274
52.947225 18.573172 0.984885
43.781858 18.631652 0.999581
53.927424 30.751912 0.994975
66.604677 28.852422 0.994883
47.630949 18.414680 0.987036
62.673797 17.277708 0.989199
71.331128 24.325202 0.985711
49.610449 30.025058 0.997470
61.427072 20.779663 0.993382
41.268596 30.932203 0.987034
59.842992 21.861032 0.988722
59.444827 19.633075 0.994580
43.201411 21.609285 0.990668
36.611584 25.388992 0.988383
38.602652 26.180459 0.991230
56.332032 26.449152 0.992490
57.411705 23.108334 0.993327
72.848994 30.501005 0.985736
58.853649 25.375919 0.991257
38.770109 28.850552 0.984124
40.096490 18.351051 0.997817
47.179083 26.421912 0.996575
45.222245 28.384570 0.994777
47.394609 19.509454 0.996813
52.013857 21.456978 0.985944
46.429197 31.213347 0.985506
63.697998 25.023622 0.997028
57.329234 14.571318 0.999197
56.326971 29.935935 0.989373
49.060550 19.214942 0.988448
69.157692 29.035843 0.998966
59.019598 19.118394 0.984230
60.244012 30.161349 0.995534
45.287559 22.284077 0.988659
61.576379 20.647282 0.993269
68.606189 30.891150 0.999426
46.266460 18.546061 0.993989
56.344612 14.754766 0.994791
53.191907 19.112435 0.996432
45.641839 29.213673 0.992786
62.267862 21.548448 0.986926
39.537684 23.289049 0.985273
55.554592 29.036993 0.992853
73.707023 28.300976 0.991180
41.146309 23.406335 0.984736
55.759753 14.641996 0.992651
48.784291 28.809249 0.987507
65.680188 20.745139 0.992907
66.725834 17.605922 0.985860
65.900593 30.424595 0.999106
62.712978 19.319531 0.992119
50.540117 16.026743 0.994609
71.841944 31.509977 0.985202
68.897794 28.452954 0.985226
57.246340 26.825199 0.983640
53.060275 29.922231 0.991472
72.366006 26.328830 0.987391
62.848313 25.328029 0.988027
42.522848 20.551216 0.996838
49.207115 31.180886 0.992786
46.518583 19.140501 0.992527
64.792085 24.536825 0.999921
55.520852 17.823376 0.989878
53.851425 20.981926 0.996602
53.809376 15.429152 0.992685
55.083230 31.564828 0.987868
41.887081 23.944412 0.992762
71.959360 28.557190 0.983403
40.491469 24.304873 0.991265
37.544790 22.921180 0.987005
55.548790 14.369385 0.984732
53.925225 24.946195 0.993578
48.266512 22.987842 0.988010
47.292212 23.799028 0.993504
46.039941 20.505011 0.994647
62.339552 28.874642 0.991324
45.478029 29.722575 0.995197
53.211421 21.339827 0.990075
46.543985 21.174046 0.987863
58.512698 17.930887 0.992111
54.101145 14.591423 0.985649
37.312704 23.040723 0.983849
75.048293 26.721853 0.992465
54.462763 15.205961 0.989294
37.655900 24.505139 0.999881
45.622410 26.841329 0.995722
56.832455 16.150164 0.989606
40.831028 24.158423 0.987633
57.840717 13.984977 0.990361
44.882337 18.198243 0.997164
58.755064 25.710673 0.988860
56.977702 24.804328 0.997354
41.172011 16.662383 0.997090
43.908668 22.534609 0.987845
53.807805 20.141432 0.986125
63.520534 30.184970 0.987728
42.445280 19.813404 0.996842
59.151118 31.037035 0.986103
56.948045 30.982410 0.988159
75.017747 27.259806 0.990021
47.186511 30.036821 0.998490
59.978914 24.261966 0.990793
41.727727 20.630735 0.989299
38.583611 28.383724 0.984202
56.040205 32.399920 0.992739
37.825117 26.662603 0.994544
70.390707 24.038861 0.986290
54.134260 27.912083 0.993151
64.351815 32.500674 0.987043
63.288425 20.662095 0.989820
40.130538 18.023298 0.983543
38.355687 22.356197 0.988750
47.748086 30.839892 0.989376
56.239163 31.132186 0.986762
41.317482 28.604522 0.993455
56.742258 24.306993 0.998216
55.296761 22.779396 0.994909
73.662548 31.101087 0.990610
58.568713 23.361316 0.992377
63.438569 24.744802 0.994611
45.746454 17.512755 0.989525
46.294478 23.119497 0.985251
40.463055 28.637545 0.998053
50.143744 23.834087 0.993372
41.451206 25.577979 0.998345
51.087457 25.628104 0.989692
52.310958 19.038786 0.989934
63.974263 19.064012 0.988358
65.844372 17.769201 0.995189
43.685563 18.895105 0.988263
54.394926 22.815395 0.990044
41.429569 19.890323 0.989053
41.443062 24.175249 0.984642
48.870777 23.885394 0.992859
63.665709 24.916331 0.999687
71.181271 28.218565 0.994149
37.408244 17.158572 0.992817
39.666577 25.996821 0.993776
43.806319 21.401385 0.983423
56.795958 21.683098 0.984161
56.777013 23.095786 0.990203
63.167248 25.309982 0.991793
62.029414 16.350178 0.993878
48.956229 27.978700 0.987588
63.650746 22.755911 0.995289
58.730796 24.534872 0.999986
63.059959 27.439307 0.989164
41.165731 28.242082 0.999210
45.795969 17.593848 0.996235
48.732541 30.077463 0.983508
45.447261 17.733060 0.992501
47.928307 30.500798 0.995150
63.764098 19.251813 0.988269
39.699177 18.036690 0.999950
40.658315 18.535285 0.989171
57.663011 14.241520 0.999637
50.611305 29.937475 0.997041
50.455784 31.638856 0.988384
38.526616 21.699400 0.986128
68.907040 31.474575 0.984209
42.667950 18.247084 0.989620
56.759295 19.959720 0.985736
55.685272 19.232795 0.995538
56.265854 29.470450 0.995655
44.269752 18.331318 0.992958
61.175636 20.335689 0.999958
43.679079 19.622012 0.995026
64.798413 22.987904 0.984317
54.946187 15.405087 0.990197
66.464584 16.665682 0.993604
41.143720 20.367427 0.994445
53.514022 19.692778 0.994443
61.707135 28.975271 0.987150
57.356286 16.256123 0.998257
36.702772 25.016136 0.987406
45.374134 18.236028 0.994367
43.699823 20.763715 0.991279
50.719959 26.191711 0.985927
54.959044 18.987553 0.995565
51.263850 15.718513 0.990779
50.524677 17.858855 0.990464
49.346285 16.044906 0.989203
60.007759 17.084619 0.985131
62.535301 21.368959 0.984959
41.218486 21.101293 0.991524
64.446051 16.363624 0.996821
51.387632 27.160846 0.991263
55.648456 21.645236 0.997544
45.500928 22.881834 0.997174
75.022286 30.315805 0.992284
36.367553 22.708713 0.999945
39.474641 26.339339 0.990674
53.293095 31.142121 0.999656
51.754837 17.303992 0.987960
46.327703 19.926490 0.986516
53.902669 17.989885 0.985652
63.032865 31.440930 0.992836
55.796204 16.182339 0.985977
36.544447 23.564544 0.988137
38.095234 24.549761 0.989625
59.125330 29.058281 0.983361
38.714770 17.071268 0.996375
49.500878 13.883583 0.990454
55.949347 16.135099 0.987689
39.674399 25.183295 0.987419
52.279031 24.293221 0.993428
60.112174 15.443938 0.991339
53.842735 24.858051 0.992851
43.539738 22.643027 0.994186
67.975067 26.558068 0.997873
59.129110 20.242580 0.998684
54.251206 20.654343 0.988387
40.006773 28.045400 0.986116
52.837821 19.235860 0.996138
68.660418 28.786119 0.989295
42.855114 17.831915 0.997330
43.557394 24.579081 0.984582
61.630765 26.351646 0.990469
50.366431 27.074487 0.991662
38.653494 25.033133 0.986451
56.574822 30.975576 0.995903
66.027611 20.354626 0.991607
55.276222 22.243612 0.983653
57.440028 25.019454 0.993553
46.485667 17.224984 0.995619
62.243191 15.860708 0.988689
40.830988 27.247862 0.986507
57.772561 20.114301 0.992572
48.874738 19.132062 0.992495
43.543892 22.152945 0.996836
50.320527 16.151975 0.986326
51.566829 18.412805 0.991266
48.914626 15.873813 0.987021
66.342467 24.695832 0.991576
56.413773 25.925939 0.989116
73.196830 24.256567 0.989319
62.539661 24.856287 0.992784
40.436185 21.163224 0.986577
61.878538 27.728950 0.999893
45.276604 30.675920 0.994058
43.850774 21.358826 0.995027
57.032137 18.072281 0.991843
50.933298 14.136414 0.989720
65.318706 24.830227 0.984108
38.654290 26.193577 0.992167
59.054761 23.442312 0.998874
43.021061 20.484639 0.998387
45.443830 27.005299 0.995597
39.759972 17.251649 0.985387
69.937348 31.710843 0.989101
75.211872 31.147125 0.985014
70.059718 23.266569 0.986712
56.366191 22.614706 0.991899
40.352644 18.114875 0.997674
42.796776 26.174969 0.987668
51.690026 28.027858 0.994868
60.184042 18.164029 0.992654
56.622808 15.384573 0.989105
57.619811 24.419416 0.998910
49.087448 14.931706 0.988089
41.542956 28.075677 0.984719
39.647559 26.810099 0.984814
46.049706 25.931317 0.987018
39.039540 22.375387 0.983389
52.663526 32.016010 0.993742
60.808956 29.278110 0.987711
43.096798 24.150237 0.996405
55.882130 15.352464 0.992178
38.782021 26.622060 0.993507
70.262361 23.415048 0.996785
60.367361 31.107021 0.986346
43.250014 27.987261 0.987601
61.260037 20.216316 0.992076
44.745799 19.348809 0.994245
44.323504 27.910209 0.986446
64.630234 23.137053 0.992117
58.359396 16.864637 0.992273
61.238387 23.784476 0.984986
74.673175 27.461462 0.998472
47.919622 15.562752 0.985141
43.743073 19.814749 0.992102
55.399619 17.211783 0.986906
36.139115 24.139019 0.994728
70.345735 26.155191 0.983378
41.322274 31.289882 0.994482
56.771120 31.021430 0.998159
65.629507 14.751303 0.997344
46.224417 22.604850 0.987446
54.168730 18.246068 0.989529
61.486775 25.850207 0.998642
66.242711 26.574932 0.993664
49.359751 27.582239 0.992903
66.711944 30.242180 0.984138
47.308627 17.191509 0.984072
63.911933 16.152294 0.983526
42.329479 22.078978 0.985147
59.875155 16.519553 0.994605
55.019962 21.210698 0.993546
65.868718 19.791677 0.989320
47.437107 20.874052 0.986185
52.575940 27.293310 0.992747
56.519605 28.881111 0.996057
54.292601 14.899986 0.985623
52.874349 18.565706 0.998852
59.036137 23.122664 0.993788
62.329929 29.693699 0.983646
65.251597 15.206516 0.999049
72.787270 32.104875 0.992229
42.534006 32.245305 0.993209
61.168593 31.727827 0.988475
72.431671 25.772787 0.993501
60.327958 31.612403 0.996861
37.022766 21.865247 0.997689
68.444312 24.311453 0.999068
59.519137 17.944882 0.996863
47.594644 28.689033 0.989636
65.654254 19.926644 0.996475
54.116293 27.850495 0.995753
55.045298 23.036215 0.990235
75.251527 25.949636 0.998798
64.089400 29.816590 0.999180
64.735420 21.070399 0.983995
62.459358 15.251820 0.995305
59.986326 20.435385 0.988454
38.515239 24.170790 0.994588
41.154328 21.073540 0.993948
53.961119 31.268610 0.996060
40.635394 27.722354 0.993019
48.055775 27.413630 0.984761
49.889600 16.432091 0.989813
52.910348 26.679503 0.985918
56.832552 22.614079 0.994649
47.770029 22.020701 0.992154
50.794270 25.598130 0.984661
55.070414 15.087546 0.986999
54.044381 31.946191 0.998932
44.028078 21.151464 0.989347
52.363254 15.870670 0.986299
59.076350 14.841572 0.999788
64.704002 29.564252 0.986086
59.793688 21.609094 0.983405
64.449598 18.708492 0.999859
43.213720 26.024723 0.987779
53.661061 24.582747 0.991368
52.584634 25.673801 0.996599
55.742253 14.855646 0.993956
41.937226 31.651538 0.991361
45.967170 20.524345 0.992198
67.335526 29.591862 0.985655
72.045960 28.463749 0.994209
45.859511 30.723272 0.991571
50.297610 26.533231 0.997856
52.828008 32.369728 0.987544
59.825093 21.968615 0.986001
47.903176 30.442908 0.994316
49.141283 23.160845 0.991586
70.585520 23.696787 0.984988
45.491515 21.593507 0.999690
36.851565 25.696177 0.993741
44.689412 24.941902 0.987123
51.460641 19.921655 0.993975
38.024482 23.065071 0.989087
63.249623 28.935627 0.998710
67.329024 28.939089 0.996039
54.999377 20.758553 0.983982
37.425630 17.599348 0.997830
58.415399 23.295361 0.985401
46.579664 15.619025 0.989806
58.699367 14.310390 0.997925
51.343316 27.250068 0.990214
49.029878 18.423459 0.997373
67.932257 31.013183 0.988695
50.662959 26.097310 0.993157
65.473945 22.550690 0.996145
59.777322 17.729631 0.994528
36.601297 23.663998 0.987057
44.800243 18.646608 0.998659
63.821354 15.089062 0.995098
57.720553 18.816123 0.984503
70.057268 25.293287 0.991265
61.772407 30.265944 0.996904
48.775508 25.223289 0.986627
66.061244 19.583423 0.988481
63.757688 24.782073 0.987605
51.287475 31.442104 0.988183
36.222100 21.503675 0.987243
63.460766 22.646534 0.986726
49.166376 17.815212 0.990309
64.534507 23.874856 0.990385
65.103053 22.494194 0.995989
66.015124 18.515025 0.990013
47.024807 14.621163 0.984508
43.506196 24.170828 0.994841
75.404055 24.059049 0.986313
75.080973 25.572663 0.999504
51.874207 22.037932 0.998915
44.148460 25.650255 0.990511
53.395117 19.331698 0.993549
45.221909 31.700715 0.990195
44.342744 20.227935 0.998459
49.718189 16.112252 0.995436
69.186163 24.127224 0.988666
39.779516 28.837819 0.984823
59.854811 25.583276 0.983949
43.685378 22.865904 0.993932
63.107312 27.507042 0.985195
45.326092 28.101193 0.999164
43.662344 22.332043 0.990358
47.919667 23.674075 0.997389
58.286692 23.912028 0.991617
54.752308 30.125367 0.993315
38.542019 24.709026 0.987485
57.208527 16.150280 0.990159
52.627369 24.369000 0.995154
50.598909 32.478906 0.997754
42.125312 25.145504 0.999379
64.418569 22.569646 0.998467
48.318596 23.109528 0.991681
47.909012 16.577538 0.994893
57.914386 14.944061 0.994586
62.573859 23.986406 0.988116
70.111509 25.057358 0.998635
73.607453 28.701971 0.987603
66.826308 18.109476 0.987595
44.972651 28.141380 0.990973
64.050764 16.582672 0.985135
66.711435 19.107104 0.985225
68.017296 32.497361 0.989322
73.822081 30.926212 0.997113
56.884769 23.965001 0.994842
51.647776 23.455288 0.997826
73.271177 30.480246 0.994300
45.799984 17.246741 0.999234
48.269778 21.815147 0.990415
54.110410 22.369953 0.999098
71.810242 23.194659 0.990948
38.066669 22.660706 0.990754
67.397890 28.857389 0.999533
50.492110 26.196972 0.999436
60.381149 16.816729 0.985616
48.268675 17.805266 0.992783
57.401163 25.020299 0.987764
46.052819 20.427592 0.995237
56.313822 28.708013 0.987486
57.536464 29.510897 0.995525
75.831806 29.837642 0.994249
55.275885 27.026144 0.990529
52.822155 19.942488 0.998235
47.196972 13.835111 0.995394
64.773810 15.308261 0.986189
71.192954 27.332681 0.998297
72.314186 24.820144 0.999157
41.875626 23.717639 0.999756
44.379610 27.914211 0.993253
60.484462 16.133739 0.989640
38.040017 27.465142 0.992165
64.518107 17.766571 0.985573
60.838081 21.245958 0.986134
37.486183 25.872580 0.991991
59.517365 20.138936 0.997330
43.968143 28.990623 0.991139
58.100782 31.945306 0.985340
39.144192 22.758682 0.986975
42.739651 30.489751 0.984028
74.813381 23.829392 0.996128
62.658408 20.957316 0.993070
50.133917 30.832982 0.997591
47.617764 24.994321 0.987481
63.539384 25.059224 0.984187
42.403445 21.998243 0.989012
42.067361 30.457992 0.991400
37.985699 17.811814 0.987558
39.037277 28.432060 0.987833
66.730791 15.976551 0.983972
67.698081 24.614613 0.987034
48.695313 21.087393 0.998727
42.810466 20.664962 0.987693
45.062991 19.142068 0.993805
63.591459 24.730638 0.984424
67.365372 28.426179 0.990345
63.106048 27.012537 0.998205
59.822875 15.279225 0.988624
75.614568 25.103399 0.992323
55.580461 31.362760 0.990282
70.274142 24.205600 0.987170
63.852474 19.590088 0.998999
49.938210 23.838390 0.986493
61.626833 18.143645 0.984726
57.622278 21.098735 0.989840
54.915712 31.628174 0.984549
37.691776 28.324777 0.987147
46.119697 25.035255 0.989070
59.425958 24.579530 0.997897
62.246294 21.860646 0.996008
64.117119 24.126707 0.985449
54.201730 15.368509 0.990143
67.338387 29.833488 0.983713
40.458735 16.967129 0.996186
62.085596 26.553774 0.989290
57.968497 25.115901 0.990747
56.857694 21.156344 0.994882
53.009654 31.462937 0.992436
48.704545 20.983074 0.992839
73.466510 31.850739 0.985012
55.493941 24.797136 0.987588
69.172820 26.366102 0.993404
53.013257 17.937766 0.990566
43.138642 26.693265 0.994898
52.489047 28.128447 0.991420
74.226972 23.503713 0.985225
45.820971 19.677603 0.984125
60.554116 15.676852 0.990614
48.844838 22.407766 0.998597
58.204435 17.118747 0.993181
36.840731 28.407983 0.995281
47.700756 16.116710 0.998351
47.584048 15.054245 0.989171
73.552482 27.814300 0.987670
51.151105 20.497983 0.998071
61.459983 29.342491 0.985360
52.796454 29.631774 0.988928
64.432590 28.119451 0.985548
52.700935 31.061142 0.985289
43.334346 26.860153 0.988367
49.556712 28.098150 0.996521
37.796787 27.842660 0.991230
57.481401 24.996102 0.995200
67.737611 25.470256 0.999029
75.064194 27.016409 0.998674
65.213030 22.348677 0.996808
48.639586 27.709699 0.983614
58.421351 16.678039 0.991996
46.851549 19.555377 0.994552
48.021527 29.986423 0.997101
47.447565 27.374278 0.983789
54.373363 26.331088 0.987512
43.362292 21.333053 0.998672
40.599323 23.681970 0.992315
43.305135 22.343281 0.989625
67.740457 25.090222 0.990429
58.539165 17.510206 0.995736
64.596614 28.665200 0.996022
53.257647 21.034354 0.990134
54.482191 23.157357 0.995934
52.121551 18.975216 0.989274
56.271638 16.578796 0.992768
45.119115 29.420695 0.996895
56.644889 28.522009 0.987875
59.177182 18.053878 0.992489
44.799001 26.761660 0.990101
47.951663 18.252321 0.985589
63.258211 29.390348 0.994434
54.104116 19.330393 0.995495
67.308107 30.869379 0.989295
55.888549 19.901971 0.996181
57.757047 20.182967 0.996521
48.188838 19.638866 0.989167
52.303314 20.288993 0.997015
44.629644 25.049148 0.990076
51.224831 18.160112 0.987398
50.293455 18.939516 0.984362
39.543695 23.734753 0.988494
43.651419 18.100115 0.993388
51.194981 25.613247 0.987750
42.544465 18.447792 0.986188
72.743806 31.326066 0.995056
64.014206 19.519440 0.990166
43.539469 30.482681 0.995634
47.380074 25.151319 0.984621
52.847886 24.415052 0.991256
39.351834 25.741003 0.991545
46.822075 26.698264 0.999972
62.135491 27.966045 0.986800
50.846975 14.585943 0.998129
69.706018 30.766551 0.995525
74.692628 31.092391 0.997985
67.828385 23.258302 0.988159
52.494887 16.570050 0.987376
59.479713 25.126392 0.988344
55.286322 22.095656 0.985382
52.871792 20.208517 0.991931
42.414888 30.936212 0.991224
65.950691 19.640029 0.989993
39.311102 22.792798 0.988451
43.691141 27.025039 0.997479
69.172424 23.124379 0.997833
53.943534 26.008237 0.984570
47.228952 29.143416 0.995391
37.967024 26.759665 0.994957
47.654094 23.249876 0.984225
51.408246 26.839499 0.999791
56.718018 27.892824 0.992194
68.419931 25.374561 0.997758
73.263611 28.401643 0.989520
63.618205 19.175062 0.992525
72.541352 23.460850 0.988278
55.048549 22.820210 0.993922
68.522015 24.708513 0.992110
63.286051 25.391845 0.983498
70.000688 26.981657 0.987969
47.719562 24.385865 0.991941
58.209332 17.951920 0.993171
62.397787 22.683900 0.983445
51.196628 32.317795 0.989978
63.559870 22.200274 0.984118
64.937962 28.561488 0.994956
57.568931 30.335391 0.983533
51.144333 22.528408 0.989973
52.369207 14.880801 0.993233
55.679573 19.332200 0.983466
71.466031 24.442922 0.998471
67.216751 24.392863 0.991410
45.273024 30.730757 0.995615
57.151276 19.767901 0.984720
58.115934 28.212919 0.993547
38.709100 28.832471 0.998892
64.859088 27.319125 0.992610
73.765747 30.771230 0.991332
49.157300 30.224663 0.986139
47.603813 23.023250 0.984016
63.056255 25.659530 0.987081
63.252518 31.640727 0.992829
66.339852 21.311907 0.986623
75.152037 23.707151 0.995461
67.157904 30.543204 0.984661
64.637681 29.658355 0.989114
53.284503 31.924413 0.985797
74.530782 30.805986 0.997036
73.026394 27.430586 0.985634
53.121389 21.231254 0.984239
51.593501 27.982471 0.992714
47.394870 23.335149 0.983398
41.840246 29.337441 0.987510
63.753999 15.672072 0.993364
53.360315 27.200022 0.983806
44.757744 25.957096 0.990207
64.532214 14.952878 0.988239
53.100380 17.797491 0.993911
48.676296 16.628111 0.994049
48.885182 21.049731 0.986258
49.446940 19.710900 0.997948
37.030451 21.382614 0.989816
64.540502 21.415873 0.989210
63.268195 19.211566 0.988294
67.678528 32.082302 0.983727
59.330394 15.749244 0.998259
47.329642 14.188395 0.995063
59.200119 30.521190 0.985547
61.048149 22.508305 0.995039
50.414051 31.757933 0.987531
68.778680 27.606465 0.994779
44.667331 20.067316 0.993357
66.465948 20.841552 0.997594
36.865950 27.668696 0.989023
63.136258 17.839639 0.991104
42.922199 30.471199 0.993933
66.954955 27.890885 0.986519
45.090644 23.317756 0.992805
40.711582 25.089828 0.987571
36.649375 19.988743 0.993737
72.185881 24.936812 0.995289
42.955398 16.918928 0.987458
63.070848 22.176300 0.985048
68.759960 32.319467 0.996271
75.262195 30.288632 0.985727
42.304139 29.110577 0.988913
70.852651 27.796535 0.986229
61.008215 25.244062 0.998758
54.448657 31.762271 0.997648
66.957234 27.175882 0.995822
54.252452 32.060622 0.990756
36.978563 18.910206 0.992214
59.923690 30.937291 0.991232
38.424617 23.098590 0.998695
55.438158 20.835953 0.989468
63.090893 22.496589 0.993113
48.314305 30.946464 0.988517
70.077211 24.773524 0.997289
60.799275 30.885236 0.997996
62.677298 20.532603 0.991422
57.403779 22.177190 0.997389
54.163393 22.978984 0.995211
54.561920 15.030011 0.986936
48.575751 28.725718 0.995762
38.569047 24.187172 0.998396
42.197755 21.110773 0.989405
59.340256 29.607671 0.996887
64.505709 25.476615 0.988260
67.047360 27.165984 0.985656
65.491237 21.276353 0.997807
46.582901 30.997392 0.989611
41.701508 32.350617 0.985774
42.245980 18.848106 0.984526
61.848002 29.329342 0.991400
63.357951 26.331424 0.999075
68.083103 24.809621 0.995490
46.033965 23.562699 0.987893
52.873044 18.352542 0.999073
50.443088 31.291317 0.988473
53.359247 24.361398 0.992905
49.205528 22.983500 0.987486
54.119522 21.091562 0.989922
55.448328 23.316274 0.992754
36.063106 22.297081 0.996453
42.682885 28.574900 0.986521
58.263721 14.409247 0.994800
54.755449 27.289632 0.988551
64.154261 26.996652 0.997442
55.678458 19.229836 0.996865
46.214046 19.906843 0.992378
51.773478 26.667415 0.984122
54.268430 25.372139 0.993005
58.510798 18.703276 0.992159
69.282701 24.570025 0.992311
75.962609 32.163892 0.985861
50.846163 20.853238 0.999594
45.408844 20.162433 0.993787
45.965640 27.665927 0.994480
41.726736 21.275640 0.990432
65.691814 17.471950 0.991979
51.650939 21.450645 0.985430
48.313037 14.885684 0.989312
60.674935 19.893478 0.998386
57.157940 21.537869 0.999425
39.645724 27.468376 0.991925
65.634110 23.376723 0.994663
62.641247 19.891898 0.983612
58.856597 30.169797 0.991014
72.907380 26.066480 0.989256
40.793026 26.593802 0.996572
56.440189 23.118742 0.998145
75.968332 24.962765 0.993893
65.076973 24.928239 0.984076
44.787412 19.630172 0.996502
42.759135 20.696006 0.994325
60.443833 28.075417 0.986616
48.784015 19.039409 0.991632
52.543177 21.086756 0.985609
42.843308 24.316392 0.992154
48.161190 28.205932 0.984047
36.936816 26.059304 0.994601
51.184438 14.750209 0.988154
49.617950 13.985577 0.989939
44.332524 29.599262 0.989892
42.919737 23.125844 0.993867
45.066508 17.453793 0.994349
44.598085 23.423143 0.989084
57.568287 27.419760 0.999925
58.692055 16.809512 0.990519
66.085714 30.938628 0.992642
52.623768 17.717735 0.995350
68.740093 29.545637 0.988299
64.600906 23.188386 0.987245
38.593826 24.589547 0.988284
51.532521 22.922290 0.997329
55.994185 25.642936 0.999873
44.732055 23.631956 0.985579
71.824896 28.077528 0.986671
72.562336 23.807081 0.983691
52.792284 14.091381 0.984918
40.761454 16.802299 0.983533
71.253194 30.647316 0.986541
65.829564 18.419662 0.994362
43.106602 18.089779 0.990579
44.373501 31.193707 0.999775
56.773107 25.670159 0.994814
52.621979 23.583429 0.986773
51.683505 29.572785 0.998467
42.849113 30.438680 0.985740
45.492251 21.351185 0.985328
46.177256 29.494574 0.997790
74.345456 25.289570 0.998395
42.482653 20.544896 0.983656
64.259927 25.090509 0.991823
58.200681 16.620131 0.991280
57.367430 28.365962 0.987609
48.380073 23.597696 0.992734
64.796706 15.100870 0.986838
65.448819 22.650262 0.984274
55.848396 17.494624 0.994494
45.690054 26.686396 0.996677
62.511025 21.231643 0.996160
37.318172 24.422320 0.989570
46.568358 19.622443 0.985141
48.781181 28.503575 0.987113
70.444886 30.285794 0.996624
44.070559 31.970332 0.988808
61.941893 30.744677 0.992340
67.538105 26.195358 0.986453
65.950032 19.760505 0.991675
65.557619 19.268318 0.990288
62.108218 20.614600 0.985537
51.184940 25.644116 0.995802
45.616206 28.880213 0.991876
55.329014 16.870017 0.996154
59.980802 15.070063 0.988490
57.753752 24.106494 0.988538
45.468558 30.895369 0.994428
49.273995 30.972283 0.998452
37.294909 24.616905 0.986549
41.123752 23.459041 0.986283
43.465049 30.438657 0.999930
43.777661 28.191969 0.998447
61.326270 22.409790 0.999072
43.169607 25.462846 0.995264
38.345795 25.042860 0.989721
56.860097 25.196896 0.991161
54.081465 15.424562 0.994461
64.772517 15.503741 0.987053
55.574372 19.650745 0.986690
38.367745 16.418765 0.994339
58.102154 21.348883 0.993637
61.535556 29.233854 0.989165
65.808972 20.884039 0.984199
61.521866 29.355449 0.991246
63.999093 17.198327 0.997043
48.892584 23.656458 0.994478
57.707749 15.515711 0.986567
59.849257 23.764960 0.992111
42.305939 20.675670 0.985655
73.818826 31.858515 0.991419
52.474299 18.006462 0.986382
56.631824 24.415956 0.989700
51.683685 18.965455 0.999702
40.011111 18.477591 0.991002
54.669091 32.125220 0.994978
47.410642 26.983067 0.996188
46.138584 25.091295 0.983478
58.124436 28.198772 0.993248
68.616651 29.077458 0.997994
52.683956 21.415552 0.993918
46.771096 23.167466 0.991240
53.081484 26.676280 0.991857
54.185930 30.684460 0.999168
67.883442 31.136455 0.986389
68.358319 25.274509 0.997737
54.838999 28.329603 0.984882
47.531526 27.068469 0.997114
44.048901 18.961401 0.989364
72.370214 27.393478 0.988815
56.025938 16.206218 0.986733
65.884922 19.413086 0.991760
59.039297 16.725494 0.999769
70.205608 30.904463 0.998459
52.916492 19.768256 0.992784
61.097429 15.145109 0.987150
49.931497 21.140670 0.984546
42.766304 21.674773 0.998311
68.853718 27.631184 0.988682
74.166066 28.843569 0.999769
59.400580 30.448233 0.995066
51.616779 22.703672 0.990909
53.166762 20.507533 0.983898
50.602324 25.267058 0.994799
66.828698 25.562000 0.994610
66.499341 18.230768 0.995802
71.496677 24.857961 0.987439
44.439606 25.165047 0.992272
64.271851 26.084306 0.996833
60.184955 14.110407 0.997054
50.431990 28.168288 0.993537
75.821837 27.452754 0.988895
51.437932 20.293255 0.989698
70.554881 30.373115 0.996485
36.335809 24.235049 0.991826
53.553783 30.266417 0.984317
68.174435 25.207195 0.990751
56.665241 24.794246 0.997331
41.309677 25.980201 0.985568
55.078103 29.244951 0.990586
44.883290 21.333060 0.996948
68.902279 25.937886 0.993880
64.088422 16.891578 0.983920
41.362991 24.016235 0.992763
58.175948 18.767414 0.991917
45.591696 22.486763 0.992627
51.742394 25.632641 0.990220
59.469878 30.484445 0.999123
50.414721 30.666735 0.995725
45.914684 30.845257 0.992832
56.997090 27.687936 0.997026
47.180172 16.745877 0.990157
38.557201 27.359518 0.998036
49.046430 21.117722 0.986342
54.280104 30.167931 0.983549
50.162450 21.952592 0.998276
41.408028 28.659287 0.988352
70.581259 24.477160 0.984236
49.198692 19.300795 0.990436
50.304292 32.211598 0.987141
58.956052 21.566178 0.997629
59.700623 31.465416 0.989143
40.829198 23.966243 0.999799
66.747833 20.783091 0.995668
75.579832 31.218805 0.992023
42.872341 19.181183 0.997781
57.621936 30.092502 0.996626
60.063870 18.021049 0.998842
75.588629 31.994060 0.990189
47.793527 16.420518 0.999651
41.859867 21.906273 0.985926
51.018397 18.821653 0.994431
37.710102 20.189233 0.988365
60.454969 31.008541 0.985991
68.259278 24.608340 0.994102
66.372581 19.976534 0.994048
67.601433 24.720858 0.998621
42.301061 27.236563 0.992688
66.916377 18.346193 0.988161
41.753030 22.698783 0.992117
69.825479 27.534148 0.990123
39.687560 27.511642 0.990238
47.576277 16.477444 0.999307
46.832422 22.125111 0.984088
44.204742 28.010796 0.984266
56.117329 30.241198 0.991045
58.617504 15.468590 0.984280
50.219844 16.632132 0.997827
42.937804 18.335399 0.989004
43.592615 22.405594 0.997905
72.251375 31.722048 0.990164
55.478760 15.406742 0.984104
70.933858 27.529320 0.998710
44.781232 24.705214 0.991282
65.530322 16.245397 0.987969
62.993197 28.385236 0.995614
45.762001 18.107664 0.991808
61.484428 25.283455 0.984317
43.832323 17.135252 0.992849
64.022337 22.770808 0.997112
44.827430 18.877304 0.995517
44.740527 24.788407 0.992971
62.942660 21.615677 0.996434
52.689211 23.843472 0.990758
63.696112 24.464634 0.984016
50.208226 14.174505 0.999422
75.437419 29.050629 0.987515
51.319881 25.804795 0.987295
52.638420 23.530355 0.987635
53.900157 27.523209 0.999640
71.352060 24.425935 0.999357
52.343135 18.562743 0.983478
48.666713 14.000778 0.996690
39.427588 26.132411 0.988267
42.983424 31.321164 0.984637
43.458273 24.104496 0.997132
63.382119 27.519042 0.997337
41.733519 28.285958 0.984745
57.068984 16.577023 0.997607
65.568689 26.620860 0.992225
65.575044 29.520183 0.990481
53.329634 31.371588 0.992661
66.104106 30.948003 0.994018
44.663913 22.458833 0.994091
64.767118 16.245993 0.990103
40.979622 28.087510 0.994436
51.961247 18.885339 0.996945
63.123302 15.460185 0.986238
43.366909 31.597953 0.991418
36.491112 24.013207 0.993584
42.424033 30.900879 0.999760
43.610037 22.619930 0.985229
50.229595 20.863876 0.995247
61.045283 25.020310 0.986474
68.387344 27.536624 0.996882
63.672694 18.246583 0.995052
54.489146 32.422583 0.995253
37.593050 23.887844 0.990933
61.314697 18.494366 0.985799
52.097440 26.657757 0.988666
58.967485 16.131039 0.990903
39.925288 24.315417 0.997231
56.126093 29.371479 0.994455
56.005556 22.825318 0.998120
51.422219 17.941156 0.988565
58.763231 30.260206 0.986008
37.991938 27.304924 0.993479
50.634992 14.033889 0.988647
62.319999 25.482742 0.989193
67.265527 26.924014 0.989970
66.711207 15.978148 0.989382
56.494146 29.187776 0.990678
60.110037 28.080062 0.991617
65.691280 23.366027 0.991246
47.454028 20.777250 0.994892
57.929433 28.923977 0.992076
67.596914 29.913928 0.989044
52.895357 19.229104 0.997434
68.366387 31.379864 0.993625
44.199759 22.130116 0.993615
39.200417 24.081493 0.999239
46.561607 17.214377 0.996256
72.833900 27.995469 0.991890
39.198749 24.131628 0.997391
66.527155 18.927795 0.984328
47.893367 20.628404 0.997487
61.428727 16.121408 0.983512
39.711300 23.336929 0.987837
56.597184 27.074446 0.995251
52.663239 28.563744 0.990496
55.479484 31.397179 0.990602
68.815766 26.347551 0.989919
67.596515 30.877791 0.999735
50.656089 22.162487 0.993296
50.163210 31.251220 0.999436
47.037860 21.828859 0.993993
60.686132 27.628598 0.983520
58.966822 28.633549 0.998180
43.103152 31.362377 0.995350
57.421563 20.103118 0.995891
44.740296 22.529682 0.996344
51.004583 25.681973 0.985705
72.419707 26.025808 0.992184
56.156861 18.568566 0.988833
65.903879 19.835532 0.995684
56.591229 29.422305 0.983502
54.274470 27.543179 0.988313
45.999649 31.997709 0.989187
64.320067 27.861116 0.993761
68.068631 30.466410 0.983398
64.269484 24.018146 0.991698
43.649250 18.358298 0.990430
42.496565 25.958553 0.996354
36.310787 24.421186 0.994641
58.827594 19.884079 0.990984
37.916042 28.634919 0.989009
50.056373 20.136451 0.986345
38.058695 25.263737 0.984486
66.716064 26.789560 0.993956
70.977541 27.331207 0.989280
58.241318 31.124582 0.983667
44.115200 18.415467 0.989534
46.473275 17.203733 0.993713
40.647939 21.080115 0.997425
36.537394 19.060081 0.989598
51.109614 16.038826 0.989364
52.498657 21.869467 0.986111
36.351860 22.446283 0.992964
63.850639 24.947835 0.994508
44.928586 28.846422 0.984712
48.300273 23.771186 0.996687
55.101305 31.900663 0.995270
45.804581 26.423326 0.991319
44.197582 27.658871 0.984655
49.732002 24.313218 0.983944
45.179970 26.893150 0.985320
56.752982 30.470366 0.996421
63.738741 23.202901 0.987961
38.389289 19.383651 0.984735
44.968616 29.990144 0.988835
52.546521 26.989759 0.987260
55.660711 21.513702 0.996311
43.087064 23.796983 0.988531
53.776167 22.607229 0.997724
63.668764 22.760048 0.995426
45.731447 25.744270 0.999452
49.517500 27.742819 0.988695
42.734827 26.618473 0.988745
53.654471 16.910222 0.990010
51.908524 15.423132 0.991986
36.845485 21.668718 0.987010
70.827973 23.555587 0.985047
48.223560 19.085157 0.985178
67.013820 24.302208 0.991877
44.067264 27.081617 0.989195
66.173730 16.855554 0.987287
54.778263 16.072666 0.989020
66.755271 18.395177 0.989414
66.618356 24.533837 0.987082
53.352591 17.650224 0.993969
35.995896 24.580900 0.986233
45.813376 16.595953 0.989875
37.324048 25.968600 0.995014
50.030496 31.486644 0.990729
66.707380 18.828722 0.990118
58.233633 30.601487 0.985461
43.922947 20.928291 0.985818
43.794769 17.107195 0.987572
51.511674 20.445691 0.984166
46.991430 17.603443 0.994548
64.101473 22.288830 0.991675
62.807157 22.430696 0.998019
71.241607 24.493632 0.996404
55.830120 15.126862 0.986974
62.214171 14.577485 0.987381
45.341284 27.196270 0.994414
57.146869 24.008999 0.988285
47.771366 25.309579 0.986092
65.389418 32.013793 0.994811
50.219436 28.987734 0.999860
41.800259 30.262720 0.996940
52.558149 32.523750 0.990465
54.842649 16.093858 0.993099
63.701927 23.067627 0.984503
51.881522 31.222744 0.987533
47.349655 28.763498 1.003776
63.737468 18.935393 1.004198
38.255628 27.735319 1.012364
61.665093 23.076133 1.004079
39.177593 28.579239 1.001345
62.786320 16.865383 1.010511
50.053265 27.858109 1.005717
61.633972 19.069741 1.011375
72.009588 23.083205 1.010594
36.188388 25.813546 1.003314
64.827688 18.210518 1.015832
56.048293 24.492480 1.014510
65.202066 14.940744 1.015576
52.274570 24.003026 1.008066
52.924952 16.490387 1.008491
43.097085 26.506340 1.002227
42.750053 23.058689 1.007738
36.401082 27.040791 1.014262
53.640470 19.059546 1.001098
64.594200 21.749013 1.003437
61.574975 31.440660 1.008094
73.960570 30.872465 1.000055
49.637673 21.960435 1.000725
55.069740 23.359335 1.014868
58.530117 25.381879 1.002577
69.326809 32.499263 1.016121
42.915144 25.283258 1.013070
66.572766 15.884253 1.005472
43.050946 20.451402 1.004178
74.323120 31.655569 1.000665
36.338457 20.463025 1.008020
41.786225 23.995935 1.009032
46.274009 30.108162 1.015135
52.899391 21.691179 1.007308
52.963164 24.016287 1.009447
60.823516 14.223579 1.011928
50.949849 21.452520 1.010779
43.775158 29.585881 1.013452
39.877340 18.422239 1.012699
43.877448 28.685240 1.007571
69.233775 31.172787 1.004810
60.281074 15.341560 1.000103
54.027852 16.388504 1.007876
58.984892 25.172452 1.007088
70.544915 26.361303 1.004818
61.540793 27.264377 1.009679
67.894539 28.479735 1.010042
63.415326 26.344744 1.014587
64.162188 15.640357 1.003176
53.133518 25.779943 1.012841
72.269434 31.358766 1.001646
71.056508 24.860389 1.004690
57.480004 21.707806 1.000421
59.709330 21.649470 1.001001
45.558383 21.957683 1.006712
45.930345 26.151930 1.002538
63.128134 23.270097 1.012468
59.825053 17.824539 1.003480
47.260469 19.602569 1.006366
41.933066 25.078462 1.000448
49.947606 16.009417 1.001611
55.433687 20.154632 1.003841
39.848742 24.319906 1.004665
64.161929 15.726598 1.006368
37.702079 17.169053 1.016471
40.992764 26.965608 1.003122
57.311091 16.065762 1.003707
55.587917 20.136276 1.002749
44.353666 31.824314 1.012010
62.258323 22.683521 1.014099
59.348044 21.177030 1.014328
41.691058 20.755199 1.012032
62.273952 24.788523 1.009273
60.631334 24.335921 1.008539
61.992412 21.226921 1.000597
50.471210 27.232358 1.008982
41.744660 32.188229 1.001459
47.359914 21.567722 1.002602
63.843879 32.266218 1.006070
64.314324 29.952827 1.008397
62.389268 27.075619 1.002763
72.689674 27.729778 1.015984
47.306273 25.000832 1.016330
60.661785 13.936562 1.013211
58.870571 22.816565 1.011745
71.098266 23.531043 1.011627
47.925983 14.275898 1.012133
45.672700 29.281441 1.002494
56.840327 18.592852 1.010921
53.706142 16.799117 1.010813
58.072736 19.710504 1.004238
69.609843 23.523709 1.013929
53.707012 22.148574 1.016092
52.591567 30.553833 1.000657
59.544666 16.790968 1.009449
45.788395 31.868248 1.015513
63.835474 26.176607 1.016304
52.021210 30.499468 1.011118
64.918447 28.971757 1.001931
50.626533 25.826255 1.001840
63.938404 28.803044 1.001683
74.656777 29.794723 1.016617
51.109702 27.018279 1.003978
43.779324 30.910478 1.012816
41.607605 25.787015 1.016236
65.733873 15.374711 1.002159
40.922727 17.088903 1.009058
52.733390 29.362615 1.000220
57.061919 19.223168 1.003659
66.929664 27.375825 1.015727
46.646771 25.039026 1.006386
68.548955 25.573174 1.001265
71.352348 27.256878 1.014887
54.804880 14.229696 1.001059
43.142260 25.617697 1.005191
63.603333 15.578630 1.007258
49.848964 32.367373 1.012593
59.754796 22.582716 1.003098
47.334738 29.483549 1.009915
64.796788 21.490575 1.005261
58.289806 27.090832 1.005090
49.223092 23.429730 1.006442
36.871653 19.140163 1.003309
61.312831 17.758036 1.012062
62.612594 23.933992 1.013455
46.414735 19.039517 1.002209
56.918189 30.645088 1.009958
42.242261 25.049021 1.008590
50.518679 26.837442 1.004678
60.354927 19.301600 1.003658
75.259467 25.328814 1.016434
68.393030 31.345159 1.010786
61.771740 21.536778 1.009393
41.538062 18.216513 1.005795
48.086626 24.604631 1.004057
66.945468 21.824040 1.016520
62.073028 31.108066 1.014011
40.439027 21.859368 1.006318
61.255201 18.741891 1.001110
47.404401 25.604320 1.009737
36.860141 27.178698 1.007968
51.675274 24.351666 1.012536
56.639473 31.809903 1.008281
41.520809 28.978903 1.006101
55.790443 31.627764 1.008788
54.013075 15.667754 1.011983
54.103009 25.270603 1.000116
69.984873 25.315473 1.015043
66.771655 23.753853 1.004337
68.715811 26.729719 1.008244
36.030653 25.971735 1.007723
47.505395 23.087032 1.015055
57.518152 22.370718 1.011549
64.378072 23.950407 1.011606
64.739599 23.956750 1.010675
50.606222 24.960227 1.003860
55.968766 25.429980 1.012177
51.591496 21.851094 1.015152
61.977355 14.573674 1.012761
44.100135 24.061478 1.009852
41.349760 20.206279 1.010838
57.558055 23.810102 1.001383
65.768367 18.120893 1.016628
71.161625 31.786988 1.000168
42.036666 19.110219 1.007082
67.958017 31.723830 1.007520
61.127217 18.895907 1.016541
71.758545 25.376559 1.001896
60.153612 14.234069 1.013628
45.612338 21.459027 1.011502
45.157083 22.408464 1.000325
41.919924 26.209205 1.000491
60.214597 21.346414 1.016453
48.786028 22.621936 1.016080
40.992311 30.629490 1.005043
67.115529 26.326487 1.013140
37.554312 22.336246 1.013872
63.347032 24.630958 1.006263
71.795727 27.409421 1.007777
61.368407 30.820394 1.011030
60.661395 31.914251 1.009394
44.125327 22.045142 1.007184
46.368032 18.867961 1.003617
55.402005 25.518618 1.000142
40.972430 28.190903 1.005712
61.063063 15.161158 1.002385
51.327346 27.033681 1.012108
49.136449 22.177094 1.006150
44.320035 24.849042 1.006465
63.399113 16.485342 1.008272
63.279546 24.572002 1.010507
43.110074 24.310805 1.010448
44.761246 28.134538 1.013800
47.453189 16.389159 1.007896
37.164801 21.481068 1.001775
40.157812 23.878357 1.003531
66.619189 18.674363 1.003220
53.446849 18.268649 1.002058
67.268858 29.794120 1.015421
75.499744 29.246678 1.012395
42.275223 28.576642 1.011010
54.092154 25.975752 1.000768
48.255452 18.569939 1.012413
46.015464 20.770078 1.000810
53.232590 23.817485 1.007410
53.025418 22.020031 1.015725
37.617208 28.445548 1.015356
53.115503 26.089545 1.015708
62.856261 28.575922 1.006507
64.816366 20.555579 1.016073
40.699806 27.609164 1.000292
68.143771 24.997079 1.016435
44.971797 26.381081 1.011165
37.137292 20.529894 1.000972
64.321356 28.356432 1.008515
49.456635 14.166066 1.002763
75.947044 27.022630 1.015131
65.213822 31.214950 1.005893
52.372092 22.419863 1.001576
64.166814 17.465561 1.009162
44.152027 17.888574 1.002943
56.795792 19.940509 1.005085
62.910806 27.027990 1.005879
58.062701 17.059312 1.008576
39.430652 17.571940 1.014506
48.352113 25.170636 1.000315
70.495168 28.206387 1.008033
66.836226 30.376742 1.008055
44.310330 28.795583 1.002857
43.592595 22.386395 1.002519
65.056331 27.926957 1.015161
48.331065 16.516491 1.015362
61.459620 22.831833 1.013706
45.487843 30.876703 1.016567
71.789070 24.506357 1.010803
38.178231 19.947394 1.012125
66.027497 15.121976 1.005297
64.911699 18.284250 1.004324
59.669826 28.489705 1.008677
51.375368 25.730500 1.008730
55.955439 25.378670 1.014675
48.151842 14.355343 1.004624
63.382914 19.068722 1.007048
42.957311 25.438094 1.009596
49.646405 20.892196 1.007475
55.059335 23.581200 1.007229
63.682066 27.455261 1.012014
59.799970 24.452102 1.016200
65.603595 22.367788 1.009308
55.566971 17.185696 1.005149
50.790334 18.997414 1.006199
58.480553 15.976823 1.001186
47.326858 20.101630 1.013839
65.441349 18.840907 1.005752
51.785727 21.666462 1.015984
47.270940 28.886015 1.007637
54.110582 24.216276 1.011817
73.675575 27.930103 1.007550
67.849812 28.800285 1.011785
39.551094 23.352293 1.015621
59.798850 16.422289 1.009551
38.584282 28.408324 1.010307
57.622940 19.853965 1.001996
74.783715 27.909826 1.006624
66.935214 26.222543 1.004619
70.240602 28.469171 1.007333
58.884415 25.672115 1.011682
65.431296 22.024508 1.009007
62.108694 31.903027 1.012163
51.096472 19.352028 1.008904
44.263622 17.572986 1.014319
64.936864 29.470015 1.015548
54.633072 20.208782 1.011059
60.447241 31.449028 1.008921
46.798657 27.474153 1.009092
56.059278 24.179485 1.009103
66.229275 26.457140 1.001413
48.299902 29.859835 1.008466
61.142464 17.076120 1.004053
46.454920 19.689094 1.003300
46.205322 17.181862 1.004234
64.938809 18.903412 1.008802
72.004145 24.581712 1.014951
64.801102 26.612497 1.014417
66.728830 21.494670 1.002642
61.774186 26.775515 1.007491
63.810346 25.535805 1.003382
63.188925 27.538645 1.010347
57.874971 25.522316 1.002952
61.584222 18.742188 1.000364
38.229027 21.254354 1.011484
39.131485 19.036801 1.016602
51.899807 23.214980 1.008884
38.899951 28.038119 1.007233
62.596702 22.993239 1.011027
57.134250 21.140312 1.008615
65.445284 28.608596 1.009189
52.417329 26.381940 1.013256
43.084511 21.423620 1.009979
38.383038 28.573864 1.015648
46.896632 18.766615 1.002702
43.838542 23.273955 1.000365
46.688454 22.120672 1.003346
52.778171 31.180867 1.004351
64.681066 15.043847 1.014010
65.376794 27.233184 1.015089
54.315474 24.263937 1.012664
57.855289 28.426353 1.006331
72.385454 26.499928 1.013690
38.816498 27.956008 1.003286
58.112002 27.670770 1.015444
61.438621 16.334801 1.007838
61.156262 15.164855 1.002716
48.348737 23.203002 1.000023
63.593454 25.366806 1.005877
36.905242 25.217523 1.016254
72.070668 23.062545 1.013536
40.198998 26.591661 1.011519
56.144615 29.948990 1.001853
71.824749 26.627337 1.010405
51.677539 29.368108 1.003328
66.029084 20.290728 1.014886
60.572497 22.586187 1.009377
55.826723 16.772761 1.007160
55.461055 23.707878 1.013968
75.560715 26.946384 1.000741
59.672825 16.373726 1.010935
47.415116 30.496852 1.005568
39.590986 17.877705 1.005578
48.033472 25.273592 1.008985
57.920460 21.893415 1.010479
63.050589 21.079453 1.005414
38.082464 26.031429 1.001441
73.334060 31.962584 1.012666
40.045679 24.806346 1.004785
47.982465 31.815354 1.013180
58.740847 14.367456 1.005383
40.214200 25.834131 1.004327
50.475185 30.004275 1.001211
51.883265 26.749094 1.001039
71.742757 30.959720 1.000116
64.357986 31.326810 1.012231
50.083454 30.083363 1.001499
56.845294 19.978857 1.014379
65.887140 19.992641 1.001966
46.811648 20.581224 1.001101
53.628304 14.044461 1.009835
43.877990 23.347600 1.013166
62.452965 25.198474 1.008676
48.771923 18.044487 1.004400
61.253685 15.814979 1.003407
52.538169 23.292102 1.014864
65.776976 20.629104 1.004768
36.967530 21.525254 1.010434
54.580304 31.568312 1.003854
65.573218 21.065500 1.009952
54.884446 31.773472 1.005658
60.900634 21.742138 1.013352
75.894053 25.958154 1.014063
53.895067 20.257823 1.014763
39.386850 17.648809 1.011686
37.707176 28.276479 1.008601
36.037447 23.994769 1.005172
51.185912 27.594726 1.015601
58.712122 19.850759 1.016085
52.334679 16.017488 1.000833
36.263464 26.401388 1.009791
60.880836 16.640829 1.006759
49.438551 19.864876 1.011959
54.871191 20.901719 1.009109
75.311440 26.108048 1.007354
41.335929 23.798455 1.000626
58.302490 23.381226 1.012878
50.434040 15.539663 1.005163
75.780279 31.708372 1.007634
75.686765 27.247607 1.012710
59.433798 27.316097 1.008633
51.843972 30.793004 1.012119
52.483734 18.316005 1.002207
39.462098 28.461505 1.008652
51.682089 28.197388 1.004642
47.737531 15.707654 1.003388
61.230463 24.739846 1.010843
54.643647 16.611178 1.013834
44.737077 31.390814 1.009633
48.652190 27.564372 1.007666
66.008054 26.987186 1.002038
66.095010 15.686162 1.005333
51.724338 26.689492 1.004798
59.599777 15.469599 1.012757
43.568840 23.775661 1.015130
47.372884 17.284575 1.013696
44.247089 17.974664 1.015154
75.964189 32.500716 1.010826
47.217339 21.412646 1.001293
67.453246 26.735305 1.004555
62.477660 25.930688 1.012005
54.805918 18.390211 1.015886
57.145593 17.326905 1.013877
52.690076 22.030020 1.008909
69.529760 29.738474 1.000201
60.195733 18.792294 1.014201
49.104681 23.910608 1.003284
68.904336 28.493154 1.009039
49.110345 15.177694 1.004470
50.415471 24.589247 1.004260
71.990735 30.953773 1.001222
51.167340 22.148437 1.012243
37.347459 22.885412 1.004898
52.930941 16.538222 1.008709
53.335382 16.336974 1.008455
54.825525 31.840527 1.004969
54.498706 27.837573 1.003656
64.852581 18.433266 1.013928
58.571661 30.048806 1.008269
53.534637 24.119550 1.014853
36.274164 20.369473 1.005222
41.461270 21.685151 1.014651
71.658660 31.168962 1.011531
43.090470 23.142001 1.002437
50.148030 31.081625 1.002837
53.065682 23.831696 1.004586
61.243857 25.369143 1.009767
52.440003 16.898977 1.011536
69.316562 28.492569 1.013102
56.179903 23.677526 1.007597
56.248153 19.602661 1.007101
66.380649 20.243642 1.012588
53.510002 19.820714 1.000760
49.078746 21.405067 1.000923
54.236824 15.053492 1.000728
57.862877 26.233556 1.010409
41.677845 22.572649 1.008134
69.443549 29.663524 1.008902
60.885782 21.362192 1.012042
61.793423 18.053762 1.016174
41.270813 25.238681 1.006784
73.151338 24.080805 1.009376
39.440722 25.968322 1.016266
55.043292 23.921466 1.013240
39.830732 28.268297 1.004182
60.801547 27.881504 1.013839
51.253230 18.580963 1.010640
63.785453 14.737718 1.012324
62.056822 27.786814 1.007883
55.375818 24.698621 1.012135
63.954093 25.862914 1.003295
40.348399 27.197901 1.002873
50.410514 23.112737 1.002433
56.022892 28.644354 1.006575
65.562930 28.897174 1.006562
66.090162 25.762501 1.001354
56.536108 29.002893 1.004110
59.799733 21.530374 1.000937
55.304920 23.553498 1.016296
52.949940 31.426897 1.005944
65.509039 14.726296 1.007651
40.900350 17.795942 1.011188
64.724906 17.074073 1.005148
65.229116 28.221073 1.009950
38.185650 17.533445 1.008992
52.999338 20.778639 1.014735
47.278082 20.113914 1.013756
57.294922 19.725580 1.009649
51.937091 30.877073 1.011823
48.664379 21.231758 1.006313
53.408929 27.669553 1.006902
64.457530 22.912556 1.009199
43.391533 31.039425 1.014211
52.434901 18.409986 1.005050
71.843031 24.937546 1.010689
46.040840 24.986162 1.007893
40.075846 23.703027 1.004917
38.050127 25.063267 1.016015
41.362084 20.259585 1.010161
49.705079 18.531621 1.005095
52.290232 17.354259 1.016527
49.850332 17.528721 1.005161
56.760258 20.225338 1.010860
66.156534 31.293395 1.002517
66.623164 27.047468 1.009945
60.745269 27.970029 1.015157
55.333054 17.996593 1.002889
41.220415 22.684257 1.010354
41.604136 31.226872 1.011300
50.712658 17.280733 1.015448
40.058168 18.152564 1.010573
52.657218 27.822427 1.015127
44.449433 20.609923 1.005516
43.194890 24.421370 1.012805
47.283173 23.495179 1.000387
39.276786 21.317761 1.001611
63.392155 23.622225 1.014394
72.665075 31.451523 1.003873
69.047801 26.395319 1.002631
56.755576 15.453142 1.014153
40.292455 28.300366 1.008882
52.911050 17.041203 1.000343
63.379117 32.186324 1.009996
53.696025 32.422350 1.009880
57.136525 17.253604 1.013386
49.948234 22.128140 1.008191
44.295646 18.290844 1.013854
73.431856 23.870746 1.008235
68.468933 27.951629 1.016614
47.616912 19.972102 1.000481
37.217602 23.451408 1.001925
44.275604 22.443412 1.010688
44.366847 20.147317 1.006596
63.514538 16.390953 1.002167
43.421305 31.894714 1.012485
38.033895 17.212753 1.003720
67.520048 26.391259 1.014664
41.843492 20.927123 1.014899
47.630309 19.875070 1.006368
48.517764 17.658303 1.012336
57.896821 26.573632 1.006333
57.860808 32.177770 1.012345
65.384020 19.040720 1.006659
46.702448 26.912634 1.007813
54.528053 20.807960 1.014324
38.463959 28.248619 1.007743
42.282987 25.992755 1.010889
43.569938 24.864556 1.001700
71.705696 25.690301 1.009282
61.194080 28.707597 1.001020
65.059493 15.360361 1.015809
61.502345 25.978432 1.010338
44.010763 22.492320 1.010519
45.323850 19.474886 1.002864
72.769977 27.816228 1.012162
47.953057 24.656666 1.015304
60.431123 25.283115 1.003402
64.457272 25.473514 1.001450
56.603979 22.428027 1.012047
65.231132 24.041507 1.005556
45.286534 21.852030 1.007817
46.039426 19.814935 1.015713
47.733893 23.660299 1.016457
44.295255 19.846533 1.006510
69.908419 23.260868 1.002110
44.080865 30.943939 1.004453
53.172099 20.842688 1.008249
37.484927 17.882535 1.014520
52.234534 22.343725 1.013805
62.199243 16.864250 1.006973
54.571862 31.499246 1.004239
64.773302 15.422820 1.003779
44.873327 21.758678 1.001025
53.522701 25.000327 1.016338
53.371819 25.988658 1.004830
44.801696 30.524025 1.002632
53.758444 26.349762 1.004517
42.729477 30.295874 1.010508
37.888004 17.577333 1.006452
41.107916 24.072242 1.001123
58.544082 26.272443 1.014248
72.959507 27.976458 1.008641
44.727159 30.254561 1.008600
41.616475 20.797508 1.013889
40.112807 18.245435 1.009102
65.290877 21.718671 1.005533
52.200865 30.508608 1.000312
49.210650 23.191531 1.010563
54.733018 14.275677 1.016152
45.423071 24.469426 1.002757
57.497956 30.984405 1.002974
63.698148 32.383419 1.004265
65.720854 30.644348 1.005988
58.533928 20.145942 1.010841
67.442430 24.467928 1.004908
47.235287 16.532046 1.011591
43.298983 31.404631 1.007191
62.620090 22.362358 1.000693
57.408371 18.572101 1.007928
38.598890 24.944869 1.013414
58.598275 21.588563 1.010515
75.464867 26.280564 1.012864
58.921190 17.550091 1.002111
69.399578 30.695143 1.016226
49.015487 31.628875 1.012448
61.838346 27.769354 1.011235
66.436150 20.138895 1.006229
62.058206 17.878639 1.000537
41.292904 23.638260 1.002294
48.367550 14.858823 1.006626
53.534704 21.954319 1.003029
52.068951 27.143161 1.002094
41.894561 20.147492 1.012038
44.849353 22.440891 1.000658
55.239190 22.515458 1.006192
56.499961 16.674163 1.008673
55.760570 16.514448 1.001276
59.183744 18.523181 1.013140
48.752212 15.703437 1.013580
61.285278 16.094428 1.009612
66.716638 30.875394 1.001767
62.192697 17.710136 1.000494
36.131004 18.514622 1.004327
43.955203 24.176869 1.001715
69.856600 24.738306 1.005155
42.110458 19.810638 1.001455
60.541355 19.080725 1.007484
62.166434 24.632376 1.001777
55.216464 23.688889 1.006377
69.599829 24.601498 1.011301
53.025694 16.105808 1.008892
40.109979 17.479197 1.013854
38.094590 19.221450 1.013459
36.495702 19.077002 1.015452
43.522481 16.147827 1.009980
68.725661 29.929943 1.009149
66.491991 26.367211 1.006541
37.297029 18.775866 1.013337
50.980791 24.456266 1.002651
48.187807 27.928742 1.006385
59.880390 26.780940 1.004797
43.255061 31.944852 1.014779
67.458668 27.631774 1.006564
58.057856 14.378543 1.003736
64.173239 32.542317 1.016174
69.730568 26.833119 1.008266
50.665650 14.412323 1.004232
65.491348 21.659868 1.015846
38.057744 24.981763 1.005997
51.757489 19.998118 1.013598
42.246976 20.797406 1.000750
38.370880 19.568783 1.002741
47.341382 19.050660 1.010500
59.488319 24.000349 1.016188
63.772877 28.875889 1.010446
59.963014 27.927789 1.009878
41.743001 30.894314 1.008600
48.587890 32.399175 1.009884
50.222268 14.193567 1.000628
56.610773 15.256641 1.010321
54.577092 32.200255 1.004700
52.921958 14.845681 1.015042
62.289781 25.417340 1.009110
53.516424 26.967391 1.013997
51.383301 19.356631 1.011735
60.043172 32.292914 1.001913
61.844814 31.233215 1.004356
54.364039 15.597692 1.003328
66.100265 24.331951 1.005935
41.043717 30.635388 1.006143
39.544888 21.532834 1.007120
53.698687 14.133165 1.007937
64.291685 20.714354 1.004505
52.176152 16.588987 1.015625
64.936615 14.542792 1.005900
58.313775 14.523057 1.002167
58.243430 23.106862 1.005091
53.338556 21.037641 1.012677
74.654741 30.674584 1.001502
41.278192 29.928819 1.009475
63.328313 24.227841 1.004593
55.136850 15.886714 1.001702
70.253114 23.738501 1.014762
38.009433 24.516600 1.011887
63.065523 31.316267 1.011715
39.663118 21.938874 1.012301
60.626496 20.177034 1.010876
59.711984 25.239210 1.003350
66.673127 18.367569 1.008260
47.379423 15.677541 1.000570
70.718712 25.470224 1.015128
37.587533 18.699393 1.004722
54.853097 17.635924 1.006278
44.332873 29.667735 1.014541
47.085343 17.114927 1.014784
55.527017 16.426722 1.010794
74.391770 30.555806 1.000135
47.932076 28.818352 1.009910
46.924821 16.557164 1.012867
72.956336 28.279054 1.002616
53.051999 30.519583 1.015192
57.210363 17.080304 1.006791
65.135289 26.377283 1.008742
60.797476 30.275332 1.005648
42.598487 30.224882 1.013592
43.896226 19.402492 1.009812
64.178976 31.038393 1.011363
73.566199 32.340615 1.000115
52.200639 30.596239 1.013794
72.088934 31.191390 1.007880
44.171495 29.957512 1.011237
48.866802 19.001790 1.011151
69.099835 30.754795 1.000278
53.937314 22.433024 1.002781
44.636580 22.055838 1.001679
37.993113 20.125018 1.001963
52.741959 26.408838 1.015987
60.041996 21.779700 1.005284
56.352589 25.990165 1.005611
46.406347 16.013868 1.014810
74.234944 28.401239 1.016457
53.642743 20.307323 1.010154
70.689833 28.934247 1.012751
38.473758 24.983233 1.015124
48.026463 13.974470 1.015779
45.975125 22.021832 1.012085
60.313801 17.433150 1.014307
44.386494 22.826132 1.005374
72.812941 23.100758 1.001693
46.927431 15.604693 1.011195
73.907299 32.074324 1.004346
69.018149 25.990226 1.007943
55.255780 23.654251 1.006207
52.354352 22.227447 1.013766
69.477822 23.424755 1.011677
58.963318 24.210086 1.001879
53.175001 25.109299 1.003983
53.026153 22.809451 1.011575
45.348738 21.208645 1.009509
55.091149 23.211418 1.010401
59.155883 15.383271 1.002501
47.266888 16.945537 1.007347
59.015458 24.388252 1.007272
56.083060 19.419693 1.013454
53.251029 21.275375 1.009058
55.352372 20.705870 1.007116
44.908399 23.205639 1.006187
41.028798 30.406208 1.000733
44.359184 20.172628 1.005925
55.465804 16.171156 1.014325
56.963616 22.580935 1.000873
39.337274 28.527977 1.008534
67.502734 24.457967 1.003843
39.801690 24.572732 1.004135
58.197512 18.333279 1.012885
50.613991 30.043831 1.001500
62.243664 13.983404 1.006601
56.991328 15.611166 1.008439
65.237975 31.334329 1.011917
47.290003 17.127390 1.001448
49.289413 21.149866 1.003467
54.059435 16.904149 1.001099
73.470128 23.901334 1.009955
65.829046 18.287497 1.006459
54.608196 24.703337 1.000185
39.674831 24.069557 1.011805
51.699369 27.641995 1.000467
44.675514 29.579752 1.006168
50.901568 18.891764 1.002217
55.436490 19.858487 1.011903
52.635283 16.041803 1.012537
60.392234 19.022607 1.007718
38.215023 18.754399 1.005119
46.519881 25.057875 1.003328
65.358604 16.979491 1.016180
62.431585 24.114994 1.014648
56.468112 14.743760 1.006099
59.342952 27.210252 1.007335
57.853301 17.801984 1.012482
47.258313 24.616774 1.013332
36.247445 28.538790 1.014790
63.994715 29.148024 1.013419
61.344005 24.057093 1.007399
70.740121 28.738704 1.004278
53.220982 22.632003 1.006141
48.938401 19.033975 1.003586
58.511914 17.262974 1.016320
61.283918 18.137401 1.011659
54.055373 23.713203 1.007267
39.836789 18.392790 1.010898
56.935868 13.903466 1.002151
57.863290 21.870488 1.010109
53.137034 30.815482 1.006980
53.418838 20.334751 1.014771
43.878344 30.987589 1.012991
41.067888 23.610849 1.002976
64.232717 20.451975 1.015298
49.833118 32.217384 1.013653
55.895498 23.593106 1.013552
39.870975 23.310266 1.010154
44.671375 18.308655 1.008344
42.088917 28.694779 1.007412
52.155398 21.593104 1.000153
68.750193 25.625973 1.005954
45.633971 32.410077 1.001410
44.075060 27.753071 1.001601
39.884036 22.920062 1.014036
66.580610 19.857026 1.008858
61.698259 18.460676 1.001099
53.822188 23.646182 1.007973
50.116198 21.206945 1.010601
70.364577 23.356429 1.011115
37.074751 21.417523 1.015917
64.055789 28.428214 1.009457
58.544904 20.233410 1.004049
69.022010 25.496183 1.015382
48.318503 32.098697 1.007442
65.824778 23.498626 1.001123
60.622977 23.682523 1.006787
56.895416 22.275666 1.008619
53.074741 14.455338 1.002235
59.575839 31.622643 1.014899
48.329471 14.031335 1.016652
50.844527 30.715343 1.002833
45.542822 21.366004 1.001156
60.608002 29.051854 1.011213
55.876477 19.920357 1.005852
46.465496 27.310673 1.005232
72.013960 28.533794 1.011952
43.398433 28.278124 1.003163
41.497445 27.682342 1.008156
40.348360 21.348617 1.009529
43.150238 29.116374 1.005315
53.800698 15.494509 1.004766
66.561162 15.652232 1.011520
47.322624 32.406611 1.012978
52.800578 31.034964 1.005635
52.855226 16.537594 1.006290
66.820667 25.552565 1.012557
49.628782 27.958361 1.016411
48.179786 23.709251 1.008035
54.291356 32.418604 1.006053
53.411395 27.136446 1.011166
72.681342 31.191934 1.006248
37.466278 25.507743 1.001405
41.288078 19.526901 1.007403
45.328500 30.940516 1.000337
47.039131 19.607020 1.005649
58.044687 26.431615 1.011630
50.429819 25.210632 1.013101
49.806044 31.922959 1.008646
57.663854 14.241068 1.002573
59.759723 27.042810 1.009581
74.677252 29.044822 1.005803
43.331228 22.283114 1.001332
48.310075 21.181537 1.002760
43.773274 30.438092 1.001967
46.438732 18.189642 1.008942
55.324434 21.597572 1.000190
60.590837 31.426889 1.016055
51.743802 30.248636 1.007829
65.196638 15.245325 1.012727
60.903618 29.893195 1.007688
43.909483 31.216304 1.001920
60.360207 29.601308 1.008479
53.839054 20.285283 1.000619
58.000198 22.039064 1.009153
39.942972 22.254372 1.006626
59.666242 14.962532 1.015339
58.676875 13.777850 1.014561
44.033360 20.269649 1.009759
62.513067 23.693440 1.000296
59.406584 23.848429 1.006091
44.437995 23.202494 1.015558
45.465867 16.052453 1.013844
43.071626 25.323715 1.010998
46.756914 18.557080 1.009566
43.491023 31.879894 1.006988
56.736016 25.799814 1.003584
53.119116 17.504068 1.004996
73.182405 29.379027 1.013602
37.384725 16.955603 1.010515
54.877385 26.410345 1.008963
59.294787 27.884248 1.006083
47.131622 31.131307 1.005522
60.712680 29.431018 1.014332
46.678023 16.186023 1.012246
43.172451 32.123654 1.009551
38.529519 20.392171 1.006529
44.037488 17.061442 1.001340
57.328608 26.115526 1.009100
53.369193 24.298087 1.003596
36.750694 20.515132 1.005622
45.963617 27.770074 1.013024
69.321195 24.449859 1.013148
41.227530 31.571162 1.003028
58.767091 20.335914 1.005723
65.137478 32.330100 1.015435
70.954275 27.538272 1.010437
52.988524 20.184190 1.003083
50.466303 25.648780 1.007040
52.381765 30.405609 1.014089
60.275509 14.349816 1.007104
70.102146 24.365743 1.000245
61.577990 31.882923 1.002061
60.589417 26.327112 1.010747
71.949081 27.555319 1.005056
73.600480 29.228620 1.008388
41.256836 17.482675 1.004859
64.830986 28.459843 1.016088
61.125505 29.041733 1.007180
41.072785 20.568049 1.009548
56.528096 18.189875 1.014763
47.622190 19.196131 1.000405
65.060417 20.629718 1.007993
71.409388 26.710828 1.002821
56.860267 24.868692 1.007595
63.703399 25.228887 1.006872
56.913103 30.277658 1.003782
49.536806 16.539341 1.014656
64.054102 26.995448 1.010598
48.899764 16.321818 1.002322
53.821344 24.004309 1.003574
55.560396 20.615612 1.010517
46.063349 16.084177 1.007099
56.416581 17.258691 1.011695
60.245935 22.661464 1.002778
46.440144 29.560810 1.012715
62.968509 31.518875 1.015391
40.658351 24.020980 1.002681
47.122313 19.896945 1.005466
46.524785 20.077391 1.001241
41.125890 22.975749 1.008635
71.581518 24.805420 1.012475
54.798260 14.328944 1.013197
49.187762 22.983363 1.010362
48.768440 23.128682 1.002760
43.800117 22.265312 1.003144
62.290300 25.455651 1.009650
43.791566 17.749874 1.016093
59.341384 13.873460 1.012329
42.352654 29.438544 1.005161
57.223068 16.155991 1.002574
53.715381 28.398761 1.014990
65.438082 29.441719 1.011274
45.634583 18.361530 1.006338
44.974820 31.454691 1.004437
66.314900 23.346506 1.013740
57.301864 13.863976 1.007853
46.699039 25.069257 1.013860
51.185547 18.391070 1.016280
44.532178 30.943613 1.006841
43.921887 31.137980 1.007006
42.565247 20.579044 1.005506
53.538621 15.264589 1.006015
44.618244 17.759044 1.013471
40.118878 22.121614 1.006471
61.298052 16.020667 1.009203
36.049472 19.681639 1.001484
50.178398 18.760286 1.015661
69.370208 31.494456 1.009937
44.619473 30.893163 1.008788
67.815446 25.888477 1.002369
50.948869 14.152816 1.015178
37.441338 27.225290 1.007114
41.804038 23.911574 1.005304
60.652488 29.123408 1.010471
57.744137 14.064695 1.011985
49.113693 21.884200 1.004966
57.066797 31.300242 1.004241
60.302402 32.116373 1.008139
71.272128 31.757060 1.009285
55.054507 24.666074 1.004321
68.413455 26.128847 1.001945
53.218948 15.883669 1.016065
75.780639 24.658117 1.005532
57.201813 17.358820 1.012046
45.678651 21.068049 1.008264
54.971100 31.329338 1.003829
52.158018 31.647907 1.006092
46.119035 16.272120 1.002099
54.946669 15.043262 1.008001
52.904934 18.947677 1.008131
61.262320 25.800546 1.009076
43.688045 30.930306 1.000814
56.446434 18.292417 1.012187
39.823046 26.109100 1.012290
49.617688 32.320793 1.007424
51.815152 25.802166 1.002041
41.602306 27.677037 1.014364
53.463752 18.989583 1.002890
64.223377 27.765971 1.007945
67.587500 29.320830 1.012993
58.468188 13.843289 1.014762
45.725678 23.845196 1.006194
56.149165 27.820212 1.010837
48.499015 20.377275 1.002197
58.669418 16.672981 1.005370
62.354610 20.070180 1.012191
39.677767 26.331525 1.012493
61.956430 24.955358 1.001287
52.816709 29.124565 1.012260
71.721598 32.443758 1.002700
59.196916 27.542202 1.015360
59.630292 30.982537 1.002821
62.519261 27.458172 1.003840
52.096948 17.539101 1.004961
47.879260 28.913436 1.009784
75.854166 25.548620 1.005326
46.178006 30.635404 1.008678
56.618417 27.527444 1.004102
47.165408 21.027299 1.016430
70.472732 23.187517 1.009421
53.301870 22.619895 1.009463
55.582413 20.697180 1.012219
64.959281 22.493156 1.008757
44.776412 26.541997 1.002505
72.702405 29.552380 1.006572
61.229797 18.357751 1.011434
58.478933 31.886228 1.001029
59.008677 17.594698 1.004473
61.215929 17.953131 1.008828
68.865435 27.701610 1.013195
57.293381 17.123587 1.006847
39.368038 21.946644 1.008328
39.110767 25.793934 1.010567
61.376747 27.893016 1.004115
53.697548 17.931807 1.004482
57.769546 23.701635 1.000970
67.993310 31.160059 1.009995
44.886160 20.646801 1.009437
64.821943 19.074827 1.016114
36.216051 20.970666 1.016616
36.754993 22.330830 1.011137
38.462846 28.181248 1.010038
58.210928 29.845357 1.005186
63.088225 22.029528 1.000685
39.560963 28.256870 1.000092
53.644523 14.795587 1.003515
55.965881 17.259142 1.003833
63.760688 15.392769 1.008778
56.904335 23.095661 1.016136
39.618206 26.220613 1.013778
63.497395 26.128423 1.015065
51.020411 25.135281 1.010921
52.554762 29.623997 1.002697
45.958291 17.766844 1.000093
64.243496 24.766282 1.014895
52.150372 20.373777 1.003547
57.038076 28.973507 1.013456
61.093195 22.689081 1.015427
53.555674 30.390238 1.007992
63.688918 32.520214 1.000684
61.160919 24.506407 1.012389
66.330490 25.529328 1.008388
50.884244 17.011620 1.004938
51.658375 18.879007 1.000181
46.455775 23.413692 1.006739
67.626273 28.136724 1.004071
75.197639 28.717739 1.002564
39.168564 20.702624 1.009178
42.066519 21.003538 1.016421
53.330467 20.296196 1.004309
60.704286 16.088552 1.009877
37.022995 26.387086 1.005630
51.900936 16.177937 1.016365
43.730615 22.280682 1.004193
41.750511 18.378860 1.003826
46.075977 21.278553 1.003357
66.661984 20.279942 1.005396
38.976802 19.505754 1.005002
42.465983 31.058962 1.000500
50.171493 29.958073 1.009070
45.587804 28.442401 1.002634
42.059672 20.405041 1.007452
54.542381 17.970134 1.009931
45.607890 28.366302 1.010417
41.273937 31.309389 1.005776
58.810976 31.955827 1.004358
51.376027 19.779931 1.011541
43.884702 27.398832 1.001281
38.996911 17.886093 1.001497
56.880318 27.765746 1.003466
52.398799 19.015661 1.000530
70.636558 25.759232 1.008540
56.072400 25.357678 1.010705
74.284200 32.434597 1.006534
52.297749 25.846090 1.004829
43.923635 23.365721 1.012451
47.650766 18.836230 1.010751
50.746159 29.465360 1.011884
41.293872 17.603918 1.008046
63.325353 25.751166 1.014041
50.225310 25.050169 1.009528
45.804767 30.359771 1.004748
55.800896 26.179910 1.012818
55.727487 17.185191 1.003758
61.200344 18.203212 1.008898
48.697457 14.946264 1.007477
61.687878 28.289969 1.014999
54.854898 23.453190 1.004896
54.853137 22.899159 1.009648
47.037923 28.801967 1.005164
38.480482 17.615196 1.002680
68.731744 27.388663 1.014691
73.187519 28.235085 1.008420
61.302701 24.512705 1.000273
43.756362 17.617396 1.005490
58.244938 19.733938 1.004297
66.565247 20.081637 1.004337
74.163245 30.941652 1.005028
69.674225 24.062891 1.008832
74.310939 31.661106 1.000808
48.319042 21.609336 1.009521
73.018180 30.844789 1.003978
74.094666 29.069600 1.014840
63.862806 15.091906 1.012288
66.773863 18.561853 1.002323
57.987508 17.831520 1.015088
37.875725 16.539563 1.013958
66.663524 18.650587 1.008860
49.095427 16.350760 1.002385
68.971399 28.522105 1.012257
47.612710 17.600777 1.011009
42.354417 21.531082 1.015207
61.451474 22.610567 1.010809
38.693515 18.495004 1.013905
48.218971 21.802666 1.008321
60.685278 24.948459 1.002690
70.094157 24.237494 1.006761
62.029949 18.412416 1.015455
50.720273 21.701178 1.009414
54.617662 23.756454 1.007323
51.493092 18.718708 1.008226
47.524198 19.535336 1.003106
61.325907 22.970749 1.010360
38.650088 28.381125 1.007530
46.948179 26.737257 1.013156
43.147297 25.613536 1.012695
63.963385 31.142016 1.002773
51.136616 27.050692 1.011620
56.027463 29.011402 1.008838
57.314130 25.892821 1.006115
42.518903 25.585738 1.011435
56.083713 20.020674 1.010640
51.922212 28.979099 1.001466
69.242390 31.626971 1.003963
57.759317 14.300998 1.000481
50.181837 22.401562 1.015973
52.458642 29.770979 1.001146
69.804385 27.047777 1.015858
36.712591 21.882680 1.003346
65.911122 16.645674 1.002864
52.968797 19.219957 1.007002
39.209008 18.422521 1.010820
47.149255 25.312849 1.001939
72.204719 27.612547 1.007110
60.812569 18.928498 1.012206
61.038370 28.040762 1.007217
75.378903 26.048449 1.008146
50.164127 25.920153 1.000705
47.196924 20.894946 1.014720
64.548832 23.787097 1.013065
57.970341 26.765454 1.008709
61.689026 31.499605 1.011709
43.685391 18.759916 1.006766
48.340546 21.160156 1.006891
57.702009 22.520798 1.010037
60.349654 20.795447 1.004732
53.880087 27.265836 1.006615
75.265680 31.295292 1.009606
59.872820 24.234574 1.004455
55.745978 16.509130 1.002219
36.963956 21.760860 1.000889
43.282260 17.553452 1.001292
37.286487 27.342376 1.001842
43.708256 26.003784 1.011751
54.293177 29.740357 1.004296
51.298795 32.176038 1.008056
47.612807 13.878387 1.012362
57.956206 25.959950 1.015938
63.911306 32.406511 1.004974
66.969075 26.274031 1.016637
70.371969 24.154965 1.006869
37.434649 23.240000 1.008328
42.518463 25.017652 1.013421
54.488218 26.019379 1.000616
44.599701 30.781485 1.012904
41.950762 18.761378 1.011698
53.637089 15.246276 1.004065
38.606187 28.160579 1.008702
59.237232 13.894486 1.002530
66.939830 29.603785 1.006459
47.648069 18.695823 1.010881
63.623596 23.698042 1.015191
49.022092 25.092677 1.015228
55.988707 23.154719 1.012442
50.844478 30.775612 1.001724
61.889460 18.727186 1.006766
67.727241 27.899979 1.002550
57.284107 13.999239 1.010018
58.886530 13.981737 1.000895
75.703169 28.140500 1.007797
53.192052 17.582694 1.014041
53.251825 25.122473 1.008130
52.299417 21.793396 1.010378
75.966651 24.617314 1.002955
38.661381 18.685999 1.004632
47.962421 18.789697 1.008265
50.534387 19.890982 1.004674
63.794517 16.595693 1.005968
53.010418 22.486670 1.002093
49.665057 20.958045 1.003099
44.901421 22.491190 1.010169
47.008198 24.559594 1.008345
66.953898 32.263713 1.012354
55.093884 20.134231 1.008508
48.423005 21.146867 1.016042
57.746655 31.363588 1.001680
72.281731 30.420323 1.001684
36.526110 27.343846 1.014506
52.360306 31.316614 1.001182
36.858868 20.334731 1.016167
58.585284 25.910214 1.011865
40.994714 30.534253 1.010664
57.816331 20.951728 1.007122
51.966084 22.800006 1.007182
54.214077 14.248329 1.007311
53.380677 18.987032 1.007710
64.425957 21.599580 1.002080
57.639184 30.489277 1.007831
60.678085 22.914195 1.010347
43.431351 31.149884 1.011996
65.279470 19.549221 1.016328
69.715776 24.332088 1.007309
53.822511 23.240008 1.005634
65.574829 31.723785 1.014541
53.186405 22.852319 1.006254
65.347663 29.718250 1.013638
71.470935 30.318461 1.004228
51.214313 19.661294 1.003676
41.664600 25.585403 1.005449
69.291220 25.649598 1.014640
41.126708 17.661477 1.011436
46.494675 15.723304 1.007906
52.128403 30.324910 1.010402
51.517675 21.419791 1.011267
39.606741 25.324709 1.008023
66.081073 29.488254 1.007138
61.320432 15.841129 1.010328
58.566983 16.296212 1.010597
65.135156 16.785578 1.010379
41.591116 30.469755 1.005152
51.815231 21.058083 1.012245
54.741834 15.507904 1.001727
74.930041 24.409871 1.009782
46.886092 16.795144 1.003296
65.033007 15.347771 1.015500
41.852368 30.100181 1.003577
36.640068 21.618599 1.004368
46.078571 24.565390 1.006829
55.978639 23.620639 1.000475
43.425942 27.521783 1.013736
61.116371 19.099511 1.010244
64.012456 14.779770 1.006373
55.616946 17.488678 1.010916
47.007730 23.402915 1.004879
50.733250 32.267233 1.009822
66.220897 22.363588 1.004657
55.459529 19.727669 1.014993
60.108455 22.964992 1.001740
56.205252 23.594060 1.014799
56.757013 17.514589 1.005853
61.542633 16.210603 1.000430
41.376939 22.306473 1.015808
42.207873 30.964449 1.002897
46.295213 28.454093 1.011775
53.970365 14.025556 1.013034
58.720284 23.114403 1.016460
70.513218 32.305899 1.014679
54.613362 14.226199 1.003372
37.362352 22.899987 1.009902
37.166619 26.012304 1.003179
59.422919 27.088185 1.012416
70.924674 26.461068 1.011918
71.222511 31.857032 1.014092
53.829395 21.841830 1.010743
58.603498 16.071093 1.012593
64.632419 19.032781 1.015964
56.384032 17.969470 1.012905
37.826691 17.946718 1.007626
71.010252 25.056690 1.001365
47.218510 27.113429 1.011736
53.299511 19.830694 1.013782
74.396586 23.203946 1.013618
53.382011 27.015333 1.013912
55.838312 22.106544 1.003393
51.730253 26.425645 1.010427
69.236464 26.414072 1.010876
56.930045 22.888488 1.003220
60.492066 17.173671 1.001595
65.080325 18.703020 1.014661
74.426598 32.509614 1.015615
39.612234 18.205427 1.010674
73.291816 29.869968 1.011745
62.108886 24.360634 1.006758
36.400918 21.748569 1.016098
58.700589 28.497161 1.013926
57.214746 26.979230 1.002100
62.347703 30.615696 1.003690
49.227504 23.270451 1.016176
37.000547 20.332231 1.013677
64.598496 29.489945 1.003752
62.568906 32.001898 1.007806
47.320240 30.179804 1.004779
62.446501 23.446767 1.014372
45.414534 30.891730 1.006735
40.450793 27.492614 1.004263
65.219815 23.432965 1.001677
65.130703 17.650508 1.013951
74.502550 28.271190 1.005812
54.322236 19.692601 1.014895
47.263904 23.221319 1.011382
50.743172 23.421217 1.002748
43.538105 28.080292 1.007914
49.720362 30.754024 1.011862
36.260459 28.450107 1.014875
38.753010 28.750453 1.016508
53.211434 15.967222 1.002420
53.027578 24.988820 1.015292
58.671483 19.142574 1.007974
73.296549 28.895083 1.011372
69.315039 28.097071 1.008773
38.693417 21.261126 1.005604
48.130525 31.914588 1.012302
60.273666 31.584277 1.000829
69.605182 24.896168 1.003034
42.211580 22.984041 1.009971
60.343917 19.306308 1.002110
52.156024 23.214011 1.007693
70.984663 25.867537 1.010643
44.790046 30.177354 1.010032
73.816553 30.574132 1.010483
64.256394 15.704010 1.005705
73.972783 30.347570 1.015522
70.196477 30.792649 1.002407
42.783916 30.262021 1.013578
72.162589 25.487670 1.010040
75.798268 32.239536 1.009918
52.397331 15.002867 1.009792
60.902166 28.408000 1.011069
46.529715 18.810341 1.004074
52.629494 18.533741 1.003446
43.046886 23.596537 1.001103
58.314052 20.699580 1.000300
65.469728 31.747458 1.002368
61.710042 26.573692 1.005337
59.402234 19.784406 1.007388
44.208127 27.832073 1.008568
73.933264 26.964470 1.004064
68.702560 25.400308 1.006886
38.822372 18.351151 1.009458
45.287325 21.179095 1.016170
48.867892 19.091314 1.013000
44.278336 17.386097 1.010188
46.550593 31.251283 1.011708
40.333951 18.286480 1.016036
52.973162 30.562589 1.009580
54.376107 32.529144 1.009489
66.725724 23.701760 1.015177
55.889268 23.284641 1.012798
44.858492 31.065205 1.008192
46.710912 25.424814 1.001878
61.228332 15.230789 1.002161
54.550970 24.655015 1.008063
61.628770 17.071739 1.003499
46.416245 26.339385 1.012678
62.874951 15.358966 1.004674
46.322060 24.912305 1.002189
50.813896 17.551452 1.013380
44.784980 20.202280 1.016237
51.113964 26.952747 1.000304
39.915271 21.119462 1.005089
41.230969 28.510008 1.002294
56.045534 19.817879 1.013154
69.710165 27.726326 1.014417
56.055497 23.561250 1.004676
66.692202 17.899289 1.015545
60.122027 19.129556 1.015368
38.795200 22.337649 1.012214
48.279673 18.125981 1.014984
71.903877 31.974706 1.016153
48.050670 14.802019 1.013757
52.330032 23.755827 1.005901
53.519610 15.307219 1.011671
73.023692 31.328679 1.011126
52.533872 17.807453 1.007831
46.220306 26.628244 1.016600
68.498305 27.259274 1.010218
39.460990 25.275824 1.011376
63.704136 15.964767 1.013980
56.605396 23.362368 1.016494
48.833603 19.226952 1.014719
57.699887 27.011301 1.010863
68.073584 25.583163 1.001504
40.469153 28.121189 1.016022
63.535307 26.071959 1.013696
47.917867 28.850820 1.009688
54.738999 32.165356 1.013512
43.378861 22.796408 1.001875
60.660083 14.150637 1.007209
52.009967 24.265765 1.004208
73.664052 32.234263 1.004388
37.593545 19.166408 1.015481
57.361801 23.723878 1.008768
70.229141 23.858204 1.013187
53.852015 23.991104 1.015747
53.955699 18.122066 1.004685
47.199161 24.358718 1.004507
47.328016 28.476877 1.009657
46.232614 29.585124 1.001728
74.901249 26.350596 1.011024
45.068196 31.671878 1.009341
62.173475 19.057633 1.006275
37.787754 27.873484 1.008911
57.504968 23.099675 1.014535
53.566988 25.422600 1.010358
47.700468 21.860811 1.011505
73.948725 23.619314 1.007966
56.828237 28.960198 1.000122
58.608372 24.089147 1.002861
39.297383 22.080052 1.012108
48.509075 18.790917 1.014947
59.608696 18.991288 1.010360
49.180404 21.304006 1.011513
63.089398 30.769059 1.004420
56.187117 15.518661 1.003670
37.983874 21.880862 1.009385
53.324282 23.999031 1.008112
55.660947 15.305923 1.008969
60.988807 17.732248 1.010241
37.554183 18.622080 1.006291
65.471378 27.488819 1.008447
49.734537 23.032902 1.004334
60.677135 22.092340 1.013056
47.048573 15.854245 1.009510
62.949765 20.119876 1.012407
66.370520 28.004192 1.008572
53.731440 14.152059 1.006287
57.385078 25.783001 1.000433
46.241881 24.658073 1.001977
43.456008 27.901245 1.014724
47.247290 20.469872 1.014380
42.075727 23.418673 1.003892
36.941151 17.696678 1.014280
63.979473 16.273928 1.000886
69.845185 25.408467 1.016162
61.716933 14.249189 1.006620
41.528948 28.939663 1.002161
53.376094 21.437896 1.003374
39.875804 23.604082 1.005768
63.376709 16.126674 1.000198
55.321997 23.517581 1.010012
38.364240 17.422946 1.004801
52.726127 17.302592 1.002829
56.208385 15.686217 1.003799
63.178620 16.574554 1.006175
60.296477 20.252175 1.001560
39.321346 27.826697 1.005044
62.615998 23.123365 1.006232
47.841420 30.848938 1.010486
53.569589 24.005956 1.001744
51.669479 19.796902 1.003245
57.880601 25.959451 1.012300
55.181132 21.709793 1.005627
48.959842 23.215539 1.010458
48.229798 29.140801 1.010518
54.909920 17.635072 1.011835
43.596313 21.815554 1.013227
69.374324 25.139701 1.001974
57.058286 15.523281 1.013195
64.313694 15.413192 1.008393
44.733852 31.093403 1.010133
51.421953 26.905636 1.014182
63.483801 22.758402 1.000885
42.647214 30.357613 1.006955
69.091653 31.580382 1.004150
47.582784 28.437381 1.012963
53.784469 16.187871 1.011486
39.522408 19.091590 1.006811
61.256265 23.806322 1.008198
51.796759 23.716092 1.013505
53.372122 17.776280 1.008566
38.339693 27.873335 1.001910
53.259666 30.730056 1.005632
49.609539 23.200772 1.004314
48.289414 17.845772 1.008751
42.615879 32.274089 1.003701
67.385469 29.313328 1.009908
45.979038 29.497503 1.002035
56.809052 27.770107 1.000918
47.019269 24.579565 1.008900
57.960996 14.264867 1.002133
51.023106 17.264280 1.010342
56.765869 21.086568 1.006454
63.665280 14.953558 1.015117
39.726865 27.955853 1.007171
65.820213 22.289940 1.015564
57.708058 18.464115 1.013560
57.198291 22.055715 1.008151
57.312791 27.515563 1.001115
53.661964 16.936405 1.003482
53.490413 21.383423 1.014606
70.516725 29.679968 1.011314
65.105316 20.892488 1.008239
57.176214 21.769365 1.011443
51.242548 32.057574 1.001246
54.888321 19.683249 1.008673
50.369422 24.897256 1.007730
41.847985 23.132767 1.015575
51.152945 19.680238 1.013949
62.104593 30.865117 1.005906
42.747520 31.786944 1.012047
57.298414 27.754803 1.007727
57.946023 19.383651 1.001254
58.524907 27.120021 1.016129
56.111703 14.439532 1.010772
40.304821 18.231111 1.007899
45.160140 20.360042 1.013599
66.174408 31.820387 1.003821
58.783859 29.921715 1.012337
40.297636 27.207167 1.003534
57.243311 29.811997 1.009848
65.922476 30.536622 1.004328
49.888797 16.362836 1.003632
62.854781 24.164823 1.007241
59.789363 19.574043 1.012643
41.037625 27.421706 1.015939
54.837612 23.244213 1.003078
59.546076 29.421304 1.003685
37.960545 22.896606 1.015293
52.699459 15.120229 1.007912
65.209133 19.209037 1.000059
53.405673 27.572014 1.003631
60.490736 27.764322 1.015136
43.654837 31.443357 1.008406
75.738619 27.749416 1.015187
39.907682 17.652585 1.011053
43.664579 25.650862 1.012471
64.525550 29.686350 1.008768
68.156043 28.592927 1.001704
56.068257 19.872348 1.004950
50.850760 16.766474 1.015862
66.336334 31.737273 1.002165
61.196766 27.852619 1.016577
62.931205 22.596479 1.011756
37.461003 19.570859 1.009107
65.695626 21.545775 1.009299
45.888630 21.013313 1.003628
60.691286 15.884968 1.003307
46.556495 28.212999 1.015962
40.545835 27.443992 1.003767
51.091023 20.427226 1.004995
54.190155 16.639134 1.001193
50.863095 27.239474 1.012481
65.769242 26.409584 1.009165
55.043103 19.513136 1.002515
38.048217 22.981405 1.010649
51.877401 27.080493 1.009497
38.578540 28.786966 1.010068
75.632862 29.218026 1.014233
56.361402 20.781390 1.000763
44.112189 28.965012 1.009761
68.035427 25.569266 1.001301
54.004666 13.773900 1.014693
63.169229 14.300183 1.013929
63.106603 29.830454 1.013936
62.669612 30.800571 1.010747
53.453230 19.058376 1.014913
61.121015 24.155352 1.008648
56.530029 19.953856 1.009237
49.867977 25.227351 1.013617
64.597740 14.822971 1.012769
36.720850 26.170745 1.011816
53.422979 25.464923 1.013440
56.063522 28.726799 1.000470
66.062189 31.676521 1.001675
73.969525 30.742642 1.009379
50.244242 27.389863 1.001949
46.436899 18.856625 1.003780
56.959328 15.227778 1.007415
44.675354 29.940659 1.006890
72.425463 31.416474 1.004968
50.290091 29.222447 1.000530
37.727206 27.328214 1.000039
42.047430 18.619005 1.014876
45.547133 20.311322 1.006020
73.159761 27.917722 1.007819
49.587167 18.771724 1.009486
46.711169 30.369618 1.002332
57.061167 29.047250 1.002166
43.144517 20.871351 1.002335
61.996232 22.913859 1.007847
42.624661 27.918498 1.010708
68.957719 31.232832 1.007158
55.752132 24.577114 1.008257
62.164065 32.044992 1.011064
44.298907 25.389563 1.015739
51.002180 20.932976 1.005133
44.227149 31.939355 1.016545
70.212334 23.423261 1.000866
37.421651 26.542632 1.003911
50.046764 21.161525 1.013286
48.531230 30.710903 1.006517
40.377790 27.945915 1.009399
46.218792 21.743686 1.016650
61.226986 27.914977 1.005430
49.250862 27.985738 1.006964
43.665727 20.355463 1.014650
62.442145 13.764286 1.005911
60.431702 25.700393 1.002485
65.055112 24.188494 1.001686
52.486356 18.988860 1.012361
55.528215 14.883536 1.000091
46.480835 30.492984 1.005432
38.329259 27.654081 1.004317
43.259580 30.744329 1.002070
71.962871 25.821830 1.012194
59.622222 16.931155 1.004109
58.421561 26.979818 1.006456
48.094296 22.336909 1.004583
51.103998 24.380372 1.000059
51.307606 28.219701 1.016423
57.415364 14.162920 1.011184
60.921513 23.731817 1.006738
38.582985 19.032532 1.006718
47.116452 16.533105 1.007039
47.354748 32.370074 1.004030
46.985161 20.603808 1.003414
46.363477 26.869377 1.012544
60.358784 28.495900 1.001138
43.207983 23.437905 1.002666
53.423534 18.257025 1.000040
54.039927 19.069398 1.001361
63.219773 15.220589 1.002839
53.384046 24.375045 1.002496
37.845482 20.047632 1.012533
54.072471 25.107513 1.000672
38.494786 16.565692 1.003114
71.232234 28.423517 1.010890
57.080680 27.799765 1.006473
71.924484 31.982327 1.016556
58.843636 13.935948 1.003864
50.426354 30.149161 1.000344
52.022176 16.185580 1.016122
65.346551 25.999345 1.012333
45.481361 30.277825 1.003262
63.883328 19.853092 1.005097
52.085041 16.746752 1.004810
61.277967 24.352968 1.010351
49.078438 27.592339 1.006708
37.551903 19.787382 1.013371
43.285830 29.553527 1.000350
59.311228 31.973183 1.009254
71.718241 28.106606 1.009826
56.029320 19.397111 1.015013
53.808808 30.416737 1.004631
47.348824 27.964883 1.002299
47.909301 19.822936 1.008652
73.743826 30.855968 1.008373
48.901762 29.423632 1.011846
38.740450 21.053400 1.011891
42.202082 31.940063 1.001878
46.381759 22.010893 1.004658
47.899394 28.745508 1.002406
67.428655 28.439815 1.001983
54.123184 26.871209 1.015067
58.953218 16.857259 1.006902
52.904077 24.795133 1.016500
56.475658 15.886484 1.016349
55.078367 18.070108 1.015754
65.489880 27.566875 1.006376
51.549433 15.727681 1.000504
47.092700 17.025270 1.004325
62.809201 28.324938 1.012595
59.268975 15.710829 1.005591
60.852465 25.448039 1.009025
70.622983 28.475140 1.008555
64.745426 22.698707 1.014530
60.326664 23.370593 1.012700
64.743554 28.864578 1.006613
56.630906 19.664056 1.009276
53.177013 21.310117 1.012719
54.134971 24.984284 1.000282
61.263602 22.913645 1.011599
65.598534 19.753281 1.004218
55.722028 18.038427 1.009646
60.008620 19.311039 1.016425
60.931266 18.651643 1.002003
58.536437 17.183488 1.014694
75.859393 25.863366 1.000819
55.113552 20.272327 1.011449
49.880812 22.902969 1.005723
37.905780 17.612771 1.005636
47.712422 15.442252 1.003019
53.612285 27.345679 1.007983
38.782192 25.820728 1.015215
56.884616 28.758991 1.000454
43.399560 23.809833 1.007324
69.648879 23.975693 1.012005
48.771390 29.252974 1.003603
57.453114 23.254703 1.009186
75.578410 27.929306 1.001656
50.281854 29.162456 1.008289
46.551485 24.065360 1.007267
55.035421 24.326927 1.002190
66.865261 18.175941 1.005627
69.210285 30.265363 1.004367
61.180522 17.975618 1.008049
66.321103 19.498100 1.009219
66.910680 18.412588 1.003895
47.701056 22.472611 1.002818
49.346505 20.197291 1.014327
54.700753 25.220526 1.016329
55.347798 28.650885 1.003492
48.314822 18.210299 1.004365
43.860369 29.008703 1.016487
65.705253 25.090359 1.015046
48.172254 29.915607 1.011258
47.261976 31.926467 1.016525
58.732087 30.334843 1.014867
68.549858 28.989810 1.009956
52.085083 20.525233 1.015480
42.390968 32.439874 1.003102
62.644943 27.992895 1.000633
39.838771 18.718576 1.000931
48.658683 32.558639 1.013408
69.710534 29.885715 1.006875
57.166974 27.316356 1.006508
47.278194 18.878834 1.007897
46.746611 19.290918 1.012666
62.108456 14.286941 1.007576
41.680149 20.668336 1.003623
43.009591 26.017360 1.008515
66.305781 27.961372 1.008366
48.824051 30.918623 1.012073
65.679450 28.419869 1.006993
63.140939 21.889897 1.003185
66.991728 17.403028 1.012321
70.756173 31.834110 1.014953
37.220051 19.508108 1.008284
46.789096 16.972595 1.006610
64.266315 29.807024 1.014198
67.490007 26.485163 1.000540
70.012886 30.376924 1.008774
63.920514 28.219117 1.010768
65.833812 28.901371 1.000336
47.890371 16.844796 1.030067
65.153692 19.475322 1.017313
70.794211 27.802725 1.019755
59.286377 20.848661 1.018141
47.097191 25.065172 1.033218
58.573699 30.106143 1.027297
69.488339 28.303280 1.025094
51.163661 19.926732 1.023425
39.453969 27.298459 1.021148
44.789870 25.887718 1.018191
63.920696 25.851583 1.018869
48.766329 29.427736 1.028603
71.481920 23.743196 1.022643
40.999265 25.367192 1.020624
46.897429 28.820728 1.032302
42.806069 28.615568 1.027175
53.184585 22.510492 1.017539
51.197805 18.757084 1.026170
52.293465 24.632716 1.027268
66.468624 21.258745 1.019968
61.467977 30.054106 1.019796
65.748017 29.951705 1.032080
45.559647 21.212482 1.018939
63.170791 26.947214 1.030865
65.443984 15.439642 1.019927
57.027487 23.733270 1.021602
38.758348 25.806346 1.029975
49.420358 15.398782 1.030885
69.900725 24.668952 1.029201
67.032427 24.872686 1.020387
68.493483 25.705057 1.024540
46.312402 27.089753 1.027516
51.998798 31.216383 1.024871
59.833997 20.273352 1.022808
43.436397 24.634706 1.023671
68.854595 27.211037 1.033147
73.712970 22.969224 1.026006
75.897219 29.646071 1.018771
60.502802 24.697464 1.024820
69.503480 30.924545 1.017087
46.289430 28.033374 1.020453
56.478073 17.217791 1.025740
54.248813 16.092123 1.023794
68.737125 27.586480 1.029047
51.231330 30.376233 1.030098
58.950411 19.883258 1.024547
62.678637 28.955901 1.032580
62.604191 32.146060 1.026458
41.459073 16.875566 1.025888
44.472011 23.354137 1.025088
37.513583 27.070443 1.026631
59.583702 21.985311 1.026905
68.725538 32.361247 1.018823
58.088045 31.923033 1.017465
65.767987 19.368313 1.019543
39.393787 16.435319 1.032981
54.084327 28.325085 1.025347
62.700969 14.732688 1.022680
37.552673 21.257288 1.028827
56.199918 23.157733 1.021854
47.209500 25.860480 1.027155
48.799570 18.281648 1.029487
72.715182 25.356730 1.031804
74.191245 27.479284 1.017764
48.275400 18.759804 1.017802
56.302234 15.445890 1.019696
67.224717 28.562106 1.024077
42.308499 30.160700 1.019594
53.585106 15.249115 1.019958
61.081412 32.165139 1.030811
71.882360 28.865227 1.021645
62.419370 26.703758 1.027382
71.829781 26.310862 1.032450
40.579151 22.678073 1.028194
39.190608 19.245244 1.032339
47.570160 32.473250 1.030016
66.855095 26.132726 1.027359
38.939690 23.051242 1.020748
50.834587 27.098278 1.018939
43.029935 21.424388 1.032997
40.604109 19.084999 1.027658
53.599271 28.213805 1.019380
57.599540 29.499730 1.030227
48.328014 18.270041 1.017752
47.082128 29.122451 1.022754
44.602044 20.093119 1.029858
41.736195 27.689624 1.022517
72.883331 30.522177 1.028745
60.059218 27.302987 1.021015
46.325598 17.423788 1.027886
65.872956 21.132293 1.029122
75.000682 30.208316 1.023596
48.091751 31.042701 1.020992
36.794293 28.044137 1.022081
73.376483 29.025434 1.021809
51.400116 21.346695 1.021062
48.143203 23.397816 1.026416
41.647464 21.786351 1.028772
67.407527 30.118118 1.024239
65.609598 25.290716 1.026225
57.038162 23.335706 1.027606
71.707019 26.467897 1.024875
53.244975 21.869633 1.030374
72.407222 27.371876 1.024020
58.266225 21.726755 1.025682
66.225327 25.708007 1.022884
53.346375 15.447426 1.024736
53.041989 14.439497 1.026355
73.069833 29.136471 1.017236
45.184975 20.641735 1.020551
56.188471 15.778685 1.020523
39.000384 17.487747 1.017393
37.404549 28.344485 1.030230
65.247685 21.706382 1.029478
44.280623 25.460252 1.020750
62.910976 18.349773 1.017933
59.735694 14.528293 1.019403
55.555259 24.363710 1.018199
70.844443 28.816237 1.019488
49.805500 22.345275 1.030873
55.779045 22.654573 1.025087
45.774990 18.105218 1.025831
71.235914 29.490518 1.024855
43.779317 25.893529 1.021922
45.175785 25.033886 1.020718
52.042923 31.076094 1.025831
43.271080 31.711730 1.023192
69.792303 30.750300 1.021164
45.417494 25.950109 1.022912
63.063262 24.389118 1.022982
61.001345 25.873091 1.017787
54.477454 22.942948 1.030357
47.449747 20.983405 1.026024
42.202658 23.808737 1.028032
66.676928 20.116011 1.022916
43.493852 31.314590 1.021029
62.293021 31.698224 1.016821
39.623492 24.881802 1.032778
62.834387 29.752728 1.024856
55.925184 23.523371 1.017295
59.409860 20.471901 1.016867
61.822300 18.211091 1.017892
59.196225 24.220483 1.027405
59.363704 29.468603 1.019566
49.821275 14.222381 1.017190
58.024887 20.664753 1.016891
39.787717 25.658972 1.029949
63.310833 24.716009 1.028850
47.399689 30.208256 1.017944
53.092518 18.838072 1.031228
36.913918 19.114833 1.031920
58.704152 20.556192 1.020736
54.757665 24.926755 1.022689
41.948820 27.909963 1.023323
50.925566 19.246836 1.027507
64.473379 20.119758 1.018622
52.031469 22.353836 1.020678
75.271330 27.657894 1.025986
39.232217 17.400820 1.018835
71.472838 29.048885 1.022251
53.072081 23.914707 1.023257
39.668259 26.102941 1.029405
48.317053 19.983502 1.031671
63.567865 21.438063 1.024080
67.353675 24.158041 1.024050
73.371741 30.336657 1.024479
58.921858 20.563292 1.029491
63.066632 26.675668 1.030252
47.308146 28.975308 1.018097
37.515551 18.906348 1.028733
63.612940 20.687963 1.030519
64.030267 29.482646 1.018773
74.236105 31.957383 1.027344
62.999709 14.294940 1.022828
54.849866 17.331463 1.022752
37.731529 21.684556 1.025283
49.407576 21.921029 1.024521
60.189146 29.806552 1.025529
47.801630 22.307506 1.032718
57.938350 15.558816 1.019459
62.055547 24.347724 1.030914
43.821008 28.283721 1.027853
45.047501 28.389681 1.021541
43.876777 20.564100 1.032698
36.137929 21.803353 1.024801
60.491802 26.092473 1.021237
50.383409 23.537912 1.023629
63.164367 15.808087 1.020957
59.489013 24.614700 1.028756
44.201003 29.522639 1.022420
52.801716 19.632996 1.029231
71.775272 28.652332 1.026626
44.749588 31.218754 1.029746
55.224067 27.576057 1.026220
54.610532 14.048159 1.018410
74.000017 26.623498 1.022520
75.336236 24.634220 1.020682
55.016099 32.242974 1.019954
57.092875 20.369170 1.028479
63.247145 17.400775 1.027607
65.575110 16.013192 1.020711
46.173754 20.391486 1.020911
61.818480 19.741337 1.019936
68.670864 31.580391 1.019224
38.843525 21.698324 1.020599
61.369317 28.834338 1.025383
56.553953 21.716259 1.024784
56.845817 14.559981 1.032686
65.908608 32.328311 1.024569
56.597968 32.522671 1.025533
52.618590 14.481192 1.028822
47.512483 19.971297 1.024366
58.470567 22.409491 1.023023
48.039486 18.359591 1.030948
51.084321 17.948162 1.031334
43.173002 26.184722 1.023611
58.353972 23.521156 1.032655
51.926259 27.358708 1.030955
70.460810 24.689781 1.021227
52.678686 20.491447 1.017133
53.614043 24.387895 1.017484
68.229190 30.921335 1.018492
37.979144 20.853794 1.031505
59.556575 27.699656 1.029144
37.689556 20.809898 1.017998
43.409238 19.198641 1.030565
47.439050 26.658631 1.016888
44.447707 26.500305 1.029383
64.558163 17.942803 1.023644
58.138467 19.283512 1.032654
42.619738 29.248087 1.031678
53.231015 22.104490 1.031626
57.729569 17.968046 1.024806
59.521321 21.729920 1.016934
42.948904 30.105133 1.022231
45.703351 24.942998 1.019891
53.170034 15.843780 1.024682
66.720131 28.383013 1.022377
56.305436 19.653804 1.031309
66.254029 17.100273 1.024126
41.432944 27.166362 1.031423
40.846834 19.263732 1.022858
64.364868 18.320739 1.019809
46.585566 29.106675 1.019662
71.634719 27.903903 1.021394
48.666129 14.616122 1.019119
59.998474 19.300333 1.020574
54.431751 14.592844 1.030638
59.009947 23.776074 1.019085
57.089787 28.913297 1.030328
73.575794 24.394927 1.022909
47.247185 22.739869 1.029541
53.932668 25.392287 1.022972
69.747506 26.120908 1.016676
42.145201 23.268787 1.017242
55.505592 31.980086 1.022366
51.739139 15.402995 1.023299
59.740790 28.496121 1.031741
62.256003 31.049993 1.028215
64.889264 31.597699 1.017485
68.973670 27.698902 1.017539
65.215206 21.584250 1.033142
69.209277 23.757129 1.031981
61.716495 32.199210 1.021327
45.515192 32.320572 1.022483
73.765298 31.435969 1.023131
40.318044 17.729139 1.025666
63.949506 25.513271 1.019229
48.554160 13.863007 1.029807
74.068974 30.772258 1.028393
58.118594 23.660617 1.028087
75.332485 25.769222 1.016954
53.582662 28.115972 1.019590
58.715827 17.481022 1.023186
54.494915 23.205419 1.029145
51.909439 23.954918 1.027986
57.671153 22.453585 1.029214
58.401768 31.561078 1.017308
49.462279 30.184252 1.020471
57.965281 30.083659 1.018744
58.220345 14.691315 1.016655
51.327076 26.303226 1.028177
41.405763 30.368920 1.031779
72.766415 32.211401 1.023834
62.992876 18.305451 1.017376
41.081122 30.573885 1.027005
56.135142 29.960255 1.020238
56.329884 31.889203 1.022270
61.515423 31.759251 1.027593
72.462334 31.320791 1.022252
61.690904 18.553123 1.029055
45.014533 31.128013 1.025869
62.220851 24.766379 1.020819
37.356844 23.636882 1.024634
40.683414 16.955699 1.030457
51.373662 19.231282 1.029376
57.238799 22.438162 1.019822
49.464279 27.271627 1.021216
53.615194 23.183696 1.022849
52.631920 16.987765 1.028939
55.637684 32.459214 1.023838
56.742070 29.982528 1.024819
44.101428 29.309408 1.021379
56.478719 27.573954 1.025968
60.759088 20.119986 1.018896
48.523839 24.779282 1.031931
56.440434 27.622314 1.017143
46.990691 28.275493 1.032417
42.321036 28.466020 1.028940
48.154844 13.946378 1.020939
72.114711 23.920364 1.024618
52.597019 18.598691 1.032317
69.634732 28.236205 1.024395
43.529349 31.462648 1.026900
64.976201 18.223796 1.018748
53.494568 25.220174 1.026399
53.601588 29.147025 1.016766
65.459261 19.655817 1.028462
73.815646 28.967554 1.025700
66.387920 28.344591 1.031514
74.348672 27.935850 1.019902
65.957662 31.711457 1.028135
69.844715 27.607448 1.016777
61.557090 14.695214 1.027812
66.755383 29.963687 1.031376
41.303055 26.008679 1.031777
43.193272 25.406175 1.024176
65.905874 14.390441 1.027297
43.257017 29.005910 1.029380
66.027615 26.355187 1.018118
62.889700 32.045552 1.027473
68.623674 23.602711 1.032115
57.129846 22.964444 1.024517
48.064715 23.440732 1.027325
49.004776 19.243276 1.022943
44.031383 17.417323 1.025710
36.355873 26.840303 1.019424
46.783778 21.979274 1.027865
65.531538 22.402131 1.020880
48.521241 13.999651 1.023651
70.569373 29.752031 1.030706
52.675200 27.249152 1.020301
40.770057 25.232657 1.018910
60.492382 14.195243 1.019957
36.030192 20.084375 1.026552
67.152279 25.425359 1.031756
36.277311 19.193469 1.028774
46.692683 20.906043 1.029059
62.848861 24.260090 1.021783
39.025146 25.676645 1.027343
74.029337 24.086123 1.029977
68.564084 29.850762 1.026506
61.535828 30.353807 1.018144
61.501971 17.936300 1.032633
51.874041 24.603553 1.028292
58.778362 21.663918 1.019755
54.438852 24.183704 1.030854
59.571997 14.107284 1.022478
59.512981 32.064981 1.020318
47.247931 29.515382 1.022340
59.135300 24.686329 1.022474
61.444925 30.571052 1.028862
48.578041 18.904616 1.016878
58.442232 28.574930 1.016759
55.875453 15.261160 1.017425
40.792693 26.193619 1.024809
41.831194 28.950572 1.026093
58.799917 30.480405 1.023516
36.652961 28.609667 1.027136
59.144244 21.987141 1.028355
53.231796 23.075448 1.021382
67.164972 31.315532 1.028845
61.946911 27.841091 1.017842
68.787994 31.892580 1.026586
54.732240 23.160045 1.018636
57.008039 30.916855 1.029314
46.239081 27.063773 1.017161
44.807446 29.648296 1.017845
51.438377 24.371163 1.025091
49.111998 14.845552 1.026969
65.570195 19.443975 1.023207
67.275811 23.626667 1.030026
44.268305 21.377343 1.022308
63.843501 21.242111 1.019849
60.636727 18.952928 1.025866
55.912651 32.003177 1.019467
45.586904 22.530252 1.016894
64.039911 15.140315 1.031495
43.617409 24.012806 1.029015
61.178832 31.285636 1.028221
64.876495 26.118931 1.026776
57.063711 22.346620 1.027462
42.149162 29.117440 1.032116
49.769549 16.624411 1.031424
62.926435 14.075723 1.016853
59.224858 27.264119 1.020729
69.846753 30.540762 1.018231
43.472525 22.050281 1.021924
63.112756 21.422891 1.021641
65.240737 23.837295 1.022731
37.468359 16.935066 1.022036
75.909062 27.219097 1.029664
53.889043 22.276775 1.018995
50.846715 18.891698 1.028366
54.494882 24.985593 1.018958
52.269118 17.803561 1.031164
55.792900 17.742664 1.029008
52.560468 20.655943 1.019066
64.133976 16.569142 1.027464
65.759279 20.039191 1.030734
68.821031 31.175101 1.032307
55.803870 14.728122 1.031878
53.853715 19.976835 1.017095
54.644350 24.865243 1.021906
61.901984 28.195555 1.020755
65.211692 22.812759 1.022287
44.014490 29.430174 1.019638
69.324551 24.527185 1.025365
53.037287 14.115732 1.021085
46.019755 20.564324 1.022289
71.696971 26.687340 1.027117
68.012584 28.473808 1.024331
61.710305 28.705325 1.025600
51.889254 26.307517 1.020524
42.027365 25.135473 1.017669
46.570899 21.080143 1.032001
66.106609 27.104445 1.030575
71.335369 29.132729 1.022762
63.527300 27.258593 1.023912
49.087534 16.544360 1.031941
74.560886 30.062073 1.027743
46.150108 19.881057 1.024439
43.164949 17.829306 1.027162
54.126107 18.534201 1.026334
56.796840 17.329732 1.024540
69.103450 27.854864 1.026093
64.976876 17.017264 1.019378
58.645413 25.682734 1.028231
51.589197 16.811796 1.020523
47.353130 20.903495 1.019952
37.269942 28.899950 1.028336
68.916303 24.546573 1.025130
57.985234 28.495034 1.029912
47.815651 22.378698 1.019278
58.770930 24.562741 1.019913
48.893422 22.844063 1.021578
50.677328 16.966282 1.017868
48.836895 23.075567 1.026521
48.292773 17.036053 1.025512
65.809967 25.950296 1.022349
53.414289 20.146596 1.020866
54.742789 22.351570 1.030962
49.991102 19.714580 1.029425
43.148505 25.748811 1.020854
46.967944 24.795640 1.022625
42.184289 19.516088 1.023591
43.943657 17.957455 1.028817
46.358012 25.127999 1.018788
48.908294 32.115398 1.028835
47.468196 21.819448 1.021500
43.220769 27.312051 1.026268
42.475297 30.192205 1.025009
65.167332 19.151285 1.027144
67.100830 24.388858 1.018671
59.044963 30.142513 1.032361
65.466750 20.705490 1.024194
60.798957 19.455683 1.017393
38.486401 21.944705 1.022941
39.067559 28.310774 1.030077
52.779357 32.278435 1.024696
57.301297 23.338165 1.019654
58.955487 25.443642 1.016953
57.069170 28.772063 1.033311
72.159911 26.035955 1.027230
68.007709 28.468984 1.023982
63.840279 26.085090 1.017106
55.367266 25.341272 1.032926
68.895345 26.925191 1.027189
64.569835 27.138116 1.020644
39.810020 25.831198 1.032731
44.860503 25.628274 1.025093
62.252874 14.910158 1.031430
65.544858 18.691169 1.018297
65.886969 20.411676 1.022499
61.272604 21.520955 1.027191
68.672726 26.652217 1.025784
54.073190 16.870611 1.017754
38.034634 17.150582 1.021902
45.913225 19.730771 1.018869
57.615854 29.782667 1.027104
64.623595 19.649313 1.022698
58.465300 29.920692 1.028725
75.320439 24.360994 1.021931
40.269395 25.814745 1.027395
61.773485 23.574491 1.017911
41.668652 18.600144 1.022355
43.492312 18.161501 1.022827
53.788995 18.058660 1.023626
54.393766 32.392528 1.025569
67.019812 26.696325 1.032250
63.561742 17.943609 1.028630
61.508316 31.423952 1.025240
46.068521 19.807739 1.028688
65.351151 19.498425 1.033045
44.258579 27.329940 1.030125
59.415512 22.446462 1.018452
50.034748 24.324029 1.020461
62.004325 16.077986 1.024181
72.862955 29.502056 1.017502
45.325792 25.799493 1.024153
54.271316 23.792979 1.027080
64.204899 15.321809 1.016990
58.441854 19.462135 1.020800
58.560032 22.272699 1.029316
36.479050 27.336766 1.023697
61.624049 17.570720 1.025611
72.297190 25.902506 1.029016
37.472751 27.742088 1.020061
57.302522 32.178280 1.033040
43.806670 25.649479 1.019356
36.605166 21.819533 1.019323
46.995743 22.034896 1.029712
63.681955 23.285692 1.028129
74.252061 29.363358 1.024874
65.809478 22.016165 1.028772
50.711631 16.797544 1.027193
69.475410 28.325302 1.027218
36.708675 23.492501 1.017640
51.845394 28.179571 1.018362
54.444529 21.139304 1.023831
41.965889 16.919453 1.030220
59.117438 25.635518 1.017638
62.869752 22.744911 1.018592
61.370625 29.204813 1.019605
60.720043 27.133617 1.018586
44.902829 24.430084 1.030706
54.727860 22.806555 1.030462
52.803795 26.436816 1.022461
41.922818 23.640973 1.030448
45.005388 19.269022 1.020239
60.254119 13.791672 1.017197
44.755795 26.604962 1.024971
59.893921 27.868230 1.021771
48.865317 20.972763 1.017067
68.109806 30.877678 1.028879
65.132674 20.176827 1.017395
72.923032 28.322574 1.027251
62.037449 22.575173 1.024350
51.533758 24.415564 1.023085
55.155921 24.971706 1.032751
49.163302 18.089187 1.018230
71.488047 24.441630 1.018585
52.469079 23.534400 1.030904
51.193857 24.292708 1.022150
55.748258 17.738627 1.030077
64.644011 19.235935 1.020889
47.616015 28.947364 1.028462
75.121986 24.010429 1.032594
68.242432 26.954093 1.024441
66.480005 16.890320 1.018806
69.800501 30.705648 1.021670
56.387355 32.083101 1.025872
64.862295 31.686443 1.029680
61.751766 29.345291 1.022114
51.139380 18.784658 1.028246
67.467425 23.027941 1.033267
55.857370 29.414267 1.029504
51.537165 20.683820 1.023725
51.419285 16.313969 1.024099
54.840718 25.564517 1.017550
55.177421 31.446948 1.024171
51.737285 30.476381 1.020588
59.060313 20.232261 1.022851
37.803859 17.985712 1.019730
65.875563 19.929893 1.021574
41.156052 27.365472 1.020205
60.595962 16.915370 1.024332
41.244883 29.752757 1.021053
64.490871 19.823108 1.028175
64.919927 18.666976 1.022599
50.225165 27.234418 1.023953
50.055318 20.929271 1.022273
58.696538 20.130801 1.032165
61.665612 19.834862 1.018084
60.330036 19.968301 1.021814
61.770791 20.967302 1.028346
48.615621 20.568047 1.026687
57.847766 22.448681 1.020121
60.131805 27.339612 1.024928
62.579852 26.361809 1.021756
48.191160 30.075677 1.020495
64.709183 17.465226 1.021900
67.057441 25.896482 1.020271
65.895818 21.144065 1.026972
65.558772 25.295899 1.019921
65.592025 14.884486 1.024520
42.662927 19.108490 1.022123
72.555849 23.299982 1.029779
69.488423 31.384728 1.024276
44.693853 21.855038 1.031712
54.586388 22.582420 1.030538
66.493268 17.641388 1.019018
68.899086 31.709835 1.023890
39.532400 24.726079 1.027650
72.210237 28.499816 1.025605
48.652644 28.788417 1.021635
46.795054 24.294951 1.020365
54.590175 26.096217 1.026003
51.338102 18.035664 1.027811
48.438036 29.152578 1.030886
66.861115 26.751421 1.029042
59.363974 32.430557 1.023958
64.673297 14.568808 1.031191
39.441772 28.019885 1.019349
36.562613 24.867385 1.031159
45.700590 25.754577 1.029206
66.113373 17.606289 1.017629
57.091412 22.288600 1.026130
71.039880 31.921935 1.022232
38.507654 19.910275 1.029407
48.626886 20.343768 1.031412
38.430539 27.207225 1.031437
75.710584 32.458898 1.019607
38.287949 26.510596 1.029040
57.286911 18.697202 1.027263
36.290710 19.862392 1.025004
38.042094 19.947124 1.023563
71.994525 23.818926 1.027612
63.672629 23.281515 1.030384
64.782305 21.986524 1.021959
69.548808 23.532591 1.024944
67.348685 28.038264 1.019239
62.409656 24.617239 1.028578
41.777279 28.969246 1.026616
65.605800 21.683706 1.032241
71.921181 26.774821 1.023331
47.753361 19.022277 1.018923
56.387393 19.664783 1.029710
58.633918 17.364759 1.025873
38.371311 19.657736 1.030658
56.543743 17.094860 1.032061
61.415557 27.660651 1.018727
47.995306 28.373056 1.026305
75.417241 29.543027 1.023747
61.071898 27.853067 1.028821
53.640957 29.313506 1.024958
46.067681 31.218014 1.029961
45.699619 24.804749 1.021501
54.789480 17.507859 1.021558
49.882687 20.492137 1.021337
58.681377 30.331234 1.032371
36.620813 27.035492 1.018241
43.968592 22.652750 1.018918
49.771940 29.929598 1.030465
64.898835 19.310685 1.022748
45.152851 18.461252 1.029585
66.993633 30.103478 1.020649
47.791700 29.459237 1.031699
59.587580 15.700766 1.016998
60.797733 29.758765 1.024250
50.064315 26.951351 1.023036
61.694463 14.155143 1.026260
58.750058 25.430861 1.024358
61.328029 13.826457 1.017056
65.890431 21.515053 1.027731
56.356909 14.088301 1.024292
64.099931 28.401676 1.022455
62.427602 23.752946 1.023020
50.375744 27.895101 1.025518
60.728032 21.530610 1.025656
69.344082 23.389075 1.022833
66.076153 19.673545 1.027582
60.135366 21.297238 1.019204
49.590731 14.091404 1.024160
51.811398 28.406017 1.032407
66.768065 22.041264 1.024015
59.739093 31.199022 1.018985
36.966549 27.659285 1.026391
59.901761 30.876499 1.022070
55.710721 16.706989 1.017540
73.765756 28.014330 1.017512
65.127173 14.577872 1.028086
51.093064 20.736251 1.018747
64.973593 18.092276 1.026362
72.399559 32.051307 1.018746
46.019678 18.818624 1.020863
65.376694 14.664159 1.029848
42.156287 29.832973 1.022287
40.495034 26.164164 1.028522
68.838581 26.554836 1.028232
64.588618 23.809745 1.023645
57.108507 20.186897 1.017865
55.156019 17.070667 1.022363
40.371868 17.610470 1.025584
41.248899 23.532525 1.021228
36.677816 25.425155 1.024438
46.837658 25.571852 1.019289
58.747686 27.297064 1.028151
41.646447 22.080345 1.021065
43.210940 26.330580 1.020055
54.754672 27.770718 1.017244
39.227009 20.947610 1.022153
52.356539 21.156694 1.018653
51.112106 30.718670 1.024570
47.155354 26.167790 1.026546
60.974172 20.218087 1.032400
38.064135 21.959178 1.028702
42.016488 31.350454 1.029534
43.420361 25.174545 1.031119
69.277103 25.857032 1.021435
43.277133 25.799714 1.032968
55.617985 16.742971 1.019033
74.751692 24.469973 1.025970
64.907073 23.928360 1.023944
66.270942 17.654285 1.029712
50.653849 28.834835 1.032904
36.243524 25.374068 1.017190
64.818021 28.534125 1.021452
74.537725 32.360025 1.025692
71.743413 26.055467 1.019664
70.598119 25.972696 1.029970
49.136629 24.327131 1.032149
44.459981 30.006880 1.020138
42.229879 30.413460 1.022763
52.550246 27.099902 1.031361
43.934826 26.235240 1.017132
72.554422 23.029932 1.021080
71.963520 28.978017 1.025201
63.151038 19.319861 1.030333
64.906832 26.121983 1.025986
59.407114 25.681197 1.025936
46.490665 24.713021 1.020473
56.803853 22.843871 1.019496
55.735831 31.629052 1.019466
42.060656 24.441935 1.023115
54.986215 14.919403 1.029741
48.888745 18.834964 1.026838
66.325873 18.113831 1.031068
68.196432 28.406000 1.023823
62.346651 24.915129 1.023246
62.021342 22.267679 1.021914
64.071779 25.411592 1.019582
37.254809 23.188785 1.018105
54.644379 14.233873 1.019278
68.617467 24.449172 1.025354
60.004327 21.322625 1.024379
53.156486 24.607826 1.017856
67.134790 30.184357 1.024034
70.820792 24.218875 1.025066
61.160923 14.401539 1.021299
58.611788 19.019205 1.018314
70.096232 29.709563 1.026616
59.730461 25.867933 1.022617
61.501023 23.205714 1.021835
46.041355 22.479172 1.021094
58.089355 25.198802 1.026588
42.205836 29.748826 1.022239
47.040007 17.005292 1.024631
60.405896 22.069216 1.019828
46.149988 22.511664 1.025123
71.062947 26.712170 1.023720
65.866691 25.477318 1.024012
40.976752 23.995095 1.020818
57.281347 24.334137 1.029365
63.703848 22.988926 1.018194
64.036242 28.767632 1.026543
57.756267 32.194465 1.018941
71.626365 24.270903 1.019714
61.234983 13.818436 1.018838
36.730041 24.052612 1.024857
49.559985 30.925444 1.020181
64.854643 15.403549 1.022495
49.610628 14.092134 1.024845
44.175805 21.783956 1.024223
56.453839 25.623954 1.020077
48.041609 29.630264 1.032413
48.694725 14.629678 1.019808
41.256788 26.665991 1.021522
68.994646 23.591930 1.028833
51.738342 22.451034 1.024209
51.956719 15.783545 1.026405
41.831726 29.875899 1.020173
56.843028 23.307554 1.023832
50.155163 26.866434 1.024993
65.355533 19.015488 1.029003
41.490265 29.383715 1.021254
37.941123 22.387660 1.019225
66.089383 22.445399 1.027458
71.655352 30.143918 1.020441
45.744167 26.228788 1.023113
60.425136 32.139152 1.022934
52.310532 27.490811 1.032368
42.165000 26.894076 1.017286
38.342664 24.320218 1.018199
47.625669 32.152087 1.033276
42.105645 17.065254 1.027291
62.576114 27.715169 1.023169
41.107565 28.704820 1.030875
70.386197 32.538790 1.024005
37.576932 21.690566 1.020430
55.367385 15.582294 1.021916
70.363780 24.710741 1.023263
66.731012 21.556350 1.028505
56.701363 31.394023 1.026907
65.191090 15.971718 1.029209
59.567484 26.383791 1.026609
61.261420 28.434350 1.028604
54.448607 26.006297 1.032487
67.296627 30.180763 1.020939
39.307982 24.296713 1.024563
41.014457 24.239241 1.022663
57.086944 15.131114 1.025372
58.097956 23.324747 1.031931
60.034139 25.734591 1.023236
73.403321 30.153265 1.031313
51.929064 30.246581 1.025479
65.165029 31.271357 1.017778
75.032801 30.337625 1.016967
43.888066 21.756395 1.021816
55.812780 30.603488 1.025010
39.114763 27.691526 1.018206
56.595671 27.617707 1.032286
61.672523 21.560946 1.026289
65.184218 29.243870 1.028481
66.343517 17.624281 1.025138
74.270217 29.201029 1.016805
42.097841 27.825372 1.022967
48.043266 15.796383 1.017904
48.394234 16.490634 1.024813
50.057569 29.472675 1.028982
65.320572 21.039284 1.020020
37.251678 27.424080 1.030623
45.342493 25.662902 1.028469
54.522548 13.943479 1.018921
59.972950 20.741351 1.025843
60.798673 30.601127 1.018123
44.746089 29.771152 1.018046
48.797690 28.663161 1.030756
61.203436 31.457452 1.022297
45.531473 26.417561 1.031910
49.772695 19.788068 1.030787
49.732958 21.106009 1.031281
48.069017 23.442528 1.029653
71.828510 24.604732 1.029139
46.247430 28.706290 1.028409
42.673425 25.151365 1.027933
58.676600 22.594178 1.023636
71.669305 30.244834 1.021372
59.869526 31.803844 1.030884
51.916982 22.294899 1.016958
46.971950 30.317164 1.023698
38.236013 22.523790 1.033309
50.308540 18.595007 1.018309
57.561336 22.556482 1.031214
37.542158 22.911054 1.016690
45.489133 22.275566 1.028004
57.591352 18.879305 1.021614
56.381053 14.659771 1.031280
55.096949 30.080768 1.018063
54.543257 16.917282 1.029215
50.647124 13.928191 1.028930
48.180798 14.338206 1.022591
58.923151 23.956357 1.030333
56.632759 16.586903 1.029342
51.593687 18.237394 1.027502
50.875799 27.189731 1.017537
65.922194 28.630990 1.024652
40.543516 26.351313 1.032128
61.650253 29.147301 1.028264
55.715986 24.460920 1.017696
36.997182 26.796979 1.022080
57.090576 17.887976 1.028307
37.435388 22.702302 1.027132
46.300088 32.016129 1.022190
42.579162 25.181546 1.026300
45.806545 22.918020 1.020441
63.112442 32.212781 1.028675
62.175994 21.047925 1.024202
49.775090 21.062587 1.026403
74.896945 32.203737 1.025258
44.692794 19.930168 1.022039
65.433171 31.905908 1.022082
43.056839 17.176349 1.021679
44.505676 18.536646 1.028919
51.817492 14.260583 1.032982
51.856366 18.398478 1.027219
68.622389 26.600721 1.025729
52.317769 20.062177 1.029488
64.712730 17.497119 1.018312
69.531986 32.265806 1.021333
54.335206 19.738054 1.027967
52.866586 14.526058 1.018698
56.113112 18.678788 1.019820
72.158428 25.677402 1.028310
42.433482 18.456437 1.021912
47.302845 15.799667 1.021109
75.344096 26.215764 1.029330
65.976666 16.154717 1.031662
42.935458 24.198853 1.030719
39.271512 26.788903 1.026085
74.874835 23.927787 1.024707
44.220778 19.805329 1.032447
69.965619 24.524192 1.023965
57.348742 30.730506 1.031384
38.774944 24.055071 1.027802
53.505929 26.636500 1.020653
51.401022 19.910643 1.028552
52.528837 17.087750 1.018424
68.406649 26.439820 1.026026
43.834944 27.681473 1.021745
55.870625 19.468646 1.018823
63.615198 28.900048 1.021704
37.286596 28.600312 1.021038
54.970749 18.827756 1.022842
73.900884 23.245884 1.017390
51.728811 27.692097 1.016883
63.136846 21.632167 1.020506
41.665373 23.027328 1.025362
45.892986 20.161083 1.028743
36.721308 24.131616 1.021865
48.237344 32.418473 1.027678
73.438100 25.577171 1.031925
44.982524 22.604270 1.026623
46.837345 32.123565 1.026793
72.708449 28.266230 1.022342
41.447058 16.854409 1.027581
57.900341 20.230268 1.021688
54.871899 16.640628 1.026271
65.747685 31.904438 1.031207
64.556534 30.441449 1.020565
52.760643 20.040909 1.032573
51.144530 19.670572 1.021867
52.808572 19.332700 1.031780
53.512056 17.506140 1.023174
50.118089 20.563032 1.019861
67.485828 23.635806 1.022832
61.316698 28.857915 1.031728
41.530386 26.419542 1.028635
51.697692 16.058230 1.017705
52.424654 16.684029 1.020058
54.632555 22.499956 1.031221
39.912022 21.598590 1.030373
46.721686 15.516751 1.019560
48.993253 23.805935 1.023452
62.334854 24.422862 1.020770
48.742076 19.435856 1.028941
53.743351 18.613113 1.032880
51.851317 17.854293 1.023254
69.120579 31.684487 1.032461
71.344910 29.321457 1.030737
53.071425 20.793354 1.027560
44.954409 32.066022 1.020305
59.537489 23.663707 1.024722
56.844154 16.767828 1.028832
64.203150 19.413446 1.030311
62.066383 18.413149 1.025541
44.495076 16.514542 1.027111
73.320130 26.697118 1.017615
53.740314 26.403840 1.027147
50.952032 31.458772 1.026508
59.342888 31.170167 1.022396
70.602381 30.164503 1.024234
63.530343 27.654746 1.032227
44.411849 21.431224 1.030837
57.670871 14.014784 1.018072
37.379132 20.825935 1.018628
70.695755 23.273212 1.030788
73.891603 32.263526 1.020438
60.333527 26.977706 1.024268
66.563479 21.599581 1.022635
45.901599 24.651566 1.030998
38.826404 18.640261 1.017392
64.408649 27.795176 1.027796
38.535689 17.980975 1.029589
47.099251 24.249356 1.031251
58.392013 14.633907 1.023578
47.552540 14.362791 1.023893
60.980782 17.929885 1.017606
73.970740 30.908490 1.029596
40.845931 22.827380 1.019969
69.072909 25.521478 1.030693
48.532957 31.843229 1.032184
43.073428 26.980370 1.025272
44.972414 25.471557 1.024234
41.970998 18.971435 1.024292
37.462944 19.066838 1.018512
66.345965 19.368801 1.028741
58.638255 17.121070 1.020780
56.778457 15.129279 1.017100
37.936065 28.308784 1.026980
48.298928 16.162629 1.032693
40.529170 26.251492 1.025615
51.551888 21.297231 1.024394
41.192865 26.986113 1.023925
58.126482 21.190455 1.029234
47.863666 23.186782 1.019552
53.699985 16.694679 1.021590
58.222377 26.737350 1.020485
50.336875 17.632698 1.025222
41.798778 29.639141 1.029471
60.285753 30.163121 1.022616
47.910410 25.018761 1.026177
60.838759 13.786099 1.016918
37.084928 18.939656 1.017361
41.035965 27.276235 1.026870
42.096177 27.550714 1.026371
62.879864 30.594596 1.020852
47.761509 24.990477 1.026174
45.684951 24.172588 1.020118
53.860492 26.048970 1.032021
52.664847 19.689640 1.029439
51.842469 20.103787 1.017523
67.059203 22.105864 1.017883
45.811571 28.235804 1.017570
41.442054 23.830303 1.017670
58.166818 31.352877 1.026751
41.597600 26.269637 1.021146
36.207914 26.409705 1.020411
42.846504 29.848695 1.028755
60.683657 19.213408 1.024194
67.309857 27.424348 1.031469
55.571547 25.132540 1.022752
66.375174 24.488146 1.025912
47.641369 17.321968 1.020087
50.632360 16.510755 1.028452
51.998627 17.290882 1.016684
41.266755 30.627004 1.017420
46.543695 26.749554 1.026207
74.907329 30.271387 1.028725
45.143983 24.213152 1.025900
65.273268 30.960096 1.026389
65.780894 29.954024 1.027920
58.591399 14.479984 1.031675
61.040639 31.510689 1.021061
60.501425 21.020899 1.029589
64.928060 15.545131 1.019262
60.267671 15.232193 1.032075
44.608497 30.903775 1.032562
48.705726 16.738429 1.022741
65.960466 23.899276 1.022376
63.908572 22.984451 1.028428
53.910273 30.231925 1.027530
61.528093 14.701722 1.028860
58.772985 30.144363 1.017090
59.458861 22.634683 1.021008
62.296285 21.197746 1.028450
55.964197 30.316232 1.032184
53.779833 16.983358 1.024796
61.485978 21.911307 1.027637
64.311340 31.888560 1.023032
45.061614 29.116934 1.032219
40.705235 25.473015 1.028595
52.038393 31.565680 1.026890
53.086236 28.061170 1.021076
69.609143 32.116011 1.028601
57.981501 18.237185 1.027582
39.667075 27.140796 1.025806
65.412463 25.449463 1.016920
61.787341 31.433839 1.031563
57.519992 31.357869 1.024048
43.078332 24.278055 1.032122
56.312916 19.418612 1.026564
48.878072 29.012004 1.021193
47.567096 21.356253 1.023136
42.324233 30.015160 1.022007
55.555716 17.065658 1.021058
58.687388 18.238172 1.020110
59.677023 15.083312 1.020191
51.453119 19.253993 1.017541
49.877796 31.256498 1.027686
58.472316 21.252076 1.017168
44.010150 29.470219 1.020674
53.104024 29.809153 1.018595
46.642101 30.273051 1.022290
63.568036 19.840114 1.025643
50.108558 26.030696 1.027141
38.659918 22.729730 1.029183
64.834105 23.698682 1.019221
52.325122 20.775817 1.023772
41.016631 30.762779 1.023195
41.217496 27.630734 1.027497
64.758979 24.986337 1.032198
62.635588 21.723446 1.030398
65.182000 32.509073 1.023003
38.547346 19.013250 1.027206
60.159044 31.736943 1.020666
68.970068 25.034951 1.030647
56.364328 24.116489 1.030715
66.146657 23.927043 1.024369
51.344576 14.082803 1.018438
46.361541 27.415713 1.025069
74.880938 23.937443 1.028977
45.893305 18.404218 1.021859
45.901509 31.137961 1.028096
41.291559 18.458632 1.023718
37.795287 21.067280 1.024604
69.744987 30.461421 1.023985
58.879010 21.378992 1.025654
66.853341 27.606036 1.023276
51.790896 16.675387 1.025559
36.048345 19.982937 1.025010
51.212117 31.104762 1.018876
43.584890 16.734103 1.031926
62.865203 29.275180 1.021094
57.579468 21.473050 1.019721
39.972583 26.084855 1.025286
45.123425 31.403002 1.017208
58.943244 31.413358 1.033212
72.774079 26.671868 1.022810
41.348683 29.400912 1.020082
54.393272 30.447434 1.017408
47.923297 31.505461 1.023637
55.808915 30.728540 1.023928
58.525643 14.451845 1.016935
51.731863 15.038199 1.020889
43.005664 18.124968 1.027101
54.526473 23.151495 1.027744
74.817454 27.216906 1.026350
62.056595 15.537919 1.024092
50.885894 15.883808 1.033041
38.692690 25.912897 1.027155
48.360331 16.395841 1.027308
72.117746 23.910525 1.022187
61.369930 14.255497 1.030022
47.281879 28.012656 1.029124
39.509549 17.712589 1.017555
66.030945 26.436051 1.017388
63.963918 31.820279 1.028154
68.569768 26.613406 1.024133
36.191646 20.589176 1.032377
68.667629 23.141692 1.021032
73.113088 25.775569 1.023280
38.975760 23.695867 1.032609
68.003513 30.916812 1.019746
67.794676 27.257391 1.016814
47.101004 32.010199 1.028548
56.642138 30.204308 1.025456
44.202001 29.239181 1.021937
50.652982 24.604217 1.021935
46.677215 17.530698 1.032348
39.766128 23.063257 1.026159
56.146376 23.210127 1.022259
72.130010 27.634082 1.018785
58.499726 15.858343 1.016741
59.420063 24.193093 1.025078
58.512222 23.684463 1.031167
43.059375 28.408927 1.025591
37.735948 16.738451 1.026920
52.767440 24.516320 1.022217
46.748193 24.810022 1.022451
56.750487 22.537221 1.024358
69.985892 29.774868 1.026664
62.682482 32.431589 1.030601
60.736442 26.502158 1.030794
53.626083 28.205445 1.018730
50.945123 19.216871 1.019996
43.611005 20.290351 1.020108
58.252220 24.909904 1.025618
42.481621 22.826469 1.021766
66.285350 18.403317 1.018757
47.624069 29.918552 1.030135
57.769236 15.632936 1.018642
52.937318 18.703785 1.021820
55.177969 22.160727 1.025249
42.131534 24.200360 1.029037
68.287229 24.953558 1.017848
73.243672 29.116436 1.020261
59.572848 15.814329 1.026206
46.908220 28.859714 1.032075
63.034201 23.639013 1.029974
63.080953 19.367198 1.026504
46.585421 27.058116 1.027809
68.117538 23.160651 1.032517
42.195310 28.795039 1.027054
75.776309 26.634387 1.027767
64.554969 26.337757 1.021554
72.247653 24.332004 1.017090
75.148853 25.467105 1.017510
40.245856 28.596522 1.021290
62.598124 24.203976 1.032290
54.222084 15.984714 1.016756
63.872272 24.123663 1.025165
59.618154 25.148503 1.023262
64.964952 23.608861 1.024289
51.919926 19.694605 1.019380
53.291260 15.479565 1.026551
55.550883 32.381663 1.023856
36.393781 19.960814 1.022585
66.599268 19.633280 1.029843
66.814363 19.891932 1.032420
62.661354 19.611765 1.027065
39.158462 26.579508 1.029744
36.750353 24.645320 1.029298
60.949529 23.560054 1.030243
46.850407 29.007349 1.021771
46.648044 27.425641 1.027573
57.067754 27.487202 1.028768
47.863429 21.187986 1.017779
51.254701 20.390347 1.019880
49.532957 16.001739 1.033240
57.046611 16.709579 1.033248
53.385623 17.051737 1.023822
57.657613 18.098839 1.017656
41.773597 30.545682 1.019741
46.220522 27.750788 1.020188
59.292544 18.031640 1.021084
42.413257 26.220106 1.018048
47.746413 26.911055 1.023962
60.392274 30.078482 1.023018
56.347068 26.961083 1.031137
64.632078 30.365209 1.030452
72.481933 24.106273 1.017222
66.894652 22.139034 1.020563
59.094936 28.527599 1.032041
60.950238 18.356631 1.024019
51.708976 20.744729 1.025981
57.524805 21.389761 1.017349
48.765998 31.295088 1.020151
67.166542 25.854893 1.032634
45.193471 19.594185 1.028142
67.722165 28.104597 1.030201
46.388995 25.766849 1.033077
37.972900 24.299412 1.029281
72.015999 23.876030 1.025953
60.836079 18.338849 1.018571
62.214272 22.035634 1.031490
76.061641 31.786698 1.021890
64.284859 30.624769 1.031796
63.173359 22.434371 1.017164
61.957393 31.344223 1.017089
69.949605 25.616953 1.027732
54.997925 17.954569 1.026378
74.650154 32.047523 1.027621
54.659268 15.159161 1.017765
54.289538 24.371920 1.028619
42.720171 25.572450 1.031865
39.691539 17.017235 1.024992
51.670667 14.811697 1.017647
45.101735 23.099675 1.020273
56.697122 27.514229 1.029168
55.362411 22.180375 1.027939
65.406979 19.623038 1.020429
67.448117 32.201750 1.025641
36.684498 26.521384 1.033057
67.903937 28.520827 1.025554
59.820213 18.703357 1.023979
71.832639 31.353144 1.028250
42.520169 25.289630 1.022344
68.588244 26.691966 1.031077
74.143304 27.197085 1.019039
65.050340 29.017688 1.020569
51.718353 16.485616 1.032774
50.815278 18.342911 1.026469
58.761296 31.007638 1.029883
42.237421 30.155429 1.018510
56.737914 21.363868 1.023141
44.880953 28.532810 1.023153
51.115862 22.431368 1.030375
71.532402 32.106873 1.020170
43.028307 16.763840 1.024518
62.296671 22.207448 1.024704
75.775767 30.022498 1.020017
57.446825 27.492282 1.027037
40.065387 21.621772 1.029443
58.476557 29.246097 1.022435
73.562198 25.139739 1.025449
42.097588 18.955704 1.022495
37.114616 25.594294 1.019137
40.567189 17.966043 1.024967
38.061837 28.329566 1.032901
46.105897 28.993605 1.023892
47.296156 29.239042 1.018178
63.073937 25.462466 1.028190
69.248280 32.263636 1.027451
56.307780 29.575211 1.018955
55.516649 19.193944 1.018925
59.430949 23.664330 1.024060
61.607198 31.300116 1.027486
68.343963 25.683897 1.029572
59.939300 14.241707 1.032222
39.177057 25.551965 1.029110
66.098634 18.851186 1.016986
53.170528 16.801258 1.020271
45.258273 25.009929 1.020234
37.055098 20.643185 1.030217
42.576543 21.020797 1.030806
52.731380 21.546680 1.028454
69.563137 30.511537 1.019278
47.054229 25.156077 1.028016
44.190040 29.517079 1.030574
74.033774 25.779425 1.027617
69.373612 26.860563 1.019407
58.935514 20.043857 1.028112
35.994930 27.463476 1.022338
45.691807 28.930869 1.020685
39.061994 23.652427 1.027000
40.986315 22.664351 1.022584
55.584529 15.855588 1.019886
61.923797 21.821213 1.026785
52.026367 24.675839 1.026266
70.071952 26.156267 1.018372
57.510613 16.342236 1.032459
59.931202 20.563326 1.019452
71.146746 28.801879 1.028380
66.607452 28.808327 1.028036
65.491596 23.504307 1.022824
52.717703 19.765258 1.032107
63.042473 29.133858 1.021430
66.932946 30.210318 1.028196
44.135621 17.497056 1.018730
51.550358 23.446670 1.025656
54.258894 15.122828 1.026331
56.467325 13.881612 1.024706
46.135020 19.086392 1.019061
48.272324 14.391589 1.030563
68.146650 27.000762 1.017666
46.640544 24.761558 1.021169
45.512542 18.396857 1.030758
73.834929 27.341110 1.020359
41.635748 22.131956 1.018188
44.239113 29.133138 1.022249
62.755151 25.596365 1.019061
45.466545 28.476616 1.030623
58.406103 25.226219 1.020796
42.532136 25.354623 1.022105
69.238686 29.541139 1.024210
68.985714 27.924858 1.024378
36.244233 19.777304 1.031754
68.105387 25.983546 1.026448
36.867513 28.684546 1.024132
42.358318 23.882977 1.022489
50.655476 29.464131 1.018626
49.988648 30.130410 1.022876
67.653681 27.573579 1.024610
74.276733 31.983795 1.024584
51.589220 18.493201 1.025424
58.882126 18.010039 1.030311
41.447340 18.366593 1.023228
57.324321 25.889027 1.029167
61.518259 21.826521 1.031814
74.311078 23.197926 1.028593
55.121713 18.994671 1.020719
61.691735 21.501738 1.032401
64.024746 30.780883 1.029480
60.813094 26.733214 1.020353
53.319151 24.312788 1.017077
61.183402 16.102462 1.020547
43.598917 31.525997 1.032504
39.057037 18.713715 1.022732
54.102950 15.962226 1.023469
44.627839 30.961329 1.032710
42.671200 18.708880 1.032054
49.486097 17.651550 1.019980
47.053143 30.970754 1.019684
37.951611 20.077436 1.032220
51.783038 28.276531 1.017214
62.448591 29.714308 1.032052
58.549767 30.792792 1.028346
65.468548 31.306699 1.018617
65.594881 15.245106 1.032396
50.427067 24.429504 1.016724
52.831635 31.760931 1.028911
60.627608 17.605386 1.025707
56.173559 15.537953 1.028010
66.477081 23.837963 1.020259
64.164274 23.051760 1.033110
41.806812 24.376612 1.016866
61.085806 18.790532 1.028338
48.658122 31.324036 1.028233
53.850589 20.234574 1.027851
55.020083 23.088111 1.028214
67.427552 27.529942 1.031170
72.463385 31.316398 1.030977
47.168431 20.533812 1.020110
40.572710 22.856273 1.031918
57.061462 26.052266 1.032287
37.915639 20.569620 1.030599
59.278636 27.180816 1.032705
55.198351 14.040049 1.018311
43.657466 21.222095 1.019966
47.430066 20.519244 1.029978
65.679914 22.080594 1.026834
50.998022 18.944323 1.026243
64.742688 18.480169 1.026102
67.408300 32.298110 1.025022
38.663808 16.368038 1.017154
55.450316 15.972603 1.019940
67.464672 28.285410 1.025351
54.875171 14.433989 1.029349
59.527087 24.139267 1.022742
45.592440 29.982496 1.031555
54.040845 26.782181 1.023375
49.145529 27.436876 1.020993
41.952344 20.538247 1.026286
47.920376 17.269524 1.029359
37.485898 18.745652 1.026391
45.048555 16.832764 1.020769
65.947438 25.475653 1.027800
71.726540 28.613845 1.029890
61.662220 26.747094 1.032602
52.775060 20.108695 1.017714
60.266546 17.202691 1.032126
52.736990 27.024013 1.028693
68.997360 24.500483 1.021406
46.407757 28.474919 1.032820
49.598467 31.109314 1.021428
64.578042 18.482218 1.021127
43.070079 27.608703 1.026836
64.055874 26.318453 1.018776
51.758012 21.239774 1.031309
62.950289 25.451206 1.021626
48.973577 23.613754 1.023090
45.890216 21.535734 1.020448
64.227773 31.344082 1.017442
49.664186 31.045026 1.028963
55.306291 15.404713 1.020319
45.067067 31.246190 1.025232
56.344390 24.762970 1.027520
41.204144 26.872029 1.028414
47.804815 22.454647 1.020486
59.361414 15.384725 1.029320
48.315301 30.738917 1.022088
54.084330 16.151325 1.026344
73.832969 32.047389 1.029192
48.370524 30.308567 1.022403
54.247064 32.036861 1.026366
59.788576 17.270810 1.024777
53.954843 23.420260 1.031398
42.824434 18.532217 1.033054
66.666455 28.818902 1.031872
59.369967 26.094103 1.018547
38.406996 20.918094 1.028268
63.370814 17.247482 1.028022
42.601872 27.745162 1.029326
70.107971 29.047952 1.033098
59.966562 22.059141 1.031324
38.504952 17.536559 1.021282
46.090311 32.192914 1.024982
61.215989 28.158602 1.032706
43.296232 27.887193 1.020965
37.786170 20.280937 1.031380
64.638515 32.413231 1.017373
55.816199 16.382127 1.031289
69.353577 25.586438 1.017340
65.490702 28.512390 1.019188
63.857830 20.024438 1.027994
57.630622 14.744360 1.025989
41.333733 25.079588 1.022262
37.295963 28.477581 1.024925
65.230468 27.871030 1.030247
36.536989 23.821450 1.022398
63.779427 16.097163 1.017168
46.021264 26.991538 1.027956
52.946730 16.696539 1.024795
46.721404 30.243898 1.029489
50.951340 16.865571 1.024480
62.803300 16.999401 1.028779
50.933688 29.235960 1.022222
61.185111 26.608460 1.028997
48.549942 30.381626 1.025132
65.408104 30.049268 1.016781
52.634865 29.539792 1.018018
55.870402 30.856479 1.017448
53.091628 20.333631 1.026368
64.290579 27.084220 1.020177
70.409954 26.337707 1.025434
48.524986 28.518981 1.025400
56.070752 23.634596 1.019325
46.395274 15.988049 1.020224
42.403730 18.727651 1.027269
40.780436 19.227822 1.025013
59.914695 15.344166 1.026905
58.689595 26.498744 1.032969
36.203491 25.492408 1.025718
39.420430 24.130542 1.032689
67.255007 31.636320 1.031833
52.484778 23.687906 1.018237
65.665416 20.393700 1.024929
57.119626 32.038433 1.022352
73.279162 29.412908 1.016910
62.718062 27.209385 1.025312
41.940772 22.716449 1.023300
74.563277 24.574005 1.027578
58.047010 26.968916 1.022784
49.926940 27.772214 1.024373
47.872564 32.123037 1.027931
53.202941 23.859649 1.032021
60.430945 22.987859 1.020361
52.632593 32.005348 1.033175
42.774402 29.261316 1.018950
64.428667 31.954588 1.022809
54.836208 27.430379 1.030803
52.131327 15.491502 1.026882
51.623006 27.587434 1.023249
64.545092 18.660125 1.026556
47.313656 25.958202 1.026948
48.479512 16.373709 1.019698
70.965706 31.749705 1.022640
60.060814 19.184615 1.032691
41.526265 29.622568 1.032914
38.365712 17.015670 1.033054
63.740699 22.718479 1.030435
46.586589 15.685567 1.030935
63.677429 24.202264 1.025715
54.734264 21.056394 1.019718
51.223410 15.936582 1.028655
54.190509 19.972118 1.020851
59.475850 28.961392 1.022531
60.951803 16.081924 1.029030
60.008736 14.865102 1.018769
60.675179 14.342792 1.031078
56.446758 17.220881 1.026152
44.230082 23.773015 1.019961
48.272650 30.598321 1.028260
65.113243 19.576506 1.029174
58.791238 24.329062 1.020901
59.893894 16.492919 1.029311
61.167791 31.271824 1.030252
48.011041 29.992592 1.023956
59.932459 28.041891 1.022256
58.814593 15.632393 1.028403
64.402113 15.011707 1.020311
39.417880 28.087432 1.031244
57.021236 17.302458 1.020313
46.105802 28.440274 1.031207
60.934208 25.956861 1.029771
65.136400 28.908882 1.018759
50.703572 17.180989 1.031247
72.568280 25.588024 1.029850
44.336752 17.426174 1.019766
47.884842 24.607075 1.022421
52.027594 23.995435 1.030467
71.071270 29.281809 1.022420
56.900204 23.148082 1.017718
61.779318 25.068965 1.030925
50.344250 21.418280 1.024998
66.561659 28.157680 1.032464
64.942285 27.070352 1.021029
41.435809 23.913564 1.023732
65.339843 28.132689 1.026625
59.098398 20.170473 1.023398
51.255508 14.130384 1.017941
57.526171 14.861224 1.027981
47.088864 15.036368 1.031087
42.899109 19.071455 1.027558
53.435559 28.439350 1.019223
49.703775 18.935377 1.016807
52.080181 20.433289 1.021540
44.499936 18.512895 1.026389
37.278616 24.786273 1.033121
53.001345 18.891997 1.021360
51.869159 18.379081 1.024345
54.787139 14.002060 1.019599
72.057144 23.877430 1.022403
63.899108 21.014641 1.028858
55.164868 18.394045 1.030466
45.835298 20.568821 1.030532
53.491236 16.533361 1.016670
56.202311 20.638179 1.017024
52.882161 31.944909 1.026860
44.255546 32.336468 1.019031
61.343893 25.741377 1.025195
74.496430 27.317733 1.028710
54.773712 19.859040 1.018525
54.469302 14.074277 1.024299
57.643988 18.077389 1.018098
53.529490 21.658546 1.029174
59.432036 22.513009 1.019502
43.285575 17.573634 1.030825
43.391051 30.319151 1.028941
74.688252 31.953683 1.031260
62.059951 19.731730 1.023199
59.567117 13.782463 1.027868
61.709761 25.895981 1.030042
74.950063 30.291998 1.029272
54.645207 15.333555 1.034537
56.240758 14.798190 1.038480
61.508819 24.659453 1.045776
40.702666 26.892852 1.045364
68.865479 26.320429 1.045179
54.171368 15.652218 1.049661
66.360036 22.553670 1.037850
55.745070 31.867560 1.034565
60.787702 14.381903 1.037587
50.153269 29.974415 1.038421
41.686762 26.768545 1.035552
58.145647 31.957653 1.046853
57.262540 24.860278 1.045157
62.334338 22.245179 1.046384
72.384077 30.876113 1.043645
45.574678 29.418015 1.034399
55.324642 23.226850 1.034666
62.533757 24.155028 1.039681
56.099698 24.296426 1.035852
69.151081 26.587659 1.038591
59.481991 31.818296 1.035740
62.263955 22.045229 1.034310
57.835159 16.842580 1.039761
58.584107 26.747759 1.047360
37.660381 26.854388 1.036713
50.730233 19.847838 1.049206
42.444521 17.766330 1.047669
48.516635 18.609992 1.046465
45.420044 28.023193 1.037681
37.864899 23.358576 1.046993
46.760472 26.053904 1.034196
66.990608 16.958229 1.033817
63.289603 15.220865 1.043662
60.521831 31.898708 1.039063
64.369344 25.309836 1.049530
49.523762 27.541643 1.035918
45.593220 24.322847 1.045074
66.898326 18.855294 1.044246
60.676976 31.037004 1.035114
42.394839 21.202040 1.035959
58.997066 18.778871 1.033681
61.129246 18.450600 1.045538
37.275557 26.050235 1.039756
52.979701 21.309995 1.044503
49.643993 21.660149 1.039758
69.767098 29.950429 1.045260
63.016352 14.489126 1.045226
65.941357 17.350432 1.039400
61.192535 19.933413 1.044595
63.324642 23.636190 1.046498
54.953823 29.642513 1.037364
55.325939 17.140275 1.044211
36.024459 21.553839 1.038246
62.719580 24.666852 1.049677
36.174110 27.592967 1.044003
56.401314 31.999720 1.044687
58.740858 15.848105 1.040061
53.357967 22.689849 1.040261
61.537406 21.590092 1.043636
72.967926 25.422216 1.036124
57.651126 31.655462 1.042248
55.319879 22.113828 1.045754
52.398599 23.976631 1.033798
65.891361 17.038134 1.037917
40.868316 26.038412 1.041893
66.827891 32.419267 1.039731
62.750356 19.806187 1.035096
43.993643 30.845627 1.039137
67.070991 25.119612 1.033569
51.473227 16.948248 1.044823
48.937497 23.330099 1.049738
56.660989 32.374300 1.045930
44.504881 16.876733 1.036100
65.022137 23.619547 1.044818
41.224818 21.500230 1.048153
53.962473 27.121828 1.038911
53.973296 26.533063 1.049766
60.676625 28.060251 1.036063
62.503820 21.484060 1.034604
59.879525 32.552784 1.040565
49.847918 26.607613 1.040129
58.198921 24.179926 1.039494
67.218390 28.641824 1.046515
43.324540 20.196813 1.049679
52.471429 15.113466 1.045286
63.505434 30.350764 1.047273
55.620124 22.290488 1.041822
46.541799 32.026638 1.047589
68.979295 25.328425 1.041436
64.180091 18.794470 1.049355
39.298357 25.107568 1.040756
47.414576 14.671400 1.034833
58.263613 19.048499 1.042107
65.578211 22.464843 1.047378
56.923039 15.627115 1.036558
66.148113 29.715083 1.035124
62.953303 19.099967 1.039649
60.292112 30.285136 1.039200
53.508798 18.619312 1.037113
41.582613 22.705515 1.047222
61.376399 27.856146 1.043745
64.487887 19.053654 1.047686
49.132806 28.520948 1.046955
54.072603 15.819639 1.040260
48.921666 19.487313 1.048480
52.641699 31.153379 1.040985
62.459201 18.205027 1.039086
63.101670 16.393798 1.038774
57.585028 31.208958 1.047477
45.996025 31.277142 1.049935
66.266111 15.143847 1.036821
55.731903 27.205030 1.038093
65.352048 25.387970 1.037966
50.634909 16.961661 1.040311
42.530272 21.001160 1.038634
44.768022 29.322367 1.048581
53.974736 14.890090 1.044168
37.162144 27.162164 1.035928
60.036059 18.679973 1.043381
45.698374 25.945352 1.041137
68.039830 27.286742 1.047330
65.552471 17.650012 1.040074
66.256793 16.145066 1.040878
44.020467 24.230306 1.048575
67.921177 23.743556 1.033594
61.907914 20.484000 1.041579
62.170651 21.257919 1.046879
36.511870 18.128307 1.043696
38.656362 22.181430 1.035137
72.488612 29.887224 1.048841
58.946010 30.109445 1.033598
51.538167 16.465167 1.039741
68.807650 31.903808 1.036120
53.135009 15.918991 1.039908
65.117303 22.912559 1.034106
75.587937 29.588468 1.038696
45.329814 22.921175 1.038748
53.436842 15.148398 1.046222
54.874899 26.126478 1.034873
42.832361 31.632126 1.046340
46.660409 15.403810 1.036185
57.297911 31.748910 1.042694
37.821783 26.642280 1.036347
36.346646 22.874283 1.037338
55.828793 29.178424 1.040236
51.510992 17.574467 1.046925
59.473789 28.084574 1.040074
70.438153 25.559502 1.041428
68.416720 25.479966 1.042489
63.546695 24.421466 1.033788
58.490102 17.691630 1.040633
74.855672 24.605833 1.038968
52.617740 19.529333 1.049448
38.169132 25.002844 1.038838
60.010972 22.670649 1.047002
72.636918 26.061177 1.046735
47.171144 19.697639 1.045677
49.931915 31.358804 1.039874
51.883693 18.784935 1.047195
74.255683 24.147049 1.045529
46.673029 25.623911 1.038673
41.509660 30.254643 1.048889
66.355186 28.217215 1.033663
62.046859 14.681387 1.047507
40.971512 20.806760 1.047544
56.206850 30.125892 1.049081
55.521124 21.727350 1.048960
65.850169 29.335015 1.034230
53.341795 23.105730 1.037506
70.160391 29.015658 1.037540
44.946973 26.262884 1.035086
64.416938 17.521077 1.041223
74.836417 24.601143 1.038119
50.682862 28.456263 1.042985
68.897800 27.668132 1.043916
66.304464 18.054544 1.047030
64.883834 21.974480 1.036829
64.617455 14.776633 1.035426
59.657002 28.646874 1.041275
67.177633 27.388126 1.035469
53.861956 21.518504 1.043451
46.923723 23.853383 1.048542
46.889682 20.658628 1.048582
56.700901 20.686832 1.037746
61.018005 23.390121 1.037758
67.681392 24.009211 1.033568
55.337450 15.586661 1.041764
59.676986 23.145260 1.049327
61.301472 20.516414 1.040523
40.679974 21.600643 1.040484
54.861560 26.993544 1.045967
74.011444 27.756958 1.045126
42.397114 18.907668 1.045202
43.334902 31.864964 1.033681
50.073336 22.360663 1.048881
55.852454 16.264491 1.043440
54.270771 18.882768 1.035272
44.685079 28.725913 1.034975
48.387667 30.184777 1.049647
51.403821 31.461677 1.038990
57.121916 16.830607 1.037401
71.503745 25.951264 1.033589
48.003671 18.425765 1.036613
37.057250 28.449402 1.047794
52.640468 27.614429 1.033983
56.144340 22.859877 1.038058
49.795996 14.118797 1.037099
59.089416 22.707062 1.036045
68.600898 25.415142 1.037328
65.251093 20.442208 1.048561
74.753869 23.361283 1.044280
64.455472 20.916963 1.033585
50.503687 23.493718 1.048024
37.569765 23.179763 1.046729
55.260555 30.228344 1.049788
61.110288 30.104524 1.047104
66.146213 23.461226 1.046398
74.062151 25.702317 1.035632
69.665876 24.401942 1.034732
44.149096 21.537351 1.046883
63.619490 28.748966 1.042089
45.313181 32.135964 1.041876
58.245204 27.715485 1.044813
57.219711 23.366006 1.047469
46.143483 17.607921 1.048001
51.291960 17.759215 1.033551
53.270734 19.397564 1.034012
38.411998 24.316774 1.045132
53.507367 29.484693 1.047291
50.742987 26.329750 1.039304
75.137512 29.819999 1.039559
52.003062 19.708530 1.046498
46.057444 22.473949 1.039859
64.069442 19.130265 1.033825
53.124487 23.841798 1.033798
64.753509 20.467885 1.045732
63.291910 20.422202 1.038515
48.106059 32.029277 1.040775
69.497475 28.722839 1.039711
49.842121 20.079748 1.040780
61.679416 15.977511 1.038910
66.669486 23.967646 1.033593
73.492240 26.366764 1.046511
37.436266 25.599871 1.036434
68.398978 30.587108 1.039486
62.556896 20.675961 1.033963
46.211353 25.224735 1.045331
41.423394 29.843138 1.033454
48.830514 16.871946 1.038692
49.886127 22.497727 1.044487
60.819724 25.617221 1.046348
69.172477 31.614362 1.038810
53.118256 22.245448 1.033638
60.928780 20.091195 1.037487
41.737910 31.854634 1.045650
55.563177 21.981197 1.034713
59.809636 27.829596 1.044585
46.054020 18.793379 1.047750
45.871957 31.605518 1.039130
65.924698 25.886159 1.046787
62.589027 25.299513 1.039411
70.709835 26.441279 1.034617
50.812968 26.335440 1.043257
50.540081 22.431524 1.049123
58.743478 19.472771 1.039372
41.064955 27.227633 1.038570
53.032708 21.956374 1.039650
75.134055 26.307278 1.036701
57.550382 23.275476 1.038417
59.642207 24.989473 1.040945
39.670943 24.724314 1.045353
73.022250 23.599630 1.044544
46.554873 32.094685 1.045606
63.492686 14.761083 1.034928
51.219841 15.593149 1.041778
73.650184 25.981474 1.047589
39.981655 28.517484 1.045950
36.336138 28.195608 1.039051
44.464556 26.090417 1.034497
55.069912 17.135692 1.034199
43.000040 29.778188 1.035561
45.463575 21.151948 1.041899
59.877771 24.754627 1.048789
62.735701 22.386139 1.036533
47.884751 25.354339 1.041391
36.665955 20.690265 1.036961
56.202768 14.946979 1.035602
53.082099 31.281373 1.042957
50.069013 20.603147 1.041575
68.876775 24.553820 1.037021
49.184528 18.737147 1.037103
66.493020 26.583920 1.033467
60.428012 27.057411 1.047791
66.783634 19.086728 1.034030
56.092566 31.476701 1.036134
47.002222 31.524643 1.049483
49.347136 31.885138 1.037055
52.653943 19.316200 1.046893
69.166223 25.737740 1.039962
63.572990 19.817140 1.036110
57.849860 23.375059 1.036978
45.427689 21.343241 1.043876
57.576448 23.144169 1.041366
50.124263 26.443447 1.047072
65.312221 18.332548 1.045120
70.367610 31.429398 1.033880
58.205059 25.538570 1.039283
49.392321 31.879508 1.038607
56.930066 25.856998 1.036079
51.739698 20.912323 1.041959
62.691634 25.018515 1.043022
36.867386 25.063415 1.047179
59.563034 15.800011 1.047826
74.822935 29.187188 1.046617
66.489370 26.144749 1.038606
57.799883 29.964546 1.043607
48.247298 17.360344 1.038459
74.856068 27.675561 1.033668
62.093845 18.399851 1.036921
61.348238 14.729685 1.039697
41.203138 26.722924 1.033571
50.366781 25.130404 1.048681
37.609465 24.009034 1.035877
59.867538 30.202886 1.039743
72.411698 25.283743 1.041452
53.271299 29.462574 1.034941
43.996539 22.776425 1.045839
68.549232 24.464366 1.042057
64.548933 22.085654 1.040602
65.202244 18.683121 1.044285
72.909582 24.135217 1.033437
59.806919 28.949632 1.045593
56.205970 17.348946 1.045181
41.182237 26.932966 1.044652
62.933048 19.096436 1.049645
66.473343 30.184557 1.047483
44.935079 19.065480 1.043158
41.388304 29.494808 1.047154
64.120452 26.313974 1.044823
66.035738 28.402841 1.044300
38.485252 24.639817 1.037851
60.862981 18.830903 1.041106
66.395735 14.979598 1.043387
51.268107 28.838494 1.036447
61.790932 30.535915 1.036718
42.584817 31.082427 1.034863
43.307444 26.901568 1.049529
69.535738 28.647587 1.046370
58.883205 18.277655 1.045285
67.950077 28.863391 1.046324
68.924507 26.077670 1.046594
60.215740 14.519565 1.047339
62.346211 23.482685 1.044606
41.155443 26.835273 1.040758
50.993382 22.427291 1.043541
50.226638 16.677464 1.043464
65.231720 19.172646 1.041925
46.937024 14.234756 1.041475
56.843419 17.882027 1.037322
43.049320 20.479892 1.047280
65.811143 20.577123 1.034758
56.433768 17.734093 1.045614
52.113529 27.050369 1.047744
50.073977 29.102660 1.048873
42.558520 32.007435 1.045990
53.766350 28.282809 1.040345
45.406412 18.718782 1.041347
54.281353 24.153175 1.038988
55.507096 22.591655 1.039381
41.511982 18.433593 1.036338
59.689298 28.250589 1.035241
45.319326 25.377773 1.037059
61.250622 31.937116 1.037677
43.869096 19.145136 1.048290
59.296498 18.635499 1.040142
66.789008 17.608309 1.042814
53.413695 20.871138 1.047461
72.560749 25.844491 1.034725
72.600573 26.607572 1.048595
45.388183 30.289990 1.043352
60.461700 27.522987 1.036644
63.760058 23.971103 1.039215
41.460543 26.773776 1.039353
59.880930 28.309997 1.034216
50.040515 26.273487 1.042886
44.904001 19.550738 1.038829
39.230848 17.418722 1.035824
53.858462 18.152632 1.041127
57.807521 23.074257 1.043047
39.394956 16.529410 1.046588
51.394829 32.532936 1.043386
60.569855 19.343086 1.046998
62.610879 30.684674 1.043879
63.461920 26.889521 1.041683
56.409487 30.422959 1.039127
43.100298 23.982725 1.045470
61.333973 23.727199 1.038447
37.282940 22.100536 1.041221
39.450186 18.470822 1.038874
37.401971 27.838775 1.046036
39.304759 18.407576 1.036970
47.293032 25.703869 1.034872
50.959667 30.321979 1.048475
42.040637 26.868740 1.045218
49.971912 21.166003 1.049203
37.896765 20.186276 1.041437
63.046507 14.609602 1.047923
68.828100 30.641700 1.049973
55.978684 18.390578 1.048721
60.860800 23.916199 1.040808
52.771180 25.843892 1.042145
47.279076 30.814237 1.034231
56.061068 18.587055 1.035826
49.531358 27.525418 1.036036
62.057742 21.508439 1.038673
52.786608 19.854176 1.033812
50.559775 27.487188 1.046097
56.163676 16.693747 1.036566
63.692642 20.081645 1.034357
71.427423 31.342351 1.035040
60.072123 15.780017 1.039176
39.958963 28.192730 1.049305
59.634129 20.950102 1.036663
62.792600 16.003906 1.038646
42.609331 24.749756 1.046225
43.835113 17.316400 1.034904
66.827845 24.461552 1.038193
55.448017 31.996838 1.040867
49.327620 19.826122 1.043582
70.008015 25.293269 1.045987
69.315181 25.960993 1.035221
59.955370 23.110969 1.045451
49.046599 27.753214 1.048319
37.050492 20.420107 1.044478
53.768031 24.310466 1.042870
60.186968 20.273816 1.047636
43.954683 25.268260 1.041178
39.179983 27.008114 1.045520
44.577329 23.996339 1.034506
70.399629 23.830395 1.046170
73.859377 23.046076 1.042794
67.670729 28.924695 1.044096
59.391984 22.165204 1.038852
51.436052 14.339368 1.048708
55.729937 19.283150 1.049850
57.074506 18.010565 1.039402
67.156610 27.586548 1.046657
64.359808 27.875752 1.036642
37.930362 17.003698 1.048442
47.751540 21.698460 1.043499
51.878775 23.754574 1.042245
65.972726 31.974021 1.037923
62.255383 15.680914 1.045769
61.445094 20.951230 1.049119
40.910434 19.360944 1.049652
43.704394 26.715095 1.035559
52.701007 25.445784 1.041591
71.149574 25.871743 1.039710
66.960256 16.941272 1.046421
63.829355 31.863568 1.038033
46.166771 21.064327 1.035301
51.077646 28.718944 1.039030
40.930616 27.837265 1.047129
63.275652 29.686917 1.042791
54.512907 13.889801 1.033518
67.665390 23.461528 1.039759
62.845469 27.981554 1.047127
65.684557 14.636918 1.035917
55.944780 24.144269 1.045615
64.767679 22.016493 1.034917
47.509845 19.963367 1.038712
67.616673 24.135810 1.046072
54.739983 20.611923 1.035990
47.548639 22.278783 1.039528
58.469512 25.437031 1.048570
58.569861 16.669962 1.048268
54.697837 31.340773 1.037407
51.388428 14.454773 1.048488
60.758487 19.121754 1.036995
52.270740 15.535222 1.049405
64.053581 28.482049 1.035369
47.472281 15.119141 1.037150
61.490609 20.759369 1.049419
60.229362 15.190251 1.039134
49.432312 20.535724 1.047805
69.899803 25.617973 1.035294
68.408765 24.579050 1.040908
58.305381 23.871062 1.041663
53.695875 28.286334 1.035890
62.431179 15.216235 1.048552
62.112237 14.912803 1.040818
45.843787 31.570570 1.034508
61.941102 15.860274 1.048124
53.409149 21.685137 1.034383
57.451060 30.186553 1.039119
40.520863 18.415157 1.045404
60.549256 28.852760 1.046953
72.576875 32.379613 1.036971
59.099449 25.219003 1.037677
51.948155 19.993866 1.048239
57.667926 19.200241 1.042011
48.073481 14.854732 1.045867
61.155121 29.070339 1.047132
60.045154 21.416180 1.034153
50.413608 30.526841 1.040548
65.867969 17.395162 1.046080
66.705576 29.904596 1.033528
60.855609 14.072593 1.047255
52.625022 21.026251 1.042589
60.838750 31.640539 1.034257
44.689154 26.738806 1.048828
38.312020 24.595527 1.037501
55.958557 23.671574 1.048418
73.124403 23.031301 1.046905
58.371224 13.836573 1.045374
53.680557 26.625256 1.044633
55.275834 23.546976 1.038539
60.589820 14.910116 1.048916
46.482081 24.616270 1.040804
73.266585 25.402612 1.036805
57.791458 16.625930 1.046148
70.340351 28.677058 1.037876
54.509281 31.520863 1.038598
70.454703 30.808434 1.035808
56.936550 14.159668 1.038451
68.918888 32.065776 1.034232
55.767202 18.593123 1.039743
65.227736 20.369694 1.047529
51.388573 24.475690 1.034213
51.217810 20.211353 1.037460
53.864459 13.904579 1.044088
42.858966 28.434885 1.039936
61.342204 19.665321 1.036336
48.714254 23.039211 1.033615
58.129503 24.082952 1.049828
43.350017 28.671548 1.035773
48.111837 32.181774 1.044936
41.759221 19.243105 1.045825
42.844965 26.539132 1.034661
64.993302 27.758233 1.044933
46.243117 24.620032 1.048699
63.665629 26.624535 1.038377
59.562522 27.880440 1.044013
56.258835 23.254854 1.049780
53.853418 14.535170 1.045229
50.327786 32.246306 1.047236
64.946406 21.766047 1.040464
37.183193 27.973024 1.037160
49.479155 32.406097 1.040884
64.674201 18.532079 1.038967
64.227450 30.068516 1.045674
41.303217 30.779822 1.044010
63.243581 21.947436 1.048960
56.933510 16.799376 1.040275
42.587625 31.673377 1.044087
66.791792 30.811600 1.038524
61.453415 21.512211 1.036678
65.432689 18.353718 1.038562
40.711182 21.342482 1.034138
48.814489 19.111998 1.047202
67.226596 26.964441 1.042183
43.279994 27.810077 1.035808
55.482453 21.550259 1.041998
64.334828 30.534214 1.039442
48.152499 18.367827 1.040302
62.749638 22.796590 1.049416
40.726444 16.914046 1.038576
47.032432 17.974777 1.041159
51.380943 25.147450 1.037488
60.470721 14.205408 1.047258
49.235688 25.243842 1.039826
62.913958 22.427227 1.037688
67.279019 28.122958 1.047090
70.149999 29.997330 1.045787
52.947539 30.822469 1.038371
60.609911 16.050306 1.045585
52.724557 17.121160 1.047146
53.066378 24.849265 1.045663
61.266967 29.319797 1.039376
45.011288 31.875481 1.042461
63.527060 22.881732 1.042465
58.625915 31.794715 1.043613
58.855068 19.252026 1.044487
58.769080 17.474642 1.048748
36.567995 18.837226 1.049188
62.772557 16.793706 1.048359
51.386381 25.188156 1.038671
49.931481 14.200686 1.044793
60.100802 21.256730 1.039578
38.233398 20.896729 1.045507
58.265396 17.757777 1.049206
65.370923 23.979677 1.038113
48.992052 14.223501 1.044564
61.869821 16.325322 1.037419
67.536271 30.635133 1.049935
51.078699 19.876330 1.034112
50.438896 17.528077 1.039519
61.504449 19.939547 1.047010
57.057859 29.825075 1.040620
58.720629 25.470745 1.047870
71.620671 26.700361 1.035577
67.106196 29.671780 1.043843
62.224807 24.146666 1.048873
61.679909 31.523888 1.046859
39.770853 23.474648 1.048458
39.434009 28.135710 1.042962
57.750758 29.301657 1.048822
59.582779 22.170680 1.049359
41.061443 30.531658 1.037500
51.118219 29.535439 1.046112
50.355281 17.455235 1.046157
52.549358 31.132631 1.043534
42.381749 20.201438 1.038053
44.988929 28.222150 1.044963
65.444860 31.910111 1.038979
71.644213 23.756237 1.048536
42.345838 28.703006 1.041097
40.590202 21.143849 1.048937
52.643077 23.647691 1.044982
50.393511 30.242949 1.046127
65.122457 32.285763 1.036683
69.316598 30.314301 1.047834
49.432040 29.917219 1.049798
54.909951 14.701107 1.044516
66.704329 16.279201 1.047117
60.232425 29.069898 1.036123
53.181710 26.346413 1.044861
61.067983 29.241545 1.045839
69.661733 26.959402 1.046195
60.095275 23.613537 1.046202
52.811531 15.016504 1.044373
65.265116 26.546345 1.044756
63.286118 16.850996 1.044916
36.450881 19.035650 1.036627
59.278795 17.379406 1.045226
52.323991 27.612696 1.040409
43.801519 16.820211 1.033320
49.986311 14.369950 1.049329
54.101578 30.123411 1.042996
39.977650 25.340398 1.034312
37.372354 17.343123 1.035189
44.389959 32.037357 1.037543
54.084963 30.094763 1.042230
46.587946 22.632529 1.049344
64.460696 15.575330 1.039674
56.000379 22.304294 1.043394
60.751205 20.268135 1.034964
48.531785 18.116127 1.040205
72.325082 26.045411 1.039115
38.511340 16.524849 1.040446
46.580294 22.325868 1.044959
66.924609 31.096666 1.046224
55.468945 14.752489 1.041151
67.009364 29.288793 1.037773
53.761213 25.929128 1.037564
48.510372 30.770559 1.038595
69.737697 25.969509 1.036760
57.192223 18.103901 1.048546
39.042021 21.723624 1.048728
60.894624 23.661655 1.039998
53.262770 20.135112 1.040383
47.706048 24.441980 1.041185
53.515695 16.261167 1.040447
49.734713 32.519938 1.046958
58.198284 32.083200 1.036831
49.469538 24.203190 1.043964
41.672055 17.648043 1.046445
57.200995 24.843316 1.038875
49.955969 26.949089 1.046031
47.232289 25.142335 1.041134
65.080483 30.039140 1.035184
42.982277 24.357979 1.044846
41.010564 27.881448 1.042274
40.193796 18.842204 1.042140
56.029748 30.003759 1.042679
53.856221 16.351344 1.043913
65.492189 19.914977 1.043490
45.633995 22.482730 1.049928
61.818456 27.425229 1.038234
49.809726 21.212103 1.039049
56.892068 24.394939 1.034814
43.625096 28.057738 1.048346
63.167433 25.640948 1.049868
75.063290 30.393757 1.033356
45.714865 21.012721 1.035069
48.093027 19.127743 1.048398
41.579677 21.229198 1.038587
43.506599 24.720673 1.048122
65.400072 15.813270 1.037524
60.189352 14.807044 1.033871
43.960096 32.004722 1.037208
50.756164 20.744883 1.042378
51.514287 25.915075 1.043512
74.277490 27.257225 1.046389
44.319453 22.168743 1.046312
44.708113 23.800625 1.049463
65.395026 17.385070 1.045405
37.562295 28.620532 1.039167
37.301711 27.081683 1.034780
47.324215 15.032140 1.047164
64.925758 21.019583 1.038795
73.501079 31.863606 1.036745
54.394842 29.750705 1.035064
56.648284 16.367707 1.046075
61.347266 19.850980 1.040180
52.753950 14.079422 1.035543
62.871289 19.847726 1.042979
43.309799 30.552200 1.040063
37.113594 19.015168 1.034171
43.764277 15.960526 1.043037
45.243954 32.335185 1.041483
55.386896 24.155139 1.037344
49.125926 24.356953 1.045405
51.084989 25.156160 1.042903
42.217046 20.612727 1.034653
48.242946 15.519297 1.038748
42.950053 27.283889 1.040649
65.470182 18.647900 1.034811
45.446851 22.045528 1.047194
47.855978 24.874270 1.034839
41.358792 20.698648 1.040231
45.838979 16.864503 1.039421
65.278436 29.862062 1.049521
51.480073 18.290881 1.049507
53.838444 21.065758 1.037535
57.006220 14.634856 1.034194
38.891542 17.633200 1.040697
66.914557 16.834655 1.046035
63.327413 25.997468 1.039509
39.562021 23.319390 1.045329
67.570698 25.175129 1.048752
39.407036 18.139247 1.035061
57.952090 14.389604 1.046859
43.161045 24.976900 1.040593
58.617115 18.168831 1.036428
38.668375 16.594530 1.046621
41.810709 26.780199 1.033737
50.720490 23.165787 1.042307
48.626630 22.478076 1.043486
58.636727 29.993212 1.037705
47.259440 17.296334 1.041308
53.812957 21.802649 1.040245
52.949586 23.297937 1.044362
51.921555 23.784217 1.033483
61.468901 26.686211 1.044854
50.894064 22.622322 1.049307
60.221477 17.237109 1.041790
45.973718 31.331274 1.046473
58.548407 27.475274 1.037975
49.965118 14.888690 1.045246
52.017078 17.109350 1.035639
70.850971 29.387432 1.042033
73.238182 31.591235 1.033895
48.316224 22.661526 1.038821
61.556479 30.518985 1.034955
65.986719 15.431920 1.046763
67.779140 27.591856 1.048298
60.225524 23.867483 1.044969
65.671224 26.295475 1.043633
44.224009 20.515073 1.042674
66.736506 30.636698 1.035596
57.136798 20.754713 1.046174
59.464466 17.659966 1.039537
57.450182 18.225451 1.044813
43.539253 30.252941 1.045469
52.484628 15.277081 1.037792
38.890082 16.769917 1.033393
62.362758 16.403179 1.046180
46.215148 31.120021 1.040663
45.998689 18.825644 1.047681
52.231839 27.893865 1.046276
48.115884 30.892478 1.043607
58.056222 17.902031 1.048304
61.616206 22.905294 1.042584
75.232222 29.791763 1.046356
58.193831 21.042565 1.047439
62.938905 29.227978 1.040464
66.622268 19.387690 1.038941
57.642654 27.826399 1.048718
68.893302 26.095149 1.048614
42.017085 26.095643 1.049641
54.055597 20.471764 1.038650
51.033628 19.805871 1.034495
41.660739 20.457212 1.034902
59.735018 16.240490 1.040204
60.415397 22.853239 1.038091
49.298842 15.260398 1.034764
46.992842 17.937822 1.047518
65.816843 32.427333 1.044989
69.140552 28.149569 1.046255
55.231737 25.652340 1.049888
49.616163 14.275802 1.047628
40.302029 26.651690 1.037341
72.529784 26.050633 1.042043
45.024226 16.392687 1.046965
51.921501 13.826802 1.044926
69.003476 27.507755 1.044622
52.609852 29.817987 1.041463
64.336018 19.878191 1.047412
44.062564 22.210865 1.041735
49.667560 15.082235 1.048482
74.443514 24.883647 1.033741
53.950571 21.824004 1.035350
40.126730 25.046393 1.037943
65.668314 23.529625 1.042009
44.266003 27.418938 1.040642
70.391952 31.766814 1.047655
44.424873 16.924207 1.037372
74.168556 32.154480 1.046453
67.055481 28.515109 1.049459
38.088272 27.191295 1.049129
43.702033 26.822185 1.039221
47.684429 18.577747 1.037173
51.713495 27.752448 1.047042
47.315284 25.947889 1.047058
46.718774 29.465098 1.035259
65.151141 18.259763 1.036211
50.889110 13.829542 1.040765
54.720676 28.992482 1.043764
64.982324 30.401098 1.045992
53.686698 18.434175 1.037794
66.730040 23.584275 1.037640
66.739787 24.143339 1.043706
42.209104 20.387132 1.036443
56.298309 16.056249 1.042141
54.329662 13.840723 1.042618
54.312896 25.240797 1.042627
60.951351 27.392968 1.048356
44.007530 22.273319 1.038575
75.410087 28.669279 1.047927
59.062256 19.443104 1.040766
45.304228 24.527455 1.040281
56.522512 22.402307 1.039249
59.592989 19.558214 1.036227
56.749751 14.689254 1.038936
64.546341 26.989795 1.047463
71.601108 30.956640 1.038026
61.814170 26.361187 1.048602
75.694790 27.559314 1.049799
54.469569 28.752776 1.039520
53.103854 22.986483 1.043931
60.363414 19.807267 1.043479
65.333821 27.758431 1.039322
71.513866 30.449699 1.039009
41.158753 18.409269 1.035247
41.381607 26.144720 1.041642
56.685831 24.335137 1.035964
54.744977 20.108543 1.039883
41.658135 23.449973 1.036781
59.503108 27.193340 1.042904
66.661347 16.753522 1.045337
66.512092 26.667440 1.034117
40.025316 28.721620 1.034486
43.622485 23.021551 1.037047
49.837463 32.504348 1.039523
71.284665 26.553361 1.048138
67.978119 29.437526 1.038708
65.332360 24.205625 1.035039
44.029907 20.117318 1.039003
42.059742 32.428401 1.047170
54.547548 22.044033 1.034524
45.382583 20.873348 1.037409
51.168422 26.447461 1.048198
47.133299 29.369527 1.039759
65.236945 27.371142 1.049110
61.099880 15.716856 1.033400
52.850262 28.756453 1.041572
37.885916 21.449336 1.035868
49.085075 19.583817 1.040663
55.590648 20.149919 1.042095
61.696323 24.952643 1.035927
74.133360 28.402191 1.033370
43.553040 21.184135 1.043993
59.322777 21.461912 1.037012
58.909983 20.791518 1.036711
54.397527 28.572891 1.040764
64.449371 26.342794 1.041378
51.469037 16.536721 1.044063
43.926953 27.270934 1.048178
66.244697 17.178901 1.043393
50.877154 31.572854 1.035284
48.212586 27.715171 1.035116
65.968131 22.136244 1.041590
46.782788 30.548824 1.047834
68.575283 29.191414 1.034135
75.219597 27.958898 1.048120
55.568636 24.099257 1.048438
53.357023 29.375163 1.036257
68.865619 24.496276 1.037843
51.306002 22.095632 1.047805
49.792765 20.428781 1.044377
60.960074 28.200140 1.035978
69.162918 30.790600 1.041931
51.332433 24.912801 1.045930
57.949121 24.523568 1.038239
63.081967 31.434507 1.040915
65.464210 15.139916 1.037393
46.945151 18.367011 1.042753
70.020155 30.701257 1.040347
60.313978 17.000101 1.033964
63.942096 21.439940 1.048874
51.894484 18.604192 1.043159
51.542233 25.003618 1.043788
43.237903 17.969968 1.041582
42.795658 25.243308 1.048301
54.007107 21.478259 1.045707
37.004291 28.245436 1.039693
46.438242 23.024324 1.044273
45.842701 30.909199 1.036774
53.664553 26.235466 1.036378
64.070406 26.209791 1.037521
74.903906 23.325120 1.049832
53.306283 18.109582 1.047096
61.841845 24.173384 1.035967
45.839882 25.332519 1.035404
72.774800 24.021711 1.040449
63.036801 27.506964 1.037716
43.842421 21.600664 1.034191
41.459017 20.386673 1.049397
64.904092 14.558089 1.046574
50.852517 22.315099 1.043243
62.086632 14.238454 1.045308
62.059762 31.339071 1.038764
63.364668 22.188144 1.046284
46.942649 23.199690 1.041147
59.823678 29.066378 1.044883
57.671750 14.473115 1.041348
48.965928 23.653320 1.038512
47.404283 20.929302 1.043685
66.294019 30.903242 1.037298
46.400359 17.286900 1.048912
50.662633 15.584590 1.048724
50.861111 31.525350 1.039885
45.122848 19.151355 1.036237
49.801516 19.083179 1.049378
70.598661 27.701791 1.047778
36.736044 20.390480 1.033610
71.741008 26.312172 1.034870
61.094254 16.148309 1.043329
60.185060 28.907039 1.039010
43.247012 26.154247 1.036584
57.311937 26.585332 1.048278
71.975616 31.239778 1.049944
42.670375 26.425705 1.038108
60.082981 23.388450 1.043725
60.243920 18.999053 1.039433
66.253307 17.761634 1.040517
59.564395 21.112143 1.045498
60.703401 25.506122 1.046290
59.815204 31.894579 1.044634
44.938973 21.845829 1.038400
54.729546 19.113161 1.043659
65.352149 22.712081 1.042191
40.122139 25.526602 1.038515
58.758332 26.680595 1.040989
56.312084 20.807853 1.035761
39.338840 27.938462 1.036364
62.288574 18.444990 1.036428
53.531843 22.249415 1.042678
42.032850 26.946533 1.041295
66.696595 31.395584 1.045209
46.493948 21.123308 1.041100
38.729964 19.993569 1.049229
64.006683 17.687470 1.049601
72.334438 23.573587 1.040046
69.639664 24.450572 1.033682
45.976864 17.775062 1.044601
41.635935 31.521002 1.041786
58.804654 30.028561 1.039019
47.927800 25.747450 1.049103
57.848993 15.103900 1.047678
38.390665 18.536562 1.034836
50.136722 15.906167 1.048287
47.155146 19.833594 1.046103
47.164072 31.752976 1.049054
44.722677 23.787925 1.040955
51.595130 16.095905 1.043323
74.335575 30.285781 1.035110
40.333607 26.102674 1.042010
61.294209 21.174288 1.034475
45.634509 17.627303 1.035368
60.623788 19.120947 1.038061
66.458588 18.009901 1.043736
69.703459 23.063724 1.041554
61.022978 32.371734 1.041994
69.073199 26.453284 1.034148
54.058148 14.642699 1.035337
57.856769 18.167150 1.041040
44.768758 28.991223 1.039347
55.460442 23.473787 1.046953
72.165784 26.569048 1.043685
51.719629 16.282376 1.036650
48.083959 24.025380 1.045247
41.860396 21.934975 1.042898
64.030338 23.812557 1.043966
53.426335 17.739669 1.043699
57.353829 17.080639 1.038661
66.629641 21.924562 1.035646
48.891012 19.565252 1.046512
61.548333 18.699121 1.036905
75.427376 24.252153 1.046030
48.805126 23.731671 1.037632
66.398531 20.878407 1.042905
46.318537 28.595369 1.049567
50.634570 16.286788 1.035312
51.819564 16.572414 1.039418
58.601647 27.914035 1.042095
64.650547 29.529605 1.038354
52.544920 31.198339 1.043155
65.679787 20.109642 1.034088
40.078664 21.349219 1.045181
46.430218 19.856476 1.049825
63.097680 25.063663 1.048000
62.473416 23.134285 1.036059
53.457839 15.177497 1.046925
56.392252 20.759195 1.035392
42.196163 24.446964 1.044074
67.230327 24.430082 1.044793
50.408347 28.888572 1.034331
48.676969 18.828700 1.045335
62.335459 16.869012 1.033400
73.631843 31.763191 1.037780
60.205172 25.299315 1.044821
75.198289 24.851491 1.037220
73.389276 32.294697 1.049043
55.028161 22.894326 1.041494
58.200109 31.193777 1.043152
55.549659 27.600278 1.035183
60.934919 23.405985 1.044789
53.058347 17.184188 1.037409
43.641314 30.717119 1.038083
62.490152 30.562821 1.035027
37.475763 26.845788 1.045231
50.237713 31.841896 1.039918
49.127813 14.060903 1.047934
54.232144 16.076350 1.049789
56.113465 21.118493 1.049144
57.671675 16.017209 1.035939
65.418638 17.401791 1.049879
57.982092 30.224886 1.036997
45.205976 20.423544 1.041942
47.523003 17.129091 1.043058
39.395493 20.767207 1.036141
52.162649 21.684294 1.045416
74.437251 26.326115 1.043476
47.655976 25.527044 1.034294
49.190987 21.314646 1.047046
52.109404 21.882655 1.048986
50.753400 13.834963 1.042748
47.907889 18.922597 1.047359
44.837926 19.804092 1.036666
59.175171 18.262435 1.033740
62.554066 14.369736 1.046497
45.714129 21.443030 1.036897
38.135365 24.848010 1.044556
38.290179 16.591086 1.046936
63.446876 21.722871 1.033996
67.643861 29.796719 1.045560
47.942925 19.935577 1.048301
56.722058 20.518594 1.044656
47.270921 22.144815 1.038014
47.708725 17.771856 1.047388
62.326368 14.375122 1.039881
74.468131 29.621829 1.047831
58.162493 30.318863 1.036617
50.714509 19.430836 1.046427
47.462020 30.953522 1.049760
56.935921 16.077838 1.038987
45.627563 23.359257 1.045791
62.956085 27.245361 1.035777
46.537306 15.514925 1.038676
52.732755 29.412759 1.036169
61.983010 19.938619 1.043017
45.274820 16.386965 1.041825
60.092271 27.811763 1.049611
59.264821 22.340333 1.037060
62.666986 18.890846 1.043701
54.080332 16.787433 1.042263
54.441545 18.692487 1.040135
47.824708 30.808731 1.036439
57.088653 26.166497 1.047947
62.621755 27.191644 1.044187
48.085265 29.453407 1.037664
60.852056 30.184237 1.035882
51.156958 32.359405 1.042844
51.829957 17.294807 1.042349
53.779086 21.717271 1.039591
51.064057 22.763808 1.035705
65.871333 17.536344 1.035553
64.615681 31.330833 1.036287
64.467022 19.816894 1.049799
57.897821 25.259752 1.035823
68.669008 27.607548 1.044894
58.057191 31.946825 1.040636
71.060612 27.956023 1.047212
46.650677 22.698311 1.048600
40.989790 23.100255 1.047863
59.519334 22.495613 1.038565
61.137730 15.422881 1.034223
61.412305 29.069016 1.048761
39.223402 27.424491 1.048475
39.240825 22.728977 1.037267
40.875139 24.596334 1.036755
49.651925 31.882262 1.049177
48.390766 22.623667 1.039986
47.111260 18.685242 1.038558
63.396377 19.119717 1.041316
53.386034 24.014076 1.036047
44.080127 19.405012 1.035747
66.558249 26.301492 1.039478
36.281229 24.551308 1.046343
40.159792 27.827276 1.042372
49.511554 24.756732 1.033490
50.441824 25.858988 1.049727
43.496035 24.758494 1.049206
50.787028 28.591461 1.035590
55.169851 17.643902 1.033829
54.893858 28.987811 1.049850
51.444722 18.417542 1.049461
61.638543 16.376887 1.049563
50.776082 27.343191 1.049615
55.885651 20.763083 1.035848
57.419488 24.063467 1.045282
62.111811 29.166485 1.045442
64.188967 31.056311 1.035005
57.587926 18.403710 1.049696
62.970186 25.060555 1.043039
52.979930 23.266605 1.037383
61.793073 17.681399 1.048556
65.749864 17.147965 1.035627
59.096368 27.520293 1.044516
64.730726 15.057802 1.037976
62.656428 23.349853 1.045034
36.447768 28.250877 1.048695
65.302666 20.423611 1.049444
44.343000 18.208100 1.039146
53.568936 19.023920 1.045190
55.516319 23.486251 1.044383
42.882302 19.569735 1.038498
54.441234 16.860803 1.043558
61.661980 26.775814 1.046868
43.706696 18.656816 1.043727
68.888537 29.099223 1.046098
54.144054 20.685376 1.041709
65.441424 20.608794 1.043159
58.089919 25.063660 1.042522
54.572845 23.712354 1.041037
51.076651 26.958116 1.041781
65.337632 29.464281 1.036408
53.204449 15.447540 1.042344
48.819171 18.479703 1.038188
64.616677 26.026860 1.046445
40.407660 23.290579 1.034269
60.067592 23.422536 1.045751
53.156112 26.075212 1.034983
62.682967 28.721514 1.041006
72.517557 29.351127 1.040203
71.869795 28.056042 1.040937
48.317426 16.695189 1.039440
70.974860 24.059500 1.040808
47.429261 22.949388 1.043488
75.672754 25.548991 1.048924
70.021911 30.573930 1.037510
45.305044 27.590043 1.039694
41.791339 21.138059 1.042409
41.957492 20.161278 1.041665
65.410202 14.836077 1.047663
56.583681 15.370778 1.045462
56.070594 22.570084 1.038446
73.403831 27.105760 1.044525
59.741864 32.286176 1.038896
59.154919 27.196757 1.046794
51.947221 18.444013 1.044701
42.007603 18.720935 1.038742
39.602248 28.864764 1.046149
37.347396 26.869669 1.043421
40.101049 24.757193 1.034902
46.024317 24.411889 1.042934
72.743170 24.850862 1.045648
49.031151 19.128201 1.041084
71.441620 28.732516 1.037964
54.299247 22.262158 1.041453
61.382017 19.582259 1.039869
46.183294 18.954310 1.042136
56.236175 28.228697 1.037244
63.049532 14.328360 1.043133
52.887549 26.932465 1.047949
62.811196 27.922015 1.044215
65.732328 20.255464 1.036321
42.895242 19.607948 1.040720
40.697047 18.620742 1.046354
65.608178 29.065030 1.046710
48.138788 23.376411 1.034745
61.256111 17.850282 1.043118
50.648268 27.078520 1.043578
64.288550 26.245165 1.041488
60.765362 24.713454 1.033691
49.345926 24.939443 1.040153
62.965327 20.111501 1.044722
68.666552 27.640198 1.046589
53.107868 20.073963 1.043080
69.333892 25.122673 1.047015
67.480708 25.317180 1.035276
52.129228 29.745390 1.039600
47.084081 31.272447 1.041102
50.573962 21.829397 1.042247
57.178876 25.179555 1.037004
50.579431 18.822514 1.038277
64.776758 23.707037 1.038240
42.047043 22.074523 1.041689
54.231016 29.363620 1.040373
69.139396 28.214347 1.046142
53.499348 28.725288 1.033486
66.981730 25.394565 1.039228
62.531018 29.611582 1.034653
57.280628 30.941213 1.046082
74.742902 27.857765 1.048715
39.684414 22.102651 1.039394
68.703095 30.746147 1.044148
64.705009 18.942034 1.046975
51.431571 14.956904 1.046582
50.307891 28.073399 1.048282
43.331639 31.972316 1.044444
59.159883 18.502162 1.040081
59.918288 27.457032 1.040964
38.739408 20.153226 1.044344
38.527036 24.947146 1.043461
59.326572 27.310735 1.041796
42.316181 17.775179 1.046687
59.845969 22.767525 1.046339
69.074723 31.350130 1.039398
39.637338 23.565906 1.033660
53.853228 15.263457 1.033499
65.800144 22.229229 1.047980
71.733149 30.541838 1.044611
51.858461 26.076419 1.048497
53.338955 25.755713 1.034608
53.698779 16.083480 1.043060
54.580050 20.943727 1.038943
65.842388 16.454909 1.042994
45.493027 30.419439 1.042404
67.534674 24.234200 1.046707
37.678397 24.039145 1.047978
58.332604 14.224600 1.040974
61.726136 20.660110 1.034978
37.073136 28.097423 1.038943
58.254924 18.974746 1.044974
73.199520 30.822109 1.046068
55.034239 24.107674 1.047166
60.227935 14.723611 1.049348
43.423517 21.244532 1.047159
56.811229 17.521105 1.046965
43.587493 22.350692 1.049617
50.141755 27.539697 1.058979
39.153068 23.412552 1.052848
68.650023 27.681654 1.063477
59.126061 30.152703 1.065524
56.408790 20.137135 1.060094
71.378158 26.980468 1.057345
60.392951 16.482539 1.059187
47.507979 18.339738 1.055372
56.857034 26.391468 1.051887
50.199411 18.705055 1.060014
65.853717 19.183838 1.054275
47.158524 27.414365 1.054058
56.896420 19.402481 1.051358
58.215497 14.866634 1.065905
58.908270 30.414641 1.056686
47.517492 14.487965 1.051609
65.579812 25.542463 1.053183
64.691233 22.014355 1.050726
49.004200 30.839052 1.050851
49.919936 22.221099 1.066363
58.750519 24.075808 1.057950
59.113027 16.628162 1.050193
57.317909 23.153128 1.060835
43.884029 29.388873 1.059591
75.799415 32.165423 1.051742
48.410191 24.629264 1.058907
59.731179 25.664838 1.055973
66.622325 15.143935 1.057269
66.480432 18.984612 1.060094
45.518057 19.084178 1.057462
68.210557 28.923400 1.055651
54.277630 17.945689 1.055168
61.639838 18.497128 1.061410
46.027120 22.373443 1.055877
65.970066 31.132375 1.064855
51.670066 22.095270 1.054632
36.526754 21.408243 1.053949
37.541287 28.657429 1.060334
57.350250 27.962857 1.059324
47.094764 29.073494 1.060251
46.236854 20.794601 1.060595
60.777645 26.677089 1.053227
52.293323 29.745372 1.051867
53.061292 30.795960 1.065967
37.658998 23.311426 1.056696
36.098112 22.123420 1.058939
73.866471 28.671990 1.060179
51.557477 25.460481 1.059311
41.331499 29.956899 1.065580
66.144707 15.445737 1.061519
49.960946 17.811418 1.064170
42.981135 24.783562 1.055190
64.853138 22.910803 1.062406
42.108690 17.572739 1.055123
74.835722 27.569557 1.060115
52.659659 25.319567 1.062850
57.013734 19.609525 1.065594
52.089261 21.601954 1.064689
41.128791 22.541281 1.053722
46.464399 30.501989 1.058658
66.438875 24.037575 1.062976
58.521798 19.865379 1.051546
48.891153 20.596829 1.059329
60.018438 27.769117 1.063444
71.285912 28.399636 1.053777
63.607698 16.610769 1.054132
50.917467 26.329879 1.054857
57.051788 23.576281 1.053783
45.873163 19.154322 1.062800
51.578279 26.548812 1.053188
44.333570 19.123936 1.060748
58.315301 29.113242 1.066010
39.193611 21.392888 1.062410
44.019212 22.195827 1.052072
56.508843 16.654867 1.055671
47.327542 14.786531 1.062178
44.115470 26.871521 1.050474
74.199064 31.868716 1.053615
42.166843 29.190868 1.063514
42.064964 29.587888 1.051461
61.211681 28.681525 1.064831
70.380023 29.707631 1.052410
71.844217 30.837049 1.063244
37.887957 27.107989 1.066409
74.782258 32.128874 1.053012
72.257043 24.376661 1.058752
50.252093 15.838094 1.053493
59.277217 17.632135 1.055458
44.817677 18.248510 1.062346
47.623226 27.510649 1.063832
75.906105 26.743865 1.050724
74.093664 27.015744 1.064127
44.155901 26.304989 1.059217
71.937852 30.332247 1.055586
37.392946 22.794582 1.064078
74.816035 25.594185 1.061157
68.211778 23.386207 1.058149
38.045546 26.418621 1.057495
53.592142 13.968849 1.055012
59.666129 18.971455 1.065971
56.609429 29.863223 1.060053
58.286538 19.605945 1.065818
48.369252 28.709400 1.059129
36.502776 27.166346 1.063901
47.106004 27.948611 1.051318
75.226710 30.206609 1.052112
50.292701 30.881537 1.063034
41.742636 25.886591 1.052689
61.778740 17.447528 1.053848
42.043036 20.842419 1.060048
43.776618 18.827825 1.064619
57.016885 32.301583 1.065375
64.019964 27.486225 1.065409
65.540851 24.849258 1.055969
43.139156 23.590108 1.065043
57.388668 24.767208 1.054752
61.720138 28.828019 1.065383
55.848407 24.320208 1.058785
61.409402 31.816156 1.055407
53.161568 14.795153 1.056885
44.071872 18.033811 1.050953
63.288183 31.888570 1.050552
74.767548 25.138956 1.054299
65.984028 29.695619 1.050328
61.627978 23.543958 1.052328
43.269239 23.949102 1.051674
62.960620 21.253890 1.064840
65.020997 22.265882 1.058723
62.202935 16.426601 1.061601
52.651188 14.436530 1.056115
39.236727 27.032637 1.063162
61.538885 18.024128 1.062985
36.676431 28.549185 1.051226
42.611319 17.546741 1.057882
48.286650 21.169636 1.060178
58.583127 14.472605 1.050052
49.754164 19.050594 1.057059
52.975195 19.914611 1.065025
59.561996 20.685696 1.064299
58.353761 21.248782 1.059066
56.345707 25.683116 1.050605
40.179588 24.708287 1.059070
53.599425 30.551850 1.058398
42.630182 31.845235 1.064392
39.063428 27.074669 1.062791
39.565906 21.612083 1.058833
58.257552 27.501909 1.050131
74.748384 25.451179 1.062974
74.911791 27.272679 1.059036
64.996602 30.682153 1.065960
60.305698 20.982714 1.057588
47.269742 31.160809 1.052459
46.207989 23.787198 1.057740
66.594947 18.620535 1.051659
55.482726 26.295892 1.052904
36.749502 25.725836 1.065563
62.821353 30.969447 1.062514
46.894607 28.630911 1.059476
58.436816 16.659336 1.065679
51.711204 17.538846 1.055949
41.745410 29.442323 1.062537
44.033330 23.236849 1.064220
66.175323 18.216590 1.052056
65.923352 26.994089 1.051477
50.581558 15.443162 1.064538
41.602579 19.446720 1.056769
41.508879 22.336671 1.052227
70.931844 26.609028 1.061659
62.824805 13.884000 1.058026
57.590145 14.406464 1.059655
75.332722 27.112980 1.052503
58.310573 24.808212 1.052903
44.437698 30.153942 1.053848
41.184080 29.858740 1.060044
37.416999 19.178756 1.058352
46.176961 28.816297 1.053538
71.244948 31.433505 1.057822
64.755450 22.409495 1.050402
40.831813 18.279418 1.060094
71.989475 31.224542 1.057956
47.625864 22.439694 1.063685
49.335579 18.601278 1.057520
56.645990 20.521096 1.056704
69.922265 24.032224 1.052174
47.255302 26.411824 1.058982
55.079662 23.744401 1.065123
66.303294 26.340514 1.055178
48.993065 15.624957 1.051621
65.722564 20.865498 1.055040
51.995057 30.752151 1.055207
67.274419 28.719319 1.063267
44.246142 20.981303 1.060437
59.814912 30.399386 1.064738
49.136892 27.496608 1.051074
50.980673 14.476914 1.051201
46.526812 20.607578 1.058202
37.027668 22.017522 1.051866
62.287345 15.200650 1.064813
73.607995 23.100014 1.057638
71.479475 32.280319 1.058391
64.934263 15.320076 1.060815
51.617586 23.695119 1.066540
55.688539 15.732910 1.060106
49.917389 24.852200 1.053507
60.405036 28.994934 1.065821
37.706744 22.752850 1.057088
73.383806 31.955146 1.062196
48.977669 23.451666 1.050365
58.670135 16.452341 1.059610
56.743096 32.275897 1.058673
73.605412 27.839592 1.049999
48.366145 28.549791 1.061370
53.028301 25.759423 1.058978
37.540367 21.849635 1.055057
51.626793 23.941470 1.065918
60.853379 19.822547 1.055748
45.991452 30.281222 1.058216
37.812246 22.673673 1.056371
74.020699 31.853633 1.064985
75.132852 32.506171 1.053002
62.616216 21.084047 1.056948
45.189255 23.159875 1.062767
47.343033 16.396142 1.058202
37.555707 28.785748 1.055221
62.572935 31.503198 1.053500
63.178395 15.740561 1.062777
48.011840 22.578673 1.062759
46.417826 30.737489 1.066547
36.924532 23.799264 1.059111
56.293601 27.332529 1.061240
44.415229 17.043765 1.062969
60.484266 18.694359 1.051400
60.822592 16.803183 1.063812
74.010309 26.931371 1.061745
59.028984 16.470497 1.055548
70.683007 24.000723 1.051027
37.801233 21.036488 1.050427
55.913998 30.422064 1.058741
64.683273 14.925619 1.058941
52.837653 29.836433 1.065468
75.265069 24.053364 1.054744
60.382902 14.414540 1.051591
37.999523 25.412828 1.054157
57.738697 27.456245 1.062502
38.594423 25.498145 1.062525
41.928476 29.168437 1.056722
57.100554 13.911555 1.056187
60.872598 32.348528 1.058083
36.259129 20.805525 1.051255
41.594093 24.835178 1.057419
39.444848 18.110710 1.059972
51.963389 14.838940 1.052638
47.060360 14.616459 1.053851
54.256096 26.300893 1.062911
38.384198 19.281541 1.052355
62.903734 27.987929 1.052596
38.083007 22.886658 1.062316
53.348897 20.633280 1.061804
59.747876 21.230689 1.053952
53.264335 17.064256 1.064723
58.408481 23.178069 1.058931
46.524104 31.429669 1.053002
49.203013 19.304174 1.052680
62.539647 14.932601 1.060613
58.485896 21.984514 1.055023
71.793774 31.537108 1.063812
71.162525 24.257923 1.052830
60.559491 26.757915 1.062056
60.214800 23.057152 1.054315
54.103627 21.715759 1.055705
69.759457 24.071520 1.057793
59.764336 24.355722 1.058307
51.185238 21.680400 1.063312
65.336042 28.803015 1.051815
65.278891 20.363083 1.051451
40.224407 27.767794 1.052252
48.730117 22.952316 1.064014
52.162117 18.567501 1.058229
60.150394 28.764068 1.053446
45.292008 26.269227 1.055249
50.949515 17.673371 1.063808
58.874419 14.843185 1.065543
52.064799 32.527319 1.057155
68.741892 29.930449 1.059839
49.302327 19.203721 1.059077
69.286826 31.032546 1.052420
48.351918 18.329279 1.053851
63.368658 21.045111 1.062345
53.441894 20.238918 1.058144
42.985980 18.559913 1.053293
69.389919 27.240729 1.054334
41.477803 28.078771 1.065580
48.110747 16.717285 1.051960
70.669428 27.004350 1.060190
62.222878 28.926701 1.050974
44.361770 21.075022 1.050799
58.967980 20.219280 1.058251
64.425532 19.708543 1.051763
55.395109 23.426960 1.065707
50.185272 18.750346 1.060557
41.079403 27.826254 1.057161
54.870233 20.726732 1.064736
50.146715 24.752402 1.053191
39.271214 18.995818 1.053850
53.876085 23.884053 1.056862
63.465444 31.495482 1.062465
66.694456 17.996511 1.052727
46.459070 21.590848 1.062509
64.705120 17.496297 1.054649
50.699663 23.757987 1.060409
62.973405 15.081406 1.061965
67.057038 29.639255 1.053888
71.109176 32.283216 1.050237
57.773389 20.519123 1.055796
53.546040 29.034398 1.056286
67.966220 23.393899 1.051543
47.448395 21.830870 1.060317
51.200702 23.906910 1.056081
68.434929 32.223917 1.053840
61.700449 31.093716 1.064985
44.630948 17.758526 1.059195
71.390005 30.964992 1.065405
70.476382 26.990493 1.057633
43.230967 18.793053 1.055268
62.170338 28.817897 1.055711
59.674607 23.781569 1.054522
54.608928 31.699469 1.056381
38.177278 26.511457 1.064381
38.223257 23.735093 1.052193
55.405376 20.592369 1.051205
45.304512 23.790009 1.056948
74.448004 27.214546 1.050899
59.605302 28.691985 1.061954
54.421654 31.060049 1.061199
73.218464 23.007813 1.056143
62.349879 31.622018 1.066544
59.676176 23.641061 1.060840
49.208468 18.143743 1.056354
47.304948 23.034996 1.055352
55.574775 21.425690 1.054440
54.751209 17.438086 1.050157
42.067729 24.029271 1.052171
66.456434 22.062068 1.065392
42.629139 19.853432 1.064051
70.097899 24.269004 1.051389
47.551205 26.933330 1.059664
44.317085 31.946552 1.052588
49.550084 18.331937 1.055655
55.192817 18.151451 1.065375
59.270343 15.889461 1.061876
50.132262 32.154024 1.063740
63.218976 23.282590 1.052105
71.833749 31.711266 1.065883
68.154632 31.576897 1.056561
62.012440 23.908704 1.066283
55.611566 30.349661 1.052394
63.252537 30.975682 1.052912
42.877746 22.558687 1.062527
70.714556 28.103972 1.053292
61.920933 24.963566 1.057839
74.506466 24.175638 1.066545
46.738402 22.559159 1.054829
59.299107 28.938379 1.054630
68.285084 25.013741 1.057510
42.636431 19.393899 1.058577
51.003341 32.261792 1.050206
37.077421 25.296235 1.054814
43.148394 31.721115 1.065428
50.627410 18.621959 1.050949
45.790827 29.858162 1.055107
70.278737 27.134236 1.056377
62.722347 28.576347 1.065818
73.938401 27.703542 1.063411
47.675908 30.614194 1.061828
49.650475 20.389557 1.050973
52.480522 17.191776 1.065286
38.916587 25.027875 1.064354
75.793085 31.158384 1.050934
45.849416 23.148562 1.051925
40.963740 24.049608 1.058408
42.017071 19.684754 1.052265
61.846438 19.237629 1.052755
59.291798 15.124441 1.063441
46.456674 29.975608 1.063205
44.757526 17.357594 1.066180
65.981999 16.530341 1.058398
59.114338 21.739154 1.056270
71.438510 24.617916 1.064295
67.967279 28.822245 1.062437
39.217643 21.506353 1.064649
63.143633 27.945713 1.058303
64.006727 21.016965 1.054052
55.692657 14.481054 1.050894
49.460359 30.254399 1.057821
55.260242 30.313507 1.051326
75.147736 29.217569 1.052677
45.210948 26.318724 1.058804
68.391235 26.289837 1.052095
51.173660 22.297215 1.065156
65.281349 19.174331 1.061763
62.617896 23.063256 1.057965
37.810754 25.371714 1.051403
48.885741 18.802633 1.052883
43.640205 16.495047 1.062687
43.620940 31.742672 1.057637
51.878379 26.167824 1.050459
71.058777 26.645721 1.052053
55.866256 21.720750 1.052228
59.082839 30.534136 1.063969
42.581414 25.306062 1.058718
65.282595 15.112002 1.062035
73.921190 28.030263 1.051478
46.937896 18.432321 1.052422
62.460993 29.868722 1.060521
59.160656 16.762179 1.061630
35.991705 21.278420 1.055809
51.439609 25.594914 1.055187
43.300515 16.831110 1.052284
63.890472 16.353397 1.059351
64.404472 15.153937 1.062116
53.077661 20.973509 1.065733
61.774407 29.823737 1.054706
56.301555 30.144157 1.065825
51.307440 22.746243 1.056397
39.939427 26.289070 1.063668
48.782165 14.484198 1.052518
37.776410 26.267046 1.049982
55.195526 18.975650 1.066634
64.512135 25.318958 1.063389
49.616241 31.520392 1.053449
37.253218 27.287449 1.055139
52.789550 29.465745 1.057328
43.810889 32.237349 1.057979
38.068124 27.231072 1.060832
70.359371 28.086689 1.061530
73.851761 24.410502 1.058924
57.272121 28.393950 1.063180
58.982862 23.117590 1.056340
55.812917 17.454888 1.053026
52.090655 25.182965 1.062945
62.762199 31.212442 1.065257
68.497010 26.450301 1.053270
41.004716 23.799766 1.056740
58.617721 25.538607 1.054458
63.746551 31.627926 1.055615
75.224038 30.287270 1.051242
75.950105 27.571352 1.059319
70.748751 26.117531 1.059617
53.800132 16.266941 1.066511
75.580924 31.041912 1.065826
39.565399 21.198680 1.061381
36.728411 25.653714 1.058492
36.941272 21.688106 1.054474
36.114306 24.690807 1.060052
49.985871 18.107931 1.054261
66.860797 30.675117 1.058043
46.699082 16.982351 1.059769
47.544105 15.842841 1.056406
68.904575 27.524321 1.054571
62.293616 19.522853 1.056836
41.853317 30.899415 1.054427
61.261891 29.585879 1.056224
47.920487 32.180787 1.056924
42.369991 22.134128 1.064992
61.579283 23.307237 1.061206
53.664253 20.332883 1.064777
63.383601 32.234316 1.055650
63.919694 21.000558 1.053674
43.818237 32.193810 1.053428
53.359596 18.268093 1.053003
66.553244 17.515231 1.051151
55.749955 26.085603 1.061472
59.612587 30.027447 1.064676
67.053097 25.324786 1.061651
45.844141 28.746004 1.051722
72.085492 27.130346 1.063976
61.472424 29.601627 1.061509
38.592273 27.458384 1.052153
47.736491 14.572907 1.054354
40.117418 17.569104 1.059380
45.113319 26.436543 1.059712
66.046044 15.861787 1.057476
42.383197 18.954772 1.055360
63.135028 23.244359 1.063094
57.226335 30.567754 1.060905
48.882709 22.667832 1.055457
42.473496 20.680430 1.055953
62.879919 19.688631 1.063878
50.209619 19.380468 1.062349
55.866636 23.731253 1.061253
48.835005 18.947065 1.056184
56.818446 28.915934 1.064339
51.186021 22.012167 1.050971
51.770801 16.661243 1.066167
49.953440 19.563524 1.062925
44.824547 25.830247 1.054839
55.882240 27.942976 1.055275
55.012535 27.881934 1.060695
66.104854 16.797410 1.061527
58.109484 29.508542 1.065708
65.045149 14.958184 1.061565
59.029228 17.393159 1.059275
53.795033 21.480761 1.064106
65.276218 30.024231 1.050519
44.839819 26.170543 1.054721
54.680847 19.301587 1.062644
47.088237 27.470169 1.053914
48.857121 17.195286 1.054156
52.585550 22.461715 1.056751
47.417390 14.857369 1.056899
63.226720 20.922853 1.064911
73.783274 27.859433 1.050204
51.946636 24.604545 1.058372
48.598815 19.075621 1.053898
45.760396 21.424924 1.056004
37.220919 24.009215 1.058656
60.311073 21.728025 1.063561
43.195108 22.021380 1.052165
64.277397 21.199655 1.063357
50.032870 20.795550 1.051457
38.326675 20.903143 1.051607
50.821291 29.085001 1.062572
51.562802 15.679352 1.056838
45.180867 30.837895 1.060251
64.604459 20.592239 1.057910
57.801821 25.614631 1.065969
57.613786 21.714090 1.064497
43.909627 29.236080 1.059648
59.386998 22.688176 1.051309
42.260872 17.253627 1.062421
56.447404 26.412486 1.050890
52.987783 16.754842 1.065151
40.230044 22.048372 1.059078
45.302358 24.981398 1.062449
63.644591 17.073656 1.061412
54.607791 32.348678 1.054963
63.396034 22.388120 1.063152
49.527593 14.684197 1.057532
42.580277 25.259801 1.056056
60.200816 18.189633 1.065416
50.690012 23.671413 1.057572
62.165849 23.059706 1.061147
52.194749 16.708027 1.062471
52.427775 13.907521 1.066042
48.803228 17.331211 1.052575
46.571574 18.154697 1.063423
43.415312 24.672064 1.052226
50.366333 19.351962 1.058470
51.677921 18.182437 1.062603
54.985103 19.584329 1.061126
54.535566 29.881622 1.065091
46.930209 19.071763 1.065098
41.070243 28.500211 1.062999
36.937999 21.018744 1.050037
49.992050 30.114916 1.063151
73.326784 29.648225 1.051416
37.924587 24.502445 1.051529
45.964762 31.007310 1.061538
61.388951 19.756918 1.052622
56.853275 20.675295 1.056662
60.648172 24.437978 1.060561
75.709592 25.806238 1.052557
71.991044 27.197914 1.066334
47.933397 27.609001 1.050647
51.021302 18.474968 1.054739
65.404502 30.280720 1.051797
47.484610 27.338644 1.062235
52.652654 27.322196 1.062435
47.389860 27.802555 1.066202
60.013121 19.692263 1.065449
55.468537 32.128884 1.063093
63.901541 23.967489 1.059888
66.946680 27.868602 1.051313
48.548479 21.266512 1.058019
38.658757 25.160753 1.066160
43.758865 22.736678 1.066344
62.480579 15.202985 1.056397
65.568467 22.606123 1.052091
47.408841 31.150600 1.066022
63.159040 30.743292 1.053323
45.658324 16.819153 1.053089
45.970012 26.694804 1.057343
38.860898 18.982507 1.062515
69.511905 25.746734 1.063478
73.459640 30.100531 1.054096
38.226009 18.352665 1.064650
36.922584 21.354832 1.052924
72.757951 27.200082 1.058741
67.151125 28.565843 1.050527
46.012553 26.736565 1.059852
58.354115 29.709592 1.062839
56.325261 26.611475 1.055753
46.488096 30.584686 1.058489
42.073546 30.774736 1.059919
73.591963 28.468970 1.054300
48.050005 14.231576 1.055146
38.243963 22.823753 1.065372
64.132252 16.876292 1.061383
41.964575 30.085969 1.065002
62.498201 20.742681 1.051760
65.774500 15.767696 1.062922
59.965021 20.076074 1.057634
44.363739 23.876930 1.064428
75.109722 24.871369 1.059772
45.093860 23.336397 1.066153
57.496609 23.905822 1.066230
68.086080 26.608423 1.053531
63.793532 21.481518 1.053072
46.798187 23.066294 1.059042
55.858079 29.330204 1.065108
47.983612 29.654840 1.051062
68.565074 30.004589 1.051222
53.318247 17.075296 1.053274
42.457616 29.395208 1.063902
43.125006 24.160838 1.066006
49.664781 31.858350 1.051914
41.368423 17.455775 1.062070
47.443211 15.327851 1.054974
49.324558 21.789810 1.056206
65.236916 15.396205 1.052295
46.949569 28.357008 1.060481
52.040244 22.911164 1.065883
62.496165 30.634856 1.058812
50.343313 17.473225 1.050017
43.422708 22.725636 1.066104
66.552585 19.938222 1.060961
49.366299 14.547852 1.058841
70.682888 24.693321 1.054459
50.480701 21.572130 1.057445
36.186229 18.859168 1.066593
46.194540 27.356269 1.066470
45.095730 23.359279 1.066513
63.373661 27.376392 1.060487
53.320536 14.464098 1.056373
43.437207 27.736203 1.055481
47.807439 22.199708 1.060499
73.838497 23.910385 1.060970
57.993456 26.967388 1.061751
54.068839 22.526833 1.050634
64.482506 15.449993 1.063476
47.727944 18.624003 1.063628
39.704054 21.263488 1.056533
44.161470 22.387068 1.050285
57.170970 24.128873 1.050540
56.180646 30.925201 1.059933
36.144200 21.904680 1.052870
64.103406 28.280048 1.065814
55.230955 15.767183 1.065516
46.723477 27.033009 1.055647
40.094662 23.105650 1.050529
64.696469 17.070320 1.063213
53.687375 17.689062 1.061438
58.374009 26.980505 1.061721
36.562574 24.450199 1.058347
72.732297 28.272869 1.051379
37.827187 27.574954 1.061741
42.509391 19.867834 1.056323
58.130894 18.885143 1.056739
42.203096 30.413295 1.058847
37.243243 27.274574 1.064930
61.919581 22.572091 1.054105
52.830790 25.182827 1.059465
48.052746 28.742371 1.063383
44.067865 28.306322 1.058275
61.984856 26.674715 1.050010
67.425566 25.358083 1.050615
39.085970 28.957892 1.064037
49.635565 19.841712 1.059215
63.129106 16.583411 1.060603
52.695241 17.181900 1.066598
55.464834 20.443084 1.063592
36.946817 18.342162 1.054004
75.280255 32.535629 1.050334
51.622794 21.949032 1.065294
61.584084 23.329149 1.050783
57.154279 27.858510 1.051105
48.318291 23.508019 1.057370
50.879817 22.827997 1.050781
59.349818 29.315017 1.062983
46.578084 29.424407 1.055663
39.741559 28.076103 1.057445
64.978112 30.069116 1.054073
46.637385 19.692222 1.058078
44.969793 17.090800 1.062472
45.264600 28.107763 1.065156
45.143051 17.731763 1.052481
58.994196 17.775922 1.057798
64.225707 25.092906 1.065121
59.222032 15.990025 1.054400
55.430792 27.788517 1.060482
41.018203 17.712533 1.062748
74.201552 32.115288 1.056641
65.396615 18.100885 1.058605
48.416904 21.724618 1.064903
59.604673 31.055256 1.057656
67.020236 29.434091 1.061433
48.123379 18.356036 1.061291
72.162873 31.806724 1.051940
73.572702 25.247178 1.052952
37.751538 28.787805 1.060243
48.270081 28.397431 1.065861
37.730384 27.258258 1.057251
53.530176 23.940200 1.054834
67.544826 29.904746 1.054392
43.358771 20.676025 1.055511
45.484288 30.756880 1.051289
38.551092 21.334776 1.063900
58.870886 30.362264 1.062457
52.825667 14.059184 1.058733
63.134514 14.354377 1.063960
45.287206 23.230186 1.052796
60.480918 15.390594 1.059352
55.508293 25.542531 1.061081
53.296865 22.748049 1.064184
50.222911 14.503969 1.055309
59.334322 26.746045 1.063241
40.867489 28.982592 1.056534
48.604552 32.259260 1.052337
60.142983 19.498164 1.063051
64.570691 26.617278 1.055249
54.298658 23.989653 1.063822
36.424880 19.083070 1.055767
52.415995 23.598667 1.050765
57.886512 29.583937 1.052921
55.714214 29.463741 1.056483
48.530150 27.524489 1.053825
64.197832 16.686268 1.060858
68.842924 24.438592 1.065351
70.764359 31.375935 1.055478
51.960110 16.060463 1.061675
50.777255 23.654398 1.054934
58.009534 28.192512 1.061777
63.788069 18.739107 1.065091
55.038211 17.632591 1.053596
51.476179 24.820880 1.053987
60.976119 21.181355 1.065328
56.261316 22.199480 1.063991
57.491126 30.246634 1.051522
55.803428 20.299372 1.058188
47.394904 19.987955 1.059735
57.640013 26.466174 1.065969
37.296335 28.589399 1.060996
49.306551 29.779743 1.063310
54.609929 29.828641 1.057091
58.562886 15.219029 1.062617
55.156683 15.104278 1.065042
45.550256 17.035532 1.055608
66.776466 24.103390 1.063543
72.200941 25.686626 1.055042
61.703391 30.088991 1.063644
38.333510 16.407212 1.057126
57.901447 20.554775 1.060609
73.653526 32.100920 1.057498
49.751866 19.053645 1.058340
66.690802 20.884038 1.055041
68.860530 25.597665 1.058686
45.768137 18.670780 1.062305
50.140193 31.964384 1.061076
62.327105 31.181053 1.055553
41.944450 22.994989 1.050818
37.179081 19.503405 1.051564
52.773463 30.813212 1.055558
43.798588 32.417096 1.062324
64.851501 26.574267 1.062176
38.826068 28.522117 1.063678
64.651987 23.084289 1.057308
38.669599 28.668450 1.057793
64.394686 26.563876 1.057338
47.309780 18.004580 1.055596
56.968502 32.495909 1.059393
60.099167 20.108688 1.057773
65.099609 17.858244 1.051673
59.110364 20.108110 1.055658
37.227203 27.475302 1.065605
49.429558 18.433851 1.058464
37.941451 16.995418 1.055494
62.591749 26.915865 1.057300
59.578730 31.248741 1.059224
44.792649 29.497787 1.056561
43.663423 23.075540 1.057651
63.428073 21.102193 1.064123
41.585064 19.236424 1.063064
43.644591 16.189374 1.062244
71.137304 27.328286 1.054788
59.747737 14.494103 1.060154
57.817994 29.189160 1.054143
47.668053 28.931795 1.062584
49.238347 19.705516 1.054466
61.053507 25.281964 1.058678
57.059337 23.648366 1.062031
62.452638 31.248023 1.057655
40.116209 22.580411 1.063011
45.576961 28.264187 1.055009
57.108332 26.312412 1.053058
63.085690 19.178263 1.065692
59.209927 21.930064 1.054025
57.665054 22.405394 1.066592
45.717395 29.853914 1.050699
67.915350 32.261480 1.050496
53.978424 27.096132 1.057926
46.007280 30.074770 1.055418
43.060813 21.608581 1.059293
59.395161 21.363975 1.057344
61.131837 18.187888 1.058935
74.221590 27.462559 1.058487
66.752858 18.573142 1.062829
58.203277 14.856146 1.066133
39.774890 27.320864 1.066320
65.334161 31.418215 1.058874
36.959519 20.418791 1.065556
53.630379 26.114769 1.054785
67.133064 29.485773 1.058117
51.355511 29.115471 1.051312
51.084798 27.234817 1.056753
52.743958 17.771552 1.051481
43.435473 16.849547 1.051821
68.942829 27.537616 1.059334
52.522780 25.552109 1.052784
61.640166 21.513897 1.059346
76.045553 31.534498 1.050205
45.398936 17.115073 1.061996
49.268256 19.694105 1.060774
43.416316 16.367724 1.055280
37.224858 27.619003 1.065289
55.802559 17.591832 1.054382
50.917825 21.621874 1.065766
37.837322 21.254553 1.059962
67.298789 26.997389 1.056740
40.944970 25.326685 1.051632
59.267493 30.704207 1.055541
53.972320 15.985181 1.061291
59.666435 31.291992 1.058337
38.730131 26.912671 1.063895
40.256634 22.915155 1.060814
68.062955 31.463889 1.060376
60.641206 18.734037 1.058084
60.097652 24.042592 1.052277
61.717706 19.041147 1.064869
44.202093 23.294100 1.058142
58.894902 26.335497 1.054136
66.209926 22.614706 1.058088
39.357514 28.364897 1.064260
55.854976 25.300348 1.058394
54.778810 21.470168 1.056161
46.775582 25.212227 1.054037
69.593503 31.718761 1.055137
54.496929 20.928374 1.058006
61.551149 24.152195 1.050236
60.475718 21.836228 1.058017
46.556396 18.203786 1.051410
38.244680 22.416011 1.051331
53.676807 15.035665 1.051837
61.804414 19.853728 1.057727
60.043175 27.212986 1.057817
47.892155 18.697531 1.051571
46.235704 23.321371 1.052132
75.684748 30.234471 1.056210
52.233188 24.762860 1.064234
38.941182 16.528256 1.063876
40.658413 27.755911 1.057470
47.113415 25.212297 1.058922
48.952717 30.445992 1.060777
49.875348 24.342965 1.063404
53.648027 24.319672 1.054004
39.758575 25.012364 1.052512
53.673699 25.878520 1.058584
54.394908 17.459514 1.062033
72.671462 27.043073 1.061941
61.317596 15.033346 1.060736
75.713183 29.453098 1.050897
68.449789 24.853717 1.061761
37.282778 28.848131 1.051330
41.414504 22.727109 1.058357
65.377616 20.204548 1.063219
38.918476 21.583985 1.058297
50.989959 14.441368 1.050651
49.957335 30.600147 1.061864
58.245573 19.681811 1.057302
40.669679 16.716987 1.062322
42.494143 31.160620 1.064723
37.483382 21.146582 1.065404
49.256948 14.565154 1.065620
63.833508 28.395755 1.060096
40.757450 17.987637 1.061730
53.977306 26.380058 1.066062
64.829705 22.864357 1.058599
61.717996 31.432560 1.052206
58.670416 31.057862 1.055484
62.913023 22.774497 1.062632
49.636917 21.778775 1.054029
47.666892 31.358776 1.051155
47.508385 29.098636 1.056772
50.267025 24.149635 1.058933
75.011617 28.315383 1.066542
67.440067 25.802450 1.054969
58.262154 22.270099 1.063413
64.079755 19.497307 1.057266
48.763393 14.301426 1.060563
49.114245 16.336367 1.052353
68.122995 28.251745 1.064374
55.165774 31.464384 1.055638
48.607265 28.872469 1.057071
54.333149 25.821539 1.060547
73.467328 26.915122 1.056448
51.026299 23.700922 1.056252
71.928098 27.548671 1.066015
58.026683 16.677778 1.051138
51.627692 25.084836 1.065825
59.166660 26.860357 1.060058
62.401232 30.716347 1.050467
54.177981 16.055593 1.055170
61.717453 29.861052 1.057063
58.338611 25.753758 1.056197
60.090253 26.975091 1.053984
69.849472 24.224380 1.050943
60.043975 25.761240 1.063062
54.368885 29.018831 1.050077
74.043695 26.488682 1.052298
57.859171 22.934955 1.050379
61.727258 17.942750 1.062744
52.900986 25.656614 1.059771
67.969859 27.198602 1.052801
37.219026 25.842761 1.055480
72.267111 23.635619 1.062532
61.235216 27.985762 1.054638
46.075758 32.451706 1.058650
42.845498 21.537338 1.065499
47.857176 17.232030 1.059123
41.802342 17.278513 1.055970
57.645525 20.846192 1.051754
36.645795 21.832269 1.057250
57.453523 19.699996 1.063364
55.091601 21.371578 1.052024
60.132439 27.700500 1.057724
57.053020 28.342212 1.062607
45.389992 18.067236 1.061857
43.283243 28.008857 1.057733
46.544724 16.382587 1.065916
54.557764 31.382754 1.053470
60.871492 14.322480 1.052137
64.157454 19.496250 1.053584
64.347094 15.801239 1.050843
61.231752 19.842354 1.057069
66.570013 30.147160 1.066287
51.944440 25.058954 1.052786
64.998545 30.842318 1.057182
41.628651 26.188772 1.066476
50.372302 16.017230 1.062480
63.120699 27.134886 1.055532
57.021848 29.783509 1.054415
40.680670 17.684989 1.061784
61.916238 29.448551 1.058847
47.580109 20.935058 1.056963
60.348952 32.425900 1.063767
55.377838 15.407736 1.055774
64.836387 26.950977 1.054779
55.616940 23.956449 1.065447
36.002445 27.314362 1.053927
54.945137 25.195276 1.051668
54.766023 17.705061 1.065644
65.384958 31.415123 1.058149
62.018649 31.513876 1.065856
73.109824 26.141385 1.054535
41.091866 20.359623 1.050593
57.800471 27.567005 1.062840
51.572189 23.071930 1.051290
65.240528 14.946023 1.057402
47.360668 16.063873 1.061200
53.337753 30.506883 1.055559
58.708633 24.417888 1.065023
58.823462 23.312438 1.051241
53.124432 20.799863 1.059115
55.597156 32.442009 1.056454
61.085863 19.897641 1.053760
74.070274 26.336607 1.055827
67.319402 28.759076 1.051616
72.634648 31.866840 1.061219
37.501001 22.828269 1.063737
37.738459 24.772447 1.052414
62.816649 18.342842 1.053606
58.712231 15.161353 1.057834
51.823183 13.864701 1.055383
54.371931 14.097906 1.052013
63.633933 31.826983 1.051280
45.463336 32.344945 1.064599
41.754602 19.057453 1.057223
52.009930 25.832188 1.062526
44.052599 23.604762 1.053495
45.282006 23.311115 1.050897
66.274896 17.241955 1.062927
57.840321 13.907747 1.051463
38.479449 22.506004 1.053691
49.705446 15.020009 1.061245
58.670178 15.003972 1.056094
62.576284 31.113389 1.057744
72.424233 30.634591 1.050041
59.571325 20.626806 1.064166
69.468051 24.805725 1.058373
49.240189 14.246487 1.056676
65.525394 21.818519 1.065957
36.668970 20.877183 1.053458
56.390900 22.292562 1.062545
66.237002 14.896046 1.060041
51.485047 16.713230 1.059782
56.101852 27.818797 1.060173
63.341065 21.453325 1.058069
47.569624 15.232967 1.056144
62.876880 22.080873 1.053102
53.976039 25.809379 1.063537
50.053081 27.424729 1.062343
70.876306 24.641678 1.066608
71.124842 30.900139 1.057509
48.130804 22.586342 1.065123
59.894756 20.368018 1.064565
50.105560 18.030024 1.063832
62.728182 20.415707 1.050042
37.399987 27.777376 1.061891
60.884557 19.252801 1.050225
62.312877 25.513042 1.055543
52.676568 29.430733 1.056499
57.074548 18.780531 1.060731
64.239240 28.929326 1.053983
65.300510 17.194423 1.051503
75.346397 30.018729 1.060198
36.018731 22.040468 1.063086
63.549564 20.928623 1.054085
39.018846 21.219370 1.064369
44.680616 22.126604 1.053284
52.282477 16.370573 1.055322
73.348257 27.505206 1.053593
46.766999 31.508195 1.065546
44.879869 19.278587 1.061625
61.212664 15.088584 1.059707
41.681150 31.933743 1.052530
41.156270 26.972722 1.052371
45.362394 21.068498 1.063425
61.161521 14.578018 1.062487
38.322597 23.740213 1.057037
52.877694 16.305314 1.059105
65.661492 27.468418 1.059442
68.585236 28.190290 1.060723
47.592014 23.578363 1.050475
72.648295 30.896438 1.055933
39.536938 25.698449 1.065501
55.693822 16.022833 1.060114
49.773059 24.390946 1.062689
52.957745 22.204672 1.052617
74.864135 24.465820 1.063613
59.078530 16.802793 1.059560
45.195045 24.627037 1.053905
46.108378 21.778665 1.064811
46.423324 21.628265 1.065330
57.762658 24.824184 1.050394
36.884833 26.427591 1.062820
51.641906 20.791084 1.064796
46.980466 24.224447 1.057302
63.271586 32.415191 1.052156
59.410898 29.652842 1.064067
68.505498 30.679770 1.056992
37.150633 19.131810 1.056393
73.465122 31.513967 1.062717
61.482175 24.999942 1.053237
53.231815 14.606948 1.052460
51.928060 26.996809 1.056276
44.534005 18.803832 1.055937
72.688580 25.531792 1.063152
66.133788 22.367190 1.062191
45.413635 23.150203 1.054140
49.239715 22.539436 1.054961
71.157353 24.181503 1.055879
59.873510 17.237448 1.065258
55.807000 20.387314 1.056774
58.646032 30.269627 1.055451
65.238619 19.062202 1.059117
59.656159 19.618125 1.060778
43.978229 30.632894 1.055963
43.115243 21.212660 1.064726
72.066401 28.606391 1.060717
48.007185 15.402356 1.053031
42.441480 22.917409 1.057277
51.060644 15.826933 1.066096
67.785745 25.693245 1.061579
47.727124 21.604435 1.066354
48.465915 22.986186 1.055450
45.703458 29.516583 1.052792
58.938573 24.268735 1.052750
42.227748 32.409576 1.062875
52.147283 31.907714 1.054920
38.942739 22.421504 1.065488
66.486544 28.784944 1.053222
61.787125 20.661628 1.057347
52.333317 32.385302 1.052766
52.373988 18.766844 1.061154
56.135820 29.632662 1.057308
66.941575 22.690205 1.061061
59.139351 21.331579 1.051142
56.540541 23.129471 1.063199
47.615992 24.137429 1.052032
49.356783 16.317618 1.064722
42.956168 21.751193 1.061951
50.135213 18.353541 1.064156
52.096974 18.470037 1.051419
54.592882 29.874337 1.065617
43.281535 31.875605 1.053072
41.431387 25.926520 1.055372
71.166223 24.810808 1.057694
60.517346 23.710713 1.057274
66.551135 31.787329 1.066489
49.056851 29.884333 1.051118
59.303605 21.516428 1.050953
64.023896 26.662968 1.063557
67.562768 29.759667 1.064210
42.962593 30.735535 1.062587
55.861969 17.501033 1.054533
42.444265 27.102778 1.054986
53.296811 17.493294 1.062172
53.141264 15.211652 1.063224
51.209113 14.567344 1.057579
56.381940 24.117187 1.056225
49.976194 32.114078 1.063325
38.131751 23.162442 1.051559
58.009968 16.380092 1.061345
57.548227 16.873516 1.051164
50.843104 15.441672 1.066242
46.317477 30.464516 1.054058
43.923884 30.925541 1.066300
57.162075 13.818608 1.064559
68.520754 27.990298 1.061573
62.323429 23.379905 1.058211
61.644448 18.970817 1.065355
54.130765 25.855847 1.061339
55.182792 13.937957 1.055171
41.006719 29.961276 1.064444
62.372097 31.462916 1.057060
51.786438 21.034745 1.058248
62.324441 18.408337 1.056392
42.978498 20.841884 1.052109
38.820985 19.162585 1.062218
53.858189 30.810779 1.057580
65.026357 27.691981 1.060688
74.446421 24.203212 1.065617
47.755940 27.180501 1.051636
55.740188 27.295662 1.050121
53.965440 14.047702 1.055412
68.266970 32.149562 1.066314
52.304452 15.290203 1.065807
74.470052 31.727317 1.053999
55.416819 30.024922 1.049991
50.425315 31.701600 1.050483
53.987820 14.730631 1.056754
60.727077 24.361517 1.052813
46.411528 25.471741 1.064780
63.679761 29.092174 1.062597
41.628356 28.066312 1.063154
46.944282 30.998202 1.059691
51.066028 22.961205 1.059429
61.182824 19.176788 1.051416
46.879147 26.189846 1.058085
73.953448 27.562729 1.066039
49.137198 15.277013 1.053268
48.368348 25.284755 1.065090
38.663044 26.533157 1.064063
63.019556 22.415999 1.059201
52.385026 19.844542 1.058495
40.040556 18.186231 1.058197
39.497400 18.765581 1.058035
56.367442 30.655657 1.063096
49.545815 19.835181 1.059326
53.393393 27.309090 1.057910
49.299112 31.259218 1.050509
38.995678 21.951811 1.054076
58.677199 14.434280 1.066119
45.442568 30.968910 1.053429
37.389496 27.625501 1.063528
36.923453 28.335670 1.052721
45.401649 23.771530 1.059035
72.464214 31.202604 1.056580
37.167363 27.162851 1.059129
65.579476 16.539060 1.064464
51.198168 19.174987 1.065649
39.178843 21.684753 1.053455
51.767625 21.801665 1.063641
48.999473 22.084143 1.057449
72.580951 27.010277 1.063376
41.664279 19.277306 1.063773
36.921464 24.972853 1.051563
52.884771 26.480731 1.058908
49.141013 28.028475 1.062726
37.912872 26.117214 1.053215
56.937784 26.428052 1.060655
51.499516 29.238389 1.050714
75.301259 28.999512 1.063261
51.666614 16.177171 1.050439
74.898801 23.622655 1.052790
62.337452 15.462385 1.054776
38.366594 23.899785 1.058716
62.179973 19.871388 1.054553
38.567292 20.248373 1.060025
39.491214 28.961296 1.064102
58.708553 30.316593 1.064232
42.823510 18.901644 1.057989
44.943021 30.340395 1.061757
64.322298 18.916538 1.065139
57.247216 19.685003 1.058703
44.682706 29.710589 1.062296
59.872190 24.151408 1.064258
50.861611 14.810907 1.059929
48.531595 28.525371 1.055900
47.944488 22.527373 1.063426
69.152103 24.461735 1.057799
46.501547 21.879595 1.053780
47.224045 18.633547 1.065760
59.189619 22.547030 1.055021
57.298329 26.375283 1.054426
36.120959 21.112548 1.066640
47.208531 22.085479 1.065380
41.098941 22.811605 1.055022
42.111003 31.410851 1.051545
46.027613 19.498131 1.055050
70.360228 27.356901 1.053640
47.470269 18.677499 1.063109
69.217362 29.509656 1.064007
74.176519 26.679404 1.054441
74.069474 30.191828 1.051811
49.021195 31.750327 1.056211
36.949134 25.797262 1.066064
74.542050 27.874522 1.064747
75.809854 30.730742 1.057004
54.030772 25.695734 1.065932
57.613804 30.434442 1.059393
57.563324 20.210258 1.063136
51.995632 19.817783 1.058825
67.341231 28.333034 1.057192
58.482837 17.264897 1.052984
38.360077 16.753780 1.050787
55.327369 32.075429 1.061635
56.513750 23.005340 1.052094
56.334585 17.920581 1.054753
61.935514 28.703942 1.063003
47.791518 13.868580 1.054597
55.643073 16.869370 1.050099
74.957183 28.871312 1.063607
44.480734 19.052828 1.059976
61.454648 19.033926 1.064501
47.715952 14.809363 1.056717
38.435164 17.988241 1.065059
68.139043 23.122652 1.056264
47.281093 18.894413 1.052220
71.395810 23.031864 1.052530
52.526428 14.415391 1.066596
44.435246 22.408112 1.054021
57.486736 15.004788 1.051803
62.875434 20.326461 1.053136
46.836745 20.635072 1.081330
41.083343 30.584672 1.070087
69.032580 29.600219 1.081827
63.433141 19.552905 1.066914
62.730441 21.364536 1.069882
68.390859 23.707034 1.077405
56.636316 32.409364 1.075854
50.576199 24.616721 1.066988
64.245377 17.947406 1.069569
51.395876 31.052153 1.083210
74.491397 29.033279 1.079195
50.313308 17.800678 1.077951
65.216351 29.647070 1.081325
38.205098 17.946027 1.075671
48.020925 30.477338 1.076171
47.253071 19.848640 1.078786
48.072504 23.866591 1.070894
55.301517 17.324379 1.067025
59.904321 27.530132 1.072108
56.122923 25.259774 1.077504
51.299548 18.417686 1.076298
72.618056 30.080951 1.067107
65.756127 24.650255 1.068973
62.999881 31.956716 1.079084
62.525292 14.552441 1.067138
55.845312 19.527863 1.069197
58.807823 19.850386 1.078415
61.646784 17.967320 1.072650
42.367262 22.343450 1.079287
65.572331 28.192339 1.072939
37.841665 17.791508 1.080876
58.522226 26.728055 1.083078
57.519854 25.812044 1.075603
48.402265 16.936109 1.076152
36.228229 28.303054 1.071995
57.280378 23.508110 1.072819
49.243027 21.126254 1.071596
41.399193 26.810091 1.072071
45.171426 17.951719 1.072219
49.835045 23.977404 1.078096
41.565439 28.024135 1.071185
38.435532 17.534861 1.080818
56.332580 16.079764 1.079535
67.921680 28.422998 1.079999
50.572393 14.998623 1.074261
66.773385 20.142480 1.082264
45.756981 20.608767 1.077375
58.422616 27.630360 1.080391
73.726206 28.659196 1.078243
42.629896 24.807000 1.078272
63.668986 19.514654 1.077190
38.670049 17.799336 1.075907
42.626668 29.802011 1.081123
49.903192 20.237880 1.069505
61.019302 24.618223 1.080820
62.316429 17.239307 1.072401
43.408147 18.904074 1.080198
63.034295 22.575293 1.074959
49.206268 27.322398 1.083003
63.330025 22.309643 1.066963
52.480018 15.280760 1.080098
73.781210 24.467737 1.076244
42.465041 22.851597 1.081591
48.367136 15.508626 1.074774
74.293337 28.196660 1.069363
65.536849 22.003110 1.077444
40.425904 17.220425 1.067277
52.290115 23.655898 1.076383
66.565925 30.126725 1.079190
53.187717 14.741070 1.075125
58.143092 29.637569 1.078482
60.180889 13.914056 1.077766
74.959893 26.556085 1.081375
41.973001 19.892588 1.075025
52.292301 27.587301 1.067795
74.663043 27.245899 1.071097
53.359325 19.616543 1.080754
61.687794 20.242705 1.077183
51.636514 30.135766 1.081906
66.233716 31.930791 1.070306
48.764348 32.341581 1.078516
51.930648 17.913644 1.067074
38.110995 21.105170 1.075820
59.452514 27.024382 1.080889
53.461938 19.613021 1.077202
38.370756 18.214051 1.066813
46.648141 28.799069 1.083193
48.757211 24.149063 1.078268
64.558435 27.028559 1.080051
57.802882 23.246369 1.069296
69.194336 32.146833 1.080960
57.085238 17.000581 1.075893
60.876527 32.211683 1.070700
41.615680 31.986119 1.074571
61.253288 19.941998 1.081296
61.890719 24.762980 1.082594
47.107095 27.187331 1.070591
53.487016 19.272036 1.082354
53.490843 19.873672 1.074764
56.720206 16.131423 1.075166
49.195462 29.833478 1.070169
57.202762 15.415762 1.081364
48.194648 30.018640 1.083180
46.423902 16.959741 1.070885
69.647407 26.569291 1.071190
64.200350 27.094643 1.069797
65.510913 23.757420 1.068022
56.051283 28.173346 1.068356
66.910537 25.593830 1.069389
51.269728 27.374146 1.081163
38.717102 24.288663 1.078973
54.562928 23.259738 1.066719
63.004651 25.500802 1.073569
65.261223 28.770468 1.071497
71.883306 26.338856 1.082912
63.235630 16.681102 1.073664
64.145880 30.961825 1.071908
57.749856 15.552547 1.079314
49.250486 13.858118 1.067512
49.057816 19.364045 1.074805
66.710173 32.424578 1.067387
54.862213 30.424072 1.079591
58.069225 27.237948 1.078004
74.024124 25.184364 1.074480
48.039059 28.177432 1.071983
56.662220 19.514723 1.079414
56.710124 19.500509 1.078076
72.600156 24.301526 1.083082
60.873491 15.359362 1.080112
37.217708 26.981574 1.066816
52.707484 18.406956 1.072205
60.999467 16.049777 1.078648
60.394575 17.653641 1.076254
75.921292 27.575640 1.068745
66.126108 21.825977 1.068622
67.539258 26.898425 1.076935
49.193767 31.146225 1.081171
67.409909 29.850450 1.081798
48.802677 23.884251 1.079579
50.691277 27.763222 1.067140
41.439202 31.421081 1.081445
44.952370 21.903617 1.073855
63.080357 21.190849 1.082802
37.093836 25.087191 1.077366
49.821813 23.229538 1.073466
37.964653 17.682162 1.081053
52.240981 23.521637 1.077237
69.165308 24.360414 1.077920
50.745829 15.827200 1.067401
71.860902 29.007888 1.075130
44.551363 18.919154 1.068800
43.238533 18.888391 1.073098
57.740727 24.539833 1.070374
43.757655 16.263360 1.067828
46.549949 27.177264 1.076308
50.824866 31.441162 1.070266
48.167374 17.722184 1.072170
58.848386 30.810590 1.076340
64.210978 30.847544 1.070473
39.501685 28.642864 1.072055
40.656958 17.294808 1.070770
71.011789 27.041783 1.068753
61.098431 17.514171 1.082709
42.560009 27.306014 1.071000
62.468557 19.223984 1.076401
47.530163 20.932071 1.068484
59.822933 22.160062 1.072576
42.801695 21.696744 1.070038
36.169030 24.599087 1.078077
53.922419 18.479797 1.077262
55.044486 31.752059 1.082058
55.054095 13.996511 1.076925
38.524344 28.524272 1.075533
38.922183 18.407804 1.080233
64.839446 30.399962 1.068253
62.762285 17.534960 1.077224
72.375646 26.244071 1.074352
49.342574 21.313783 1.072460
57.571355 28.505784 1.070907
64.405241 19.142866 1.070185
36.908424 19.774921 1.069915
53.959608 15.035138 1.083104
61.881191 15.755975 1.077217
42.215014 18.036559 1.077889
55.446418 20.951471 1.070270
47.936621 16.192050 1.070480
64.473481 18.180453 1.075392
58.517615 19.334755 1.067123
47.601905 20.850730 1.068402
65.944627 16.609381 1.073301
41.744803 22.039308 1.070643
60.529743 28.746474 1.077705
66.357547 15.355399 1.069939
50.387285 30.704394 1.081581
67.806988 30.747161 1.078273
50.036560 27.887641 1.073042
72.647501 26.117226 1.077962
53.884833 19.892220 1.072701
40.965281 26.431872 1.080185
53.350801 15.169713 1.066687
66.896904 29.740614 1.076987
58.311238 20.174649 1.079597
64.933910 22.277960 1.067449
55.248543 21.576509 1.067446
48.531271 15.664160 1.077183
55.633370 31.953792 1.067783
48.031961 22.618418 1.071018
52.928007 19.748371 1.077889
51.654039 25.780052 1.082890
38.446685 28.144935 1.068352
55.637651 17.302257 1.075649
67.324773 28.119548 1.081237
61.617533 20.770277 1.073337
50.847273 25.891569 1.078938
66.463523 28.212693 1.069728
61.597154 15.789173 1.080074
61.092948 16.737144 1.080297
44.993670 20.107738 1.075668
57.057735 16.012096 1.074732
63.142731 19.534796 1.070774
73.062121 25.078036 1.077440
38.078352 19.767952 1.082643
47.305969 29.578936 1.070003
71.557371 25.487366 1.077523
45.883632 24.675935 1.069251
57.793776 27.401585 1.081558
51.691927 15.816837 1.081773
66.195684 30.656522 1.081566
42.706016 28.776739 1.081807
56.147319 24.744264 1.075798
52.642877 20.214856 1.074922
63.695851 20.024003 1.068634
52.829261 21.744416 1.071246
40.793601 23.228841 1.080538
49.855338 17.953544 1.079247
38.725829 17.571446 1.078950
56.145417 17.667076 1.068556
46.784665 30.902663 1.075605
60.396830 22.089332 1.080862
75.908566 27.571296 1.067868
58.015532 27.298705 1.079355
72.659194 28.887267 1.081943
47.791295 13.861968 1.076504
41.602351 21.321399 1.072278
58.497399 30.515372 1.080510
63.193149 30.205351 1.072296
70.264199 32.277174 1.076057
52.711933 14.467105 1.072670
51.962381 18.768357 1.073912
44.020361 25.263461 1.072724
36.877713 26.810914 1.072727
55.392797 19.191478 1.071688
59.460317 22.371051 1.069541
65.377069 23.559154 1.077716
57.492640 26.101422 1.070869
39.490246 17.846288 1.081726
63.642939 22.676961 1.069421
60.101536 21.731841 1.070556
63.211808 28.745458 1.081308
62.474355 30.132520 1.079302
65.525707 26.818971 1.083053
43.082049 26.109303 1.083300
58.097057 16.624653 1.074669
44.857950 19.905159 1.074537
63.035337 24.763562 1.068614
44.126765 31.971395 1.073339
61.772597 21.393824 1.074034
62.270773 21.969308 1.072764
55.966981 24.035847 1.068190
68.310164 32.407116 1.078658
40.738861 18.140776 1.077094
56.057388 29.884760 1.080777
52.505854 27.331338 1.068015
56.744531 15.665410 1.071284
43.044829 25.483201 1.074340
48.228883 15.673486 1.080326
51.070922 23.699239 1.073119
38.509395 27.196392 1.079181
55.324658 21.170378 1.068339
59.933345 16.108073 1.074668
74.726681 25.881500 1.067023
61.428362 31.472089 1.072560
42.394271 32.175720 1.071108
46.629972 18.517267 1.072182
41.133855 16.905250 1.081274
51.664913 18.824857 1.081523
72.277249 24.858358 1.066998
51.611793 17.059760 1.080760
44.058556 16.485751 1.078986
68.458906 27.417791 1.081812
38.305618 20.772422 1.069310
59.534940 27.031443 1.078700
41.560444 19.885752 1.076597
52.655813 16.242573 1.082809
71.281240 31.793633 1.076401
75.995968 28.446997 1.076214
63.080410 19.850778 1.076818
73.956124 31.888145 1.072775
66.012023 30.389620 1.073672
57.619622 20.380508 1.071360
58.341637 18.471502 1.072628
69.166850 23.825936 1.068570
62.122086 17.946017 1.070348
53.934964 27.792607 1.081258
36.192619 27.976548 1.067580
54.304721 18.305531 1.076154
72.098377 30.238286 1.073394
59.402811 18.130884 1.082766
68.384433 23.297532 1.079477
47.873113 17.925187 1.076721
57.757686 30.823360 1.069695
70.051889 25.391573 1.070304
64.864401 27.206484 1.067231
59.628766 26.951037 1.077244
61.938477 29.378432 1.066803
51.044144 24.014360 1.067011
56.245498 16.111314 1.072219
65.853243 20.659154 1.068061
53.302818 27.800178 1.069328
36.747489 26.451791 1.077814
64.113475 20.791372 1.067974
61.768168 30.249320 1.069779
51.970808 27.215593 1.074051
50.709317 19.237126 1.081859
62.511705 17.292259 1.074318
74.051308 32.121378 1.079316
63.443744 22.708750 1.075231
51.908399 16.019240 1.067120
65.581793 29.191212 1.075195
42.646149 31.890191 1.068267
54.378041 14.373514 1.082464
55.464039 31.904011 1.075725
61.716386 20.768421 1.072623
63.519768 30.160756 1.082784
53.098492 15.867083 1.081142
61.309864 31.362376 1.067270
47.334353 18.807547 1.080894
64.686204 27.860815 1.078889
59.389771 18.120874 1.077237
46.905081 18.777714 1.071414
63.438670 32.302066 1.079048
69.787200 30.698600 1.077999
47.251206 14.900081 1.082780
68.642761 25.439196 1.072936
54.100834 28.317483 1.081402
38.925235 16.347166 1.077282
57.118378 26.439599 1.081578
54.415676 18.754019 1.068469
63.166812 29.522013 1.067050
70.904562 30.771203 1.072463
73.283935 25.952122 1.070723
45.782703 19.894573 1.068205
37.678345 19.339262 1.074463
67.970601 24.195856 1.075656
58.427324 19.561729 1.070490
65.674163 27.573636 1.079346
44.393051 26.790726 1.078226
39.559049 21.258003 1.073602
41.396775 17.068484 1.074401
63.128304 14.135096 1.072908
47.708923 14.271336 1.072055
58.670662 16.610724 1.079845
46.221900 16.298755 1.067687
45.696421 18.662713 1.070939
65.396418 20.827528 1.081257
58.066194 20.642251 1.074374
46.481244 17.676089 1.074347
44.084586 26.857783 1.071129
74.961942 26.430857 1.079208
67.029364 28.264907 1.068397
53.327557 13.960116 1.077565
47.030037 21.610499 1.071367
37.142971 23.110505 1.076418
73.402571 28.509390 1.070437
49.756252 25.385274 1.070152
59.298217 29.312626 1.067286
65.182663 32.197645 1.072343
66.795622 21.322366 1.079857
46.183895 30.898441 1.075543
50.926708 16.195788 1.081071
65.750760 22.628848 1.069548
60.094698 28.926584 1.075275
48.110314 23.570048 1.077856
39.837213 21.075468 1.067963
47.661476 29.725958 1.083075
71.143890 30.524054 1.075164
42.559380 19.069370 1.069953
37.040424 26.436921 1.080354
61.403711 20.993689 1.069403
44.270499 24.950875 1.078589
36.188250 28.484283 1.077998
70.719752 30.721145 1.075632
70.577072 32.311513 1.074969
72.508943 30.275723 1.077404
38.566992 16.780915 1.082703
52.649666 14.971971 1.075424
55.411636 25.397710 1.083049
44.773074 20.239723 1.079796
59.727492 14.772310 1.070391
51.946053 31.490902 1.073916
66.632485 17.980249 1.068399
53.914442 23.032078 1.066850
62.130441 16.205703 1.070076
65.622378 16.167418 1.076385
64.853020 23.645680 1.071885
56.245663 24.809246 1.078547
50.253146 26.022391 1.076860
36.946689 28.572530 1.080196
55.534089 27.546519 1.071263
57.544816 14.991335 1.077096
62.429887 24.758813 1.081670
65.335828 17.534340 1.076321
62.427321 24.960821 1.073884
56.033103 21.231498 1.078761
60.603838 27.760707 1.078152
58.306049 14.392712 1.068928
41.184166 26.317285 1.075033
36.009439 21.015308 1.076077
73.384480 26.732734 1.082564
70.214135 23.956064 1.078370
38.082135 26.984858 1.071830
39.734619 22.776969 1.077470
67.953420 25.701825 1.080925
70.733185 23.505431 1.080619
49.530506 15.067311 1.067908
53.227285 25.923849 1.072518
41.908455 30.617495 1.081042
59.831141 22.684997 1.075161
73.728060 28.258805 1.073740
56.997081 22.858470 1.070137
56.394653 18.961431 1.073020
55.774578 23.240640 1.068941
64.197457 21.057617 1.072898
49.906165 19.751328 1.068340
47.796123 29.571859 1.068478
36.102015 25.358067 1.081467
43.171255 23.084299 1.080711
55.394823 26.252062 1.076726
60.280682 27.659866 1.073528
54.712856 21.402993 1.078031
37.819325 19.597289 1.077655
59.309225 18.443588 1.077695
44.594926 29.006552 1.075728
73.552238 30.533363 1.078185
42.806891 17.426061 1.072724
37.838718 21.375001 1.080384
65.904775 26.699455 1.077747
45.250917 31.570820 1.072872
50.417692 18.596255 1.068598
48.325430 25.100480 1.077688
67.587120 26.901281 1.074479
72.087103 24.275602 1.068620
60.967863 17.674674 1.079531
65.714015 29.646396 1.079227
64.116165 15.699737 1.078322
54.210225 28.819715 1.081460
48.484266 24.428268 1.068679
69.258352 27.538918 1.066873
54.890034 15.796776 1.073188
58.932418 16.442611 1.080307
57.552140 14.797388 1.067064
47.108377 31.104140 1.082748
61.752371 21.442695 1.074048
41.716877 20.057702 1.078988
55.370345 20.075758 1.074181
36.418398 18.193093 1.076030
68.212795 28.070537 1.077251
49.005004 17.051180 1.078511
64.535880 29.933819 1.067604
65.010067 21.603718 1.069720
60.249614 21.686214 1.080434
73.051858 24.975219 1.074798
42.791400 23.611483 1.068462
70.425713 31.787544 1.075647
39.729628 24.535014 1.073346
61.512429 30.020857 1.070961
38.890269 23.017279 1.068115
51.691684 17.832150 1.078772
38.688806 17.069751 1.080870
41.215685 22.007862 1.076926
64.808960 28.087556 1.076439
51.638288 21.828000 1.080687
50.638270 14.662745 1.074822
40.241093 27.251503 1.080958
58.117238 19.848253 1.076496
50.541156 19.543939 1.082709
75.235413 27.020214 1.080351
74.530294 29.017703 1.069996
66.623813 32.025888 1.073434
38.259709 24.349911 1.076484
38.117351 27.001837 1.069656
60.742112 17.824329 1.077697
73.173803 26.595416 1.079795
60.696796 27.636272 1.080604
50.286647 17.825205 1.066929
53.527975 15.194464 1.073448
64.263371 15.111581 1.069324
62.467287 32.225035 1.077275
63.382315 30.188776 1.073849
55.333396 25.055780 1.075094
62.754443 17.941660 1.075445
74.064098 28.199753 1.068605
58.961245 15.969287 1.074603
68.289244 27.546763 1.067201
67.385629 30.503203 1.072673
72.482363 24.689616 1.080970
56.013219 18.088324 1.077913
53.957968 24.746735 1.076563
63.907171 31.405993 1.073930
53.500700 28.441873 1.076592
45.537270 22.866807 1.077800
65.624968 15.147468 1.076993
66.594035 26.350769 1.082358
54.303858 23.211548 1.076937
62.333253 22.557460 1.079206
71.538603 29.076179 1.083014
50.722039 18.596581 1.071029
74.382401 25.158837 1.081146
59.929372 14.946397 1.076191
64.399756 22.702411 1.066902
44.626521 21.260137 1.082478
45.110217 20.173457 1.078737
57.973624 14.068183 1.081532
62.689725 31.819317 1.076429
54.298883 15.987313 1.077870
56.823994 28.473636 1.067972
47.403288 14.443206 1.070437
51.128365 31.523854 1.073745
50.456036 24.786752 1.069152
43.145342 30.247155 1.080187
42.497689 17.774567 1.069199
70.850596 25.923212 1.075726
50.923222 19.500659 1.082825
39.800277 22.674711 1.076788
64.642478 21.013792 1.077859
66.602398 15.988419 1.072179
52.901812 24.908719 1.078305
36.890079 28.571255 1.077884
36.531213 28.042690 1.079407
62.997518 19.896997 1.082084
49.846044 18.810818 1.066973
54.465979 29.735193 1.080744
62.087651 14.963052 1.075934
60.687281 19.740654 1.067792
65.536376 14.851884 1.068746
60.360343 29.810382 1.077506
46.488456 23.916287 1.069865
47.205179 29.608046 1.081302
47.694677 16.685539 1.073377
44.061496 24.059965 1.080144
74.829931 25.159230 1.077553
67.361675 24.576152 1.069695
67.568016 24.626432 1.068371
49.230390 15.145723 1.070515
60.963549 31.725435 1.067489
45.544055 21.805732 1.070460
69.025925 30.597478 1.074282
46.296262 26.439786 1.076063
37.948539 26.770442 1.080424
55.996253 31.194509 1.081993
51.593012 25.479683 1.080638
50.181243 16.982690 1.081778
57.164825 16.668842 1.073730
38.380967 20.434620 1.073587
51.899931 15.334004 1.074984
61.204378 17.995672 1.066673
56.845725 31.261318 1.074360
47.046731 17.791948 1.075498
37.944177 23.599544 1.071378
61.751070 17.301477 1.079269
62.414974 26.706179 1.073582
36.906284 21.217264 1.071334
66.394444 18.067376 1.077595
63.213424 30.492736 1.080697
52.950877 25.787045 1.069837
50.243314 23.403975 1.073312
60.690854 32.140280 1.073496
63.708955 15.272375 1.078012
46.992832 18.686163 1.075888
38.062011 27.064307 1.067620
56.780446 23.810386 1.079158
42.504843 26.571220 1.072430
55.315760 18.978084 1.074209
46.940471 27.683255 1.076732
66.953393 27.249948 1.067891
56.279736 18.413892 1.081787
60.266335 27.945561 1.067781
44.656222 23.444895 1.074333
66.068123 21.826504 1.066881
66.717262 17.497277 1.069483
51.954806 29.897384 1.076897
52.302108 26.523968 1.080262
53.987060 17.875185 1.071661
47.943944 17.346613 1.074132
39.795598 21.210107 1.070932
44.843334 23.007389 1.070847
62.293395 14.498535 1.080462
39.247550 25.917704 1.068521
61.800749 27.693061 1.080896
61.410517 17.319723 1.069936
49.362811 17.682527 1.072871
65.366957 29.360063 1.067230
47.707418 26.088812 1.080717
73.744010 24.885195 1.069137
56.837216 22.734843 1.071497
62.161328 29.738874 1.073781
45.297622 26.854105 1.078211
66.468233 24.474408 1.077223
73.145566 26.099822 1.075804
51.241505 21.211131 1.067697
43.732191 21.860771 1.078455
72.288469 29.780319 1.081746
44.993072 17.300015 1.076421
54.023333 27.666458 1.082485
65.285686 16.098106 1.081882
60.448390 21.446606 1.076321
54.150757 24.550583 1.076948
47.512378 25.977815 1.072077
43.260630 16.874120 1.068859
71.016198 25.511021 1.070866
50.544703 18.892790 1.074284
46.294991 24.277374 1.078243
56.866876 22.658778 1.068488
55.503058 19.777534 1.070225
59.997356 32.244566 1.076155
62.212834 16.669106 1.079096
54.008658 31.282451 1.068157
36.088418 27.752641 1.071516
48.178991 17.739494 1.070068
58.869049 15.084470 1.067609
53.592254 31.800903 1.074171
62.889291 18.145270 1.067429
48.674068 27.974742 1.072950
56.659515 16.703029 1.082062
40.157836 16.977538 1.074820
57.412641 24.327162 1.083285
46.129589 18.882747 1.074855
56.946945 17.198548 1.076364
48.198482 15.589759 1.080200
55.723599 25.495452 1.073817
44.666515 16.785796 1.079185
59.812962 28.881874 1.074344
51.083356 21.920955 1.073754
42.478704 19.570497 1.067992
48.581295 27.598904 1.068909
64.497728 28.588149 1.073871
37.492610 24.278823 1.067462
41.240056 29.907510 1.079141
64.191198 15.514116 1.080800
50.618288 31.597326 1.073707
71.417237 24.301011 1.082901
50.590082 22.765785 1.080597
52.017859 17.280116 1.080032
44.991214 31.516563 1.073752
72.454349 24.400270 1.071286
53.044649 19.701608 1.070378
47.929856 20.090238 1.075782
55.434920 21.882372 1.079055
53.078429 19.771287 1.071951
65.914534 17.044888 1.076428
51.700789 26.964532 1.071885
70.689175 32.153025 1.077464
64.738740 21.021197 1.075775
50.195378 20.038912 1.076185
55.981222 24.502157 1.070672
42.672678 23.317065 1.066811
55.895104 27.235326 1.066681
54.525077 19.827431 1.067155
53.689234 27.173855 1.078140
60.194614 25.842620 1.075965
52.883702 17.177917 1.071851
57.686058 28.104313 1.070238
38.495354 26.495968 1.080525
66.415797 29.526250 1.073564
51.118638 25.933310 1.082798
36.770223 26.559710 1.078326
55.889554 24.243115 1.075177
51.099373 21.593944 1.070601
70.887840 23.335822 1.071188
63.337365 23.396544 1.078476
62.262417 29.346552 1.073537
70.261373 24.230134 1.078203
60.982519 23.102142 1.077353
65.411093 23.495422 1.078938
57.178785 18.440731 1.076420
51.524683 19.154786 1.076576
58.798283 20.309864 1.077589
58.561397 17.341270 1.067028
61.275181 14.933558 1.078005
40.441960 24.054887 1.071900
45.831842 19.050432 1.080006
59.151514 26.945294 1.082009
50.007523 28.470656 1.070438
55.515744 27.708270 1.073874
68.296890 27.561356 1.082293
64.735764 31.483838 1.080047
60.716439 22.175272 1.080613
61.951100 25.986041 1.082252
44.522194 18.957475 1.075596
51.842267 22.691342 1.075631
38.946617 18.551893 1.082144
74.631637 31.931567 1.073178
63.200044 24.950496 1.070482
51.457650 18.687432 1.080498
52.615492 16.576644 1.081036
60.783283 21.021245 1.077435
74.429285 27.653129 1.076813
67.325496 26.660811 1.079088
55.471681 26.469541 1.077287
60.772622 20.123897 1.077329
66.623778 16.712458 1.068105
52.998213 20.985196 1.082516
60.198930 24.416013 1.072259
61.466183 21.758453 1.080495
74.365831 31.421429 1.079646
61.122119 27.574061 1.080643
59.608452 26.299846 1.081756
49.425925 30.789568 1.074960
62.791698 32.197172 1.076696
64.627992 32.547093 1.069587
54.740670 30.625658 1.066662
48.039776 29.631095 1.075736
50.886755 19.154195 1.078648
67.617647 26.714406 1.075536
68.360380 24.131664 1.070782
42.555864 17.392369 1.067938
50.852631 28.939141 1.081794
40.779540 24.545980 1.083254
48.400562 32.106088 1.071644
62.855847 16.443161 1.068578
66.040868 31.900316 1.071950
66.950001 27.839515 1.074268
61.421776 16.651150 1.075615
57.471592 30.733123 1.074325
39.365917 21.091634 1.079254
41.889326 25.754055 1.081195
41.054746 17.414583 1.078564
52.951028 15.740706 1.080451
53.745050 28.690327 1.077217
67.811542 26.352769 1.071205
59.836247 29.818709 1.080836
58.427561 23.894800 1.083066
62.280404 31.461768 1.072517
75.577687 27.555873 1.082248
59.108412 23.932214 1.081482
68.183560 26.136662 1.071882
59.176946 18.132366 1.069219
41.300035 18.484084 1.078110
73.744747 32.086573 1.072848
61.095917 26.261328 1.070097
52.329796 27.437815 1.074416
38.205518 20.027591 1.068375
38.815388 18.486799 1.072545
66.864764 22.601799 1.080924
60.688879 22.553508 1.076981
37.555157 21.716592 1.079083
45.636701 16.653023 1.072373
67.215905 29.365585 1.072103
50.187139 24.295647 1.071473
50.273092 21.707302 1.078792
42.255619 28.987422 1.072323
54.278821 16.186059 1.070685
52.241160 18.675395 1.082335
40.784899 23.220542 1.070073
44.154659 32.004121 1.073874
52.151876 21.053782 1.072515
51.398752 26.958020 1.071468
66.960815 18.632498 1.083155
61.425013 19.525047 1.076846
60.461672 24.674979 1.082788
68.878619 23.644444 1.068302
47.257644 16.234209 1.073225
49.158643 27.472766 1.082590
65.071748 16.663649 1.067493
43.718827 25.473658 1.068790
52.859801 25.306126 1.080212
38.518364 20.864128 1.078008
49.736263 22.907881 1.076331
58.387697 30.366196 1.079403
51.453697 21.014036 1.069541
43.714437 25.340540 1.069815
73.959833 31.024417 1.068488
60.226617 24.964826 1.079132
59.423302 18.641219 1.080983
55.528973 28.907245 1.072013
72.379966 30.057190 1.078948
59.451404 18.276118 1.078635
62.567461 14.132365 1.067752
37.054471 24.931153 1.074589
36.272749 18.250038 1.070767
54.074803 20.889693 1.068601
75.788594 24.724574 1.074891
53.075644 23.344545 1.068291
62.731526 23.369736 1.070422
48.043436 22.851564 1.072725
46.743737 21.340306 1.078917
40.373717 16.821827 1.071037
52.361485 19.108543 1.080981
44.885659 23.332429 1.081214
38.840663 25.427719 1.081026
57.533225 22.219908 1.077371
70.166670 25.225755 1.075232
38.933860 22.830468 1.081258
68.071426 27.518106 1.080762
52.156002 18.996525 1.078199
41.086046 25.974400 1.067427
63.081364 29.765173 1.079387
75.243672 25.458519 1.074808
52.938098 19.373941 1.066753
67.309026 24.612745 1.079316
66.512213 26.542246 1.071488
59.835737 24.851741 1.068109
54.817522 27.776179 1.082872
66.775160 17.124380 1.074106
62.951071 20.263084 1.069853
64.121471 21.050719 1.069588
50.991991 15.110514 1.070139
48.691452 13.993282 1.067311
47.193255 16.106050 1.069849
55.202129 15.650253 1.069813
55.095786 20.198187 1.067388
42.411953 28.057221 1.071807
64.374434 20.813442 1.082332
54.671491 19.575627 1.070172
52.752855 19.378054 1.069289
71.806989 25.717610 1.071026
44.612344 20.365024 1.078895
54.355989 15.757171 1.082785
42.502558 22.787097 1.081465
38.693480 23.379238 1.068403
59.998768 22.057175 1.073814
57.297026 17.918059 1.076535
68.357464 27.045320 1.075044
48.923279 21.173034 1.074320
62.328751 22.103891 1.071852
51.601316 15.862483 1.068820
46.360950 31.054115 1.081202
50.097052 23.680655 1.074824
69.663448 26.510870 1.075912
58.757122 30.997307 1.082441
66.387286 14.938848 1.080219
47.618272 16.644137 1.080120
49.982485 29.221752 1.080669
63.650511 15.850231 1.070468
49.353410 25.520630 1.075062
72.997918 27.542135 1.071909
67.002856 28.208642 1.069511
37.948092 16.827523 1.080799
48.834295 29.283026 1.069673
71.214580 31.986927 1.076035
64.500472 16.658755 1.082845
72.750432 30.121842 1.071606
48.317597 30.714553 1.078694
56.423872 14.714967 1.077139
75.633721 25.135156 1.077315
58.545023 15.732386 1.080709
37.692842 20.260812 1.070039
53.175491 20.067402 1.076399
59.568044 29.569023 1.073261
57.888288 19.428377 1.079219
48.019470 31.438521 1.075627
59.063028 16.326979 1.078936
62.448936 32.155073 1.076271
58.421903 23.530758 1.068782
48.836737 22.658703 1.067059
44.025694 27.566177 1.079977
64.750659 27.175826 1.077557
65.700309 22.505986 1.069835
68.036507 28.419704 1.080874
50.710812 30.227711 1.078389
44.944571 27.352500 1.073170
47.958973 23.943019 1.070204
46.881499 25.441939 1.080466
50.566596 28.129372 1.083134
42.496871 29.368568 1.067880
53.457528 27.162433 1.079348
37.738527 26.156937 1.077018
47.883772 28.545937 1.079149
62.943191 28.718548 1.070149
56.301879 19.900212 1.068595
47.528839 17.631834 1.078879
55.614896 27.503548 1.072194
39.423519 18.692334 1.067049
54.299552 16.230738 1.074693
59.584723 24.341673 1.074268
59.289968 24.686898 1.070931
51.205569 31.403402 1.081582
74.433680 27.957052 1.076896
41.272187 31.996667 1.081868
70.770771 25.356850 1.071222
63.972978 16.710414 1.077805
47.310320 23.359410 1.074643
69.325788 26.008993 1.079203
43.567594 28.461933 1.068979
51.223844 13.994303 1.082845
73.110364 25.225913 1.073186
72.238160 30.979349 1.078378
55.951672 32.199189 1.073130
53.684565 30.348345 1.067551
58.858254 14.285469 1.070914
64.774155 30.155444 1.075466
66.157864 19.026812 1.079681
66.432649 16.393180 1.076409
64.063643 31.610712 1.070440
71.539022 24.662009 1.069017
62.102611 14.695930 1.080922
68.620806 29.615191 1.079497
43.054233 25.682732 1.081124
73.188841 28.083149 1.072970
54.088623 18.533950 1.074520
44.130336 29.615120 1.076383
64.884736 22.054614 1.077774
59.386668 22.920628 1.071565
38.048349 21.848378 1.072976
70.137421 31.662072 1.076453
42.932954 20.807826 1.066857
60.896142 32.064877 1.067641
59.351216 16.365193 1.068828
49.705088 24.542473 1.071065
41.349755 27.343562 1.068719
37.907617 20.552123 1.071296
62.712368 31.947915 1.076461
46.480779 27.277965 1.076198
57.047296 21.612606 1.076948
48.706989 27.628206 1.068129
72.829893 28.889868 1.066876
52.653544 16.775529 1.082397
44.329449 20.595361 1.067529
64.668826 28.047754 1.070212
58.621012 30.098713 1.073128
37.289377 18.142311 1.068890
49.792785 16.235853 1.080666
47.170719 24.100222 1.073251
43.618301 22.901394 1.070846
46.076913 24.965056 1.069249
66.597336 17.133736 1.067979
59.930662 30.137105 1.072340
70.293951 23.098898 1.079500
45.488734 17.916005 1.069564
44.912471 18.028040 1.071949
48.651238 19.868432 1.075085
37.086166 18.258760 1.068643
44.136463 16.665506 1.074108
44.322072 16.237547 1.079197
62.350499 18.256780 1.081741
62.597496 25.344059 1.066738
49.051464 24.216463 1.074748
66.997763 26.013465 1.076266
54.857812 17.803249 1.069664
68.868081 30.088030 1.076194
60.097951 21.822528 1.077019
63.581926 16.684270 1.078845
53.669383 28.435971 1.070935
49.666062 30.287636 1.072355
46.780392 20.401273 1.068490
54.615033 19.372935 1.073693
50.504344 17.066030 1.074604
74.408016 32.250620 1.078313
72.485843 31.582713 1.079659
62.584707 21.680511 1.072305
38.544977 17.757960 1.074223
65.055951 15.819913 1.069258
60.972331 27.636397 1.080328
45.589247 16.685922 1.077209
41.112079 19.633098 1.083195
49.761863 21.663623 1.075419
39.245280 23.763093 1.078558
73.620648 28.682780 1.080134
66.594689 32.356233 1.079738
54.986068 30.932808 1.075774
61.113993 30.579319 1.073152
49.580289 30.241642 1.071861
71.719360 28.007525 1.073281
75.668302 24.970812 1.078806
68.411712 25.701639 1.082098
66.827043 22.977894 1.080687
58.041065 20.930149 1.078376
74.269506 29.097150 1.072449
56.900327 32.444872 1.070964
56.919915 22.773612 1.068854
47.845899 23.426417 1.078284
48.042877 22.846030 1.075221
54.588187 15.854844 1.070323
66.965107 26.416581 1.079306
50.505424 23.771062 1.068284
47.295351 29.914399 1.082720
59.700183 30.161318 1.071677
47.604010 27.672449 1.073126
66.433934 29.459495 1.071681
41.502097 20.678478 1.071038
36.865632 20.623241 1.089396
45.750137 22.540215 1.083507
42.578605 19.420954 1.097169
51.379628 17.518914 1.098617
55.273825 21.444775 1.095969
49.012874 18.680408 1.095259
43.110727 29.833816 1.093316
55.112763 30.763944 1.089413
43.074460 16.959940 1.099591
57.285960 26.375331 1.098693
50.796373 14.045590 1.094495
61.524526 24.786041 1.084550
40.913223 23.790196 1.086096
70.883227 29.826886 1.088837
51.056077 27.775622 1.089380
57.337311 19.130255 1.092003
64.286785 15.662944 1.092102
64.844450 15.649341 1.096956
62.654690 19.142385 1.091348
60.137977 29.897997 1.091722
73.573035 29.701656 1.086552
60.526578 19.700050 1.099685
62.869187 23.695171 1.097297
52.139076 16.352408 1.085351
74.288726 25.233575 1.091621
57.660395 20.194863 1.095162
75.853213 27.971207 1.088205
57.955683 20.102756 1.083353
53.413011 24.072707 1.088111
70.660612 26.376278 1.095790
56.080605 17.476912 1.096352
56.078436 19.479687 1.098039
42.957179 24.130780 1.097388
61.913600 25.952712 1.086848
68.816091 25.374350 1.085126
46.806713 16.262390 1.083929
52.034408 16.166407 1.083948
55.623950 23.029204 1.085048
47.401995 17.468011 1.088184
71.600399 26.420235 1.088622
44.732160 19.031983 1.095789
62.765681 20.990729 1.083361
39.532802 26.984340 1.089883
52.372946 19.192452 1.092251
57.953998 15.057429 1.089215
70.151276 26.971422 1.089706
71.471553 24.370349 1.086207
59.981819 25.366557 1.092493
53.815103 21.539278 1.096760
43.270292 19.179146 1.095682
54.908770 30.166949 1.096733
38.422155 16.485044 1.096447
75.661914 29.210963 1.089050
59.024040 18.020471 1.094585
55.932486 25.668991 1.093435
58.292347 30.960687 1.098315
52.652990 22.090884 1.086360
52.024591 26.155102 1.096593
37.120163 18.191551 1.093925
63.666257 18.315917 1.086966
68.080981 29.215450 1.097094
67.182845 29.231677 1.098969
38.887995 20.401542 1.089587
55.166113 29.904837 1.093043
46.149517 17.446408 1.092184
74.508319 24.896087 1.088652
52.724737 18.853855 1.084931
51.261373 20.210678 1.091334
65.277012 22.847175 1.098548
36.088803 18.442901 1.095159
53.482551 15.059717 1.093188
43.053806 23.715075 1.090770
46.434886 21.094951 1.086273
58.450197 21.480373 1.097708
69.569822 29.173846 1.095848
54.545716 29.941668 1.098168
62.221226 16.837741 1.092412
66.652883 30.368095 1.096975
43.433051 21.348461 1.091487
53.183647 16.398709 1.092398
46.342594 31.916199 1.091701
54.314059 21.127155 1.092085
55.026611 17.629074 1.089034
57.366703 29.331354 1.085614
45.200806 29.304049 1.088210
41.914226 26.019439 1.084620
73.907877 26.175265 1.085297
57.810943 24.976750 1.088516
44.969913 28.570837 1.083965
55.660492 14.100633 1.099117
52.639309 21.359570 1.090228
42.543812 21.800503 1.096083
59.247742 23.502528 1.098784
51.784240 18.748997 1.088355
52.984610 16.501819 1.094367
66.713861 27.060394 1.086719
43.212037 21.254178 1.089484
36.925736 21.778869 1.098711
64.766504 21.054428 1.092542
45.609966 16.094985 1.089579
52.440837 21.983669 1.090833
44.447639 22.111387 1.086857
49.143300 14.577002 1.095085
57.504040 15.864010 1.089481
70.444508 24.957490 1.086179
37.535634 25.148445 1.086353
73.783019 22.966372 1.091958
52.512578 22.346594 1.098440
62.971524 29.930564 1.092340
53.350264 27.211286 1.096213
57.582651 26.504795 1.098893
65.452736 16.918480 1.087014
62.782867 20.883574 1.086809
60.339389 20.000708 1.098876
57.122965 18.210750 1.087919
59.807517 28.773724 1.088596
54.527000 29.853561 1.097814
73.198750 25.579273 1.089175
61.182787 14.700857 1.086023
67.444915 29.394730 1.085660
59.279147 23.303892 1.096736
40.392770 18.286036 1.085060
70.175436 23.590214 1.099680
60.142668 17.185654 1.097514
55.221706 22.539932 1.087830
62.697419 20.623731 1.094826
61.678205 28.218213 1.096101
71.072795 27.789149 1.089060
48.162663 15.184135 1.096081
71.879785 27.055309 1.099164
38.027952 26.490935 1.097454
43.287786 22.456668 1.094276
61.951652 29.676139 1.087829
71.028157 31.945328 1.096244
55.490461 19.235520 1.090884
55.428199 22.835978 1.086937
68.989912 28.284922 1.093457
53.040266 16.521484 1.094810
60.163446 31.316281 1.098388
36.472210 21.064188 1.096211
45.023463 28.020064 1.085141
75.391072 26.376746 1.091384
66.273659 18.195354 1.096366
49.410654 29.411314 1.089728
71.106312 31.340525 1.086514
51.125611 22.623601 1.091096
65.703579 26.352789 1.099676
49.558418 16.517025 1.085073
37.232549 25.334505 1.090944
60.385877 24.082475 1.092066
71.337067 31.592876 1.098305
53.647300 17.005974 1.094445
46.940273 17.948265 1.094851
43.524123 25.171941 1.093694
72.442057 29.905694 1.085897
75.904433 27.024302 1.095928
58.846633 17.977455 1.094585
36.012423 18.284187 1.085278
48.610413 14.962254 1.098765
59.301247 22.850294 1.098439
50.747951 14.243136 1.088554
48.466481 16.833593 1.098528
70.437041 31.489453 1.089964
64.421011 20.053025 1.091630
50.390474 26.090440 1.096505
63.003644 14.947081 1.099021
41.442701 31.958173 1.089938
39.080369 19.152055 1.099219
75.997373 26.794756 1.087474
49.214834 27.525834 1.095187
42.793019 28.367152 1.090714
60.508957 29.200075 1.096840
49.150802 15.075677 1.098828
56.841467 32.002515 1.090603
74.246788 23.976549 1.089839
39.521555 25.109326 1.099806
40.221621 18.222777 1.095052
68.761062 25.338251 1.084315
66.154276 29.773439 1.087125
68.572699 30.610641 1.095627
52.687151 13.859421 1.095963
49.718247 29.277094 1.085492
60.529685 28.747425 1.097909
64.540336 30.075611 1.098935
47.042704 14.192093 1.084809
40.507989 18.533381 1.098097
53.549019 15.940352 1.088076
62.424695 21.045362 1.099880
58.891004 14.852561 1.084724
46.475051 27.000537 1.097953
64.860991 25.015891 1.086781
58.241172 18.457328 1.094374
68.531088 32.180123 1.092551
36.822038 22.647756 1.099086
57.722017 24.449051 1.099340
67.989671 30.043249 1.085761
69.004097 27.685999 1.094767
58.582123 17.535246 1.085621
47.242472 23.333071 1.085747
49.478742 31.688942 1.097077
73.993514 28.547617 1.083439
62.650296 18.981900 1.084240
65.704135 31.901675 1.084406
39.452844 21.024745 1.092906
40.796978 22.807399 1.091096
49.080641 31.531017 1.096587
56.197041 24.778493 1.090293
53.915901 25.396463 1.088301
71.371081 24.424500 1.088405
59.733458 25.886235 1.092938
69.426035 31.347993 1.091276
59.818686 23.120159 1.093329
57.462826 16.646654 1.088782
45.216579 25.478269 1.093656
41.382954 19.583701 1.089726
48.509467 31.801364 1.093063
62.637953 20.659769 1.085596
51.332965 19.389716 1.090334
54.104058 22.988171 1.087263
66.775420 25.643370 1.084253
54.532252 15.006543 1.097361
62.165602 16.877648 1.093993
54.206221 31.849842 1.085052
60.695336 17.361420 1.093704
68.533027 29.524671 1.088567
66.960965 26.394070 1.093109
61.988802 29.051557 1.098066
62.648969 21.874282 1.093593
55.856690 21.669646 1.088257
58.901022 32.016300 1.084961
43.500480 30.782394 1.089891
48.897609 24.494061 1.085836
51.375912 25.937040 1.089254
75.550302 30.701458 1.083384
55.325750 27.467992 1.093024
64.894559 15.224658 1.090341
41.347527 20.409547 1.099843
42.817108 22.803879 1.087458
53.010486 16.075610 1.092981
58.356684 19.721062 1.087828
48.235663 20.535684 1.083378
37.722837 16.898860 1.093124
45.855019 31.400140 1.096196
44.633497 18.898248 1.092044
57.487077 23.196185 1.099428
63.604793 16.703846 1.096439
64.813563 17.252410 1.085586
57.433122 16.418543 1.098690
73.082265 24.948973 1.087613
45.802080 20.640953 1.084990
56.954117 30.403737 1.098496
46.855744 24.427757 1.096105
50.634182 20.188606 1.094056
50.133476 17.481907 1.085353
62.616898 31.305583 1.084829
71.148471 31.720719 1.083777
57.771949 17.120736 1.091917
42.447358 22.278118 1.096022
48.740704 21.840386 1.097143
54.887278 15.959339 1.095334
60.731279 31.113431 1.095114
58.454865 14.435027 1.097568
65.593391 25.033219 1.084766
72.068871 26.275453 1.091335
64.615815 27.609601 1.099324
61.903286 18.966654 1.099848
69.397177 25.329593 1.098214
42.921463 27.111907 1.091243
64.694202 18.197994 1.097302
55.576108 14.370634 1.092977
71.262760 32.259539 1.091418
43.056820 27.779553 1.088912
71.480970 31.644684 1.099405
58.272854 30.945422 1.097595
58.193923 14.452015 1.099273
50.881895 15.292092 1.093412
48.622942 19.486233 1.086747
61.145232 24.838122 1.084671
46.647160 23.729081 1.091990
43.161030 26.093842 1.095959
54.317148 17.830250 1.089322
53.231201 14.972489 1.084470
65.256955 16.266635 1.099735
50.086655 23.903533 1.096441
62.876025 20.613991 1.094052
52.966673 16.171350 1.092133
39.731424 21.728137 1.091763
66.695895 24.577448 1.092753
75.437006 24.801469 1.091253
75.882621 30.364613 1.090386
44.787246 26.364494 1.089791
43.890956 22.056702 1.086867
49.525897 23.226715 1.096702
71.136100 28.834104 1.088460
67.817493 29.091912 1.091870
60.084047 25.194166 1.094809
65.519928 22.057798 1.099089
47.914096 29.716103 1.094485
46.239702 24.703207 1.090400
43.747357 31.271916 1.090219
52.286894 22.795464 1.093698
68.870262 27.167035 1.095286
70.630599 27.288716 1.097059
74.929729 26.724886 1.086636
50.077014 32.411110 1.089162
37.037637 24.662641 1.084211
36.864580 28.133640 1.094786
43.191382 30.030373 1.091098
53.962918 14.570885 1.099507
70.773419 31.677157 1.095065
59.888742 17.508395 1.094196
69.964451 23.319687 1.083677
52.856593 23.305138 1.084866
60.186377 28.546259 1.085548
51.835179 21.433298 1.099037
47.191064 23.322675 1.088565
58.590443 24.105979 1.088930
52.208705 18.606226 1.087496
39.762087 26.083902 1.098374
70.512767 23.628473 1.094275
43.237679 30.281847 1.092973
41.874340 20.710802 1.096406
57.194615 15.223616 1.090242
62.970786 27.412763 1.099554
50.491481 16.510578 1.096367
47.489961 13.826661 1.088134
66.294649 20.637860 1.087465
51.630008 24.952384 1.085967
57.496451 19.826540 1.097177
44.140068 26.445569 1.093608
71.959721 25.576439 1.088674
67.993182 29.690886 1.097223
75.254903 24.801575 1.095985
38.348764 18.432955 1.092106
47.039048 22.987704 1.090125
63.504311 14.527673 1.097126
46.873158 19.115239 1.083817
50.445890 15.114935 1.092790
59.950371 16.350983 1.099698
75.126662 27.397967 1.083451
51.664594 26.418240 1.087033
45.945230 24.487113 1.091661
51.909850 29.608809 1.083840
55.953627 17.399761 1.092217
55.847070 18.324457 1.092347
37.751268 18.527933 1.085858
70.886214 30.340932 1.098492
38.285555 24.290880 1.091298
63.876541 16.628573 1.093278
41.757575 17.990163 1.094547
48.263024 18.198716 1.094688
38.716387 18.278199 1.084836
69.905867 28.316518 1.084778
50.633717 14.174683 1.087113
38.617972 25.375210 1.087289
60.319712 18.788406 1.085003
61.345135 19.945362 1.090269
48.524451 28.723779 1.087840
61.293226 30.508768 1.088903
45.760870 27.667352 1.083801
74.247810 27.974798 1.098789
61.767881 28.183987 1.095189
70.925709 26.885937 1.091448
40.246823 21.416616 1.085436
66.919528 25.752858 1.095313
57.641533 19.595723 1.091835
66.588550 26.319692 1.094794
72.825792 30.452678 1.092618
41.451661 17.887753 1.086141
48.404662 16.825241 1.098411
53.305538 22.607184 1.094333
56.690026 18.848824 1.090621
50.644349 32.251117 1.090670
53.861295 16.021111 1.093383
37.587665 22.472616 1.096374
52.644399 18.380110 1.095765
54.816546 29.290915 1.097053
40.286781 17.213167 1.086823
65.639102 31.727640 1.087701
44.376074 25.409083 1.097490
74.933058 29.972574 1.087110
51.086725 29.706265 1.089470
54.652291 28.196050 1.091574
42.577474 31.870428 1.098823
47.358959 21.114866 1.093189
47.687859 16.805433 1.088570
59.147486 15.192022 1.084606
58.322931 27.333550 1.095146
64.433693 18.194875 1.095210
64.448074 26.805722 1.092070
49.977664 21.300589 1.090367
58.483868 22.352580 1.087385
66.767305 21.688986 1.088158
37.130578 21.961227 1.096623
59.716723 25.860429 1.091219
47.891553 17.725679 1.095090
49.134581 15.302857 1.096168
73.197327 31.335837 1.092016
71.252661 32.264491 1.086972
60.959325 14.406446 1.087866
57.284674 28.351656 1.092260
46.521486 27.728383 1.094970
63.844314 26.379278 1.083627
54.793791 21.050345 1.095024
66.538065 24.279888 1.090262
59.967523 25.892768 1.091058
62.409623 19.511037 1.096742
65.855239 24.423665 1.087884
61.619762 18.302194 1.084128
62.947689 23.947520 1.085200
67.521665 25.723037 1.086381
61.405706 30.034424 1.087059
56.611962 25.495605 1.089183
48.343073 30.146655 1.099157
60.287703 31.732599 1.098452
72.934867 23.088145 1.085088
59.789813 30.645096 1.095449
41.953954 25.336167 1.083808
45.475228 21.484260 1.084581
46.134975 31.982834 1.089872
51.233239 27.985649 1.099391
56.586511 31.787905 1.098510
74.751797 32.238715 1.094531
42.317478 31.132632 1.093528
56.826133 18.202086 1.095374
37.469168 25.754906 1.085525
42.213168 21.345519 1.092344
42.678686 21.759689 1.095214
65.000814 19.167117 1.088285
63.559707 26.226526 1.092797
65.504580 27.210048 1.092475
61.903083 22.938215 1.090127
57.356652 23.130922 1.096553
52.808322 19.843313 1.085762
69.046532 32.050735 1.090817
48.634547 16.691413 1.084377
42.057888 23.453933 1.093091
55.449553 24.256974 1.092595
41.428596 30.378282 1.092834
60.462907 29.503127 1.091305
52.364104 23.568083 1.088412
51.898682 29.782000 1.091938
50.308954 26.582042 1.097373
72.621043 30.368388 1.086893
53.651388 16.902900 1.086605
53.722618 14.324861 1.090442
52.124625 25.337241 1.087123
50.217088 16.442292 1.089278
42.887562 27.739581 1.094815
67.310889 25.845620 1.089496
58.824545 16.114418 1.097839
46.501896 16.752129 1.083345
55.016556 15.927996 1.092806
43.759597 25.427019 1.086207
55.721908 31.441388 1.099307
37.582920 23.996768 1.096345
74.934786 29.468088 1.093198
67.250581 29.627335 1.094769
44.864925 29.661931 1.090704
61.618858 14.059277 1.099185
44.088804 25.166900 1.097412
36.608995 17.845182 1.093276
41.699898 27.514340 1.099444
43.575106 27.037173 1.086554
60.177991 31.444022 1.094286
38.398154 24.229851 1.094904
63.441491 16.668080 1.097612
60.514301 24.922247 1.088400
66.727018 31.308758 1.098184
37.349248 28.773958 1.085567
57.085101 21.246168 1.085878
46.446571 16.701374 1.084251
64.356436 16.733985 1.083737
59.908893 18.593578 1.091114
61.272407 17.046216 1.087737
58.884979 18.487698 1.084393
72.200452 28.101084 1.093266
61.586521 17.475999 1.090610
74.383956 30.855754 1.087359
68.223168 30.636660 1.091127
62.416505 23.008940 1.084872
73.223758 23.731375 1.097913
52.784927 29.790145 1.094046
49.834736 16.268874 1.098982
43.221881 22.113193 1.098351
64.108337 26.626276 1.095839
40.716644 28.684229 1.092030
60.121325 14.607059 1.097854
65.994685 25.695654 1.093746
46.100597 23.556065 1.086564
44.311458 20.295487 1.086870
61.354974 31.302495 1.084840
44.421548 27.401156 1.085273
50.561422 16.579017 1.087358
45.149364 21.923995 1.095471
69.688352 27.839026 1.098804
66.648463 19.233565 1.094651
53.608365 17.294835 1.084173
71.756315 30.719662 1.093295
62.795147 16.088691 1.088608
46.232188 30.948551 1.095476
54.802632 15.149456 1.098771
64.246734 29.079548 1.084013
37.833610 26.589791 1.086492
57.576220 25.058514 1.085250
67.369896 27.433513 1.090739
69.955758 25.267216 1.091033
65.590477 30.864156 1.088030
55.775563 30.851832 1.090263
57.587941 19.415438 1.089136
52.161489 25.901898 1.086136
59.193906 16.866549 1.089850
57.057151 26.660482 1.091054
53.697002 15.334051 1.086419
63.554405 23.944910 1.085886
52.950026 16.715133 1.092712
46.443298 27.681930 1.092353
69.201886 29.823339 1.099714
53.366000 26.674823 1.089524
60.384621 14.067245 1.096985
66.216374 27.507226 1.090506
47.655707 31.773066 1.095026
59.291123 23.295410 1.097125
41.839028 29.596175 1.093587
55.519154 25.174532 1.098692
66.830420 17.687966 1.092880
70.672564 28.469213 1.094334
55.127098 31.563271 1.088142
73.249117 28.296503 1.093776
74.983531 29.598605 1.095855
36.736288 25.592052 1.085538
67.116793 25.975820 1.083724
60.987514 20.079271 1.097984
38.033118 17.284783 1.083625
59.015924 31.762714 1.097851
49.227702 27.578616 1.084669
66.215017 30.484384 1.085901
59.931848 13.967075 1.083382
60.363363 17.126944 1.090271
61.122694 26.227550 1.087261
37.978781 17.313460 1.084888
36.581228 17.799562 1.093582
44.763012 21.944710 1.092704
42.787031 25.148528 1.095486
64.421459 23.955213 1.096999
36.565570 17.997889 1.094914
58.692152 29.733075 1.094076
47.891585 21.323260 1.093479
67.397409 30.405658 1.097529
60.996429 30.516998 1.087394
62.811755 20.982785 1.090270
49.320621 14.966008 1.090928
61.286128 20.851505 1.090978
49.694554 15.943677 1.097786
57.792875 19.053270 1.093623
42.251643 24.892975 1.093972
66.330635 17.003514 1.093974
43.389440 32.048822 1.088122
58.916868 22.424089 1.094911
63.084734 19.593931 1.083338
38.599155 23.413470 1.084650
56.384788 19.881330 1.090706
73.023262 30.869225 1.093487
61.094674 18.484363 1.088105
63.136615 27.471237 1.097714
47.166258 16.134794 1.097377
59.521317 14.054655 1.098425
47.783503 31.555555 1.091664
43.200358 25.825240 1.084505
47.314065 16.411184 1.098975
47.004034 16.927415 1.093401
62.701631 15.864626 1.097389
63.713764 18.625698 1.087281
38.420325 16.614534 1.098665
56.783280 30.908040 1.083990
55.694030 21.067650 1.085846
52.149362 29.935639 1.083859
66.781600 22.019858 1.097850
45.267601 30.553255 1.090541
58.542858 25.989815 1.091720
36.843397 26.733159 1.083702
57.737113 31.410702 1.090323
74.293429 26.604702 1.094058
61.474290 19.689278 1.094135
42.180940 23.898309 1.083464
70.343608 31.251538 1.095742
61.685880 20.851259 1.091910
49.015111 32.378966 1.088545
52.389638 18.516572 1.084185
51.254167 15.612812 1.095850
50.502401 14.865304 1.096578
57.550261 32.511645 1.089099
46.837150 22.533301 1.095863
69.982876 29.775254 1.095463
60.395690 16.440626 1.088450
75.869069 30.412115 1.099033
62.077532 17.805046 1.089974
52.542877 16.210882 1.090035
51.511641 30.362400 1.096630
69.049272 24.177224 1.088968
72.884862 28.716624 1.094018
44.958279 25.747601 1.084154
64.499021 17.252515 1.095483
69.852610 27.445519 1.094457
59.782322 19.275896 1.086732
42.029363 17.980078 1.096200
46.377162 30.106794 1.095259
48.154733 30.846524 1.095226
54.428944 30.889788 1.083543
56.512925 28.187389 1.084098
74.776048 31.955386 1.098365
54.007624 25.074226 1.088915
64.210390 21.337717 1.094161
72.998230 27.282132 1.084230
42.008622 20.030359 1.085340
41.233533 23.698293 1.099194
49.970322 23.698008 1.086357
56.650283 26.191424 1.083854
43.337141 29.628817 1.089281
57.828880 21.103011 1.095817
55.486993 21.323250 1.093985
46.115308 20.380366 1.098080
50.679028 25.078851 1.096994
49.489868 14.811074 1.094645
54.525623 28.626101 1.091955
42.010450 25.062219 1.093769
70.314904 26.457135 1.097416
72.673160 29.475066 1.094685
63.471624 28.705831 1.089952
67.495724 27.675833 1.088688
45.302398 23.012140 1.092990
48.251299 28.498650 1.097087
56.694980 21.047865 1.089888
47.383694 26.951693 1.083751
65.883780 26.304468 1.090431
51.603464 19.002741 1.098637
56.699632 22.830392 1.090464
41.406104 16.799730 1.084674
52.658379 29.056175 1.084378
69.888188 25.907062 1.088987
69.966085 25.522372 1.092955
54.946406 23.251768 1.083844
48.190603 16.733697 1.098734
55.669134 15.172856 1.088412
55.025368 18.675359 1.090261
59.784197 29.770293 1.094167
37.318992 26.907132 1.092824
42.225036 29.830084 1.090296
36.801814 25.924317 1.093412
57.230141 15.363415 1.088408
46.873176 26.840610 1.094001
63.000112 14.314024 1.083317
63.981300 17.643140 1.083847
52.235672 16.431622 1.091717
66.304684 15.825940 1.096633
52.382478 29.346652 1.096047
63.971421 31.479752 1.087687
63.765188 27.595143 1.095883
57.698226 15.744350 1.085001
58.232264 27.350625 1.089066
37.501939 21.532859 1.097211
66.295895 24.379680 1.094901
75.455124 24.405524 1.095033
63.955427 26.831153 1.094289
49.084823 17.705793 1.090600
57.622984 30.653681 1.084624
50.868595 25.976631 1.093790
42.540489 31.477865 1.090745
54.784293 14.222817 1.099730
69.724828 29.643368 1.093493
55.248209 24.534934 1.096686
57.465176 25.567306 1.085671
48.115423 30.382559 1.091093
75.563229 29.059732 1.092662
40.433246 17.468404 1.089294
69.224139 31.206873 1.094037
48.982089 17.750796 1.084351
50.661195 24.189091 1.088275
61.231551 23.504561 1.084682
71.608562 29.794092 1.087055
68.594171 26.641740 1.085181
44.891502 26.513739 1.088028
38.004795 26.695941 1.095191
50.807921 30.411229 1.095809
44.366486 24.654358 1.099503
61.023771 16.946855 1.091063
42.357440 22.261266 1.093100
54.379074 20.999701 1.096982
38.803173 21.631217 1.096057
54.845974 15.112842 1.099209
48.289325 24.534900 1.097683
52.987363 32.331190 1.099324
71.816969 25.746318 1.090478
37.637969 18.408339 1.098672
57.581263 15.440325 1.087450
50.741991 25.788079 1.083513
63.040892 29.942431 1.085918
62.427353 17.721969 1.086909
65.254673 15.757045 1.088413
55.406127 16.397463 1.087205
43.623419 22.146205 1.097911
59.345605 31.058693 1.098163
45.301042 16.041533 1.091787
47.194580 30.838180 1.089500
56.071574 22.197360 1.084618
39.382610 26.905508 1.099814
40.765519 28.672644 1.097369
64.233448 20.277460 1.087335
59.275934 26.833689 1.089581
63.511500 16.112698 1.098098
61.722271 16.309454 1.091977
56.741460 27.902747 1.084502
42.168768 17.149093 1.085135
51.028959 17.675548 1.097433
61.104811 32.374794 1.088245
66.323583 24.624990 1.088418
47.168112 16.514318 1.088498
57.954717 16.422394 1.095401
60.755024 25.474437 1.091763
51.759981 30.545489 1.094591
63.808995 19.502194 1.086769
69.441414 24.356288 1.090985
50.533400 22.915824 1.092358
36.005912 19.427114 1.093462
56.373099 32.182077 1.088441
55.190715 22.727046 1.089912
47.785851 20.508271 1.099203
63.723577 17.991054 1.083698
46.366980 25.450907 1.085286
67.963922 26.908831 1.089745
62.105646 17.399029 1.084181
62.863639 25.887232 1.085235
72.803443 30.376772 1.096667
51.799498 15.555121 1.096982
64.207892 18.568253 1.096669
41.126517 20.440418 1.095887
48.848570 31.329693 1.099564
41.131762 29.667796 1.085046
36.933648 18.323370 1.095325
56.781105 22.828864 1.097116
51.097909 25.949380 1.092651
44.753961 26.292685 1.090439
68.169148 31.978867 1.092638
38.481116 27.769381 1.094258
74.488734 29.759975 1.090463
59.755557 23.067852 1.091738
60.682596 20.718044 1.084201
54.451226 17.153149 1.095760
61.925515 30.840145 1.096982
61.873229 28.080832 1.093752
65.593447 26.245863 1.097315
50.237826 14.431798 1.088801
54.805780 27.209333 1.096517
52.052151 19.371902 1.098028
54.322922 27.513143 1.099923
52.416889 18.064812 1.085290
57.768413 22.194120 1.097698
76.001210 27.610149 1.095972
46.712809 19.939137 1.095799
42.874860 17.237991 1.090745
47.152780 31.891167 1.098011
44.556641 20.671178 1.099213
65.448750 17.163078 1.089532
58.845919 15.719087 1.088655
44.424146 28.658975 1.096067
54.449509 23.829967 1.084228
60.407233 27.168955 1.085930
65.037794 17.007235 1.088438
57.989319 19.252047 1.087915
60.462671 20.517915 1.092715
48.473707 31.446988 1.097612
50.841839 27.757968 1.097065
47.001346 28.593690 1.084143
60.552913 29.334452 1.093804
39.964499 24.307209 1.085214
58.537884 26.018311 1.091087
71.679623 29.783842 1.088521
37.349582 26.220494 1.092641
53.503452 30.417065 1.096806
69.648579 27.362711 1.094788
68.764265 30.003755 1.099396
54.466097 30.649322 1.085674
49.455429 29.490000 1.084776
68.827070 26.705310 1.085594
44.965492 30.525035 1.087909
62.444508 16.308317 1.086662
48.441796 27.408991 1.085660
56.597913 29.883083 1.095674
42.661512 17.070411 1.098172
37.147059 19.793602 1.099308
48.421575 24.249722 1.097256
67.439696 30.924429 1.084837
74.950729 27.436894 1.087241
54.454790 15.375851 1.088356
53.043948 25.569043 1.098917
75.126670 27.652521 1.094325
43.588654 19.956355 1.088712
46.907122 23.106734 1.091679
51.918343 25.165680 1.089297
66.360208 29.561859 1.088557
50.294664 28.888012 1.093505
53.119492 16.965384 1.090633
54.882475 29.153161 1.093946
57.938707 28.313547 1.091745
56.002628 31.357369 1.096497
55.325970 21.614267 1.083422
38.749099 20.529663 1.091013
49.508429 24.602877 1.098139
62.479473 27.043420 1.095176
60.794444 14.078196 1.096347
75.233272 27.598053 1.085553
68.507911 28.965378 1.097580
57.526866 25.261520 1.093952
44.413657 32.114632 1.087400
41.623426 16.810970 1.093996
55.713953 22.860049 1.084382
49.326283 17.372815 1.097325
44.356768 20.293069 1.086124
51.603032 26.269507 1.090870
65.356872 19.375418 1.084608
73.738363 23.801243 1.099566
63.478162 14.418447 1.084216
43.111022 25.938279 1.088195
55.554819 26.309356 1.090082
36.971113 17.844888 1.089445
74.159479 29.681135 1.097615
50.716846 24.927433 1.093172
53.693484 16.421681 1.094923
64.313599 20.840227 1.099501
61.134449 23.090601 1.098248
39.072581 20.400260 1.092628
56.493384 18.437276 1.096755
57.498523 20.127274 1.089337
42.258620 26.157368 1.092877
72.735442 28.364564 1.098566
53.434124 21.709383 1.092645
58.163810 20.686371 1.098539
66.693064 24.593131 1.090525
63.361932 26.509802 1.086304
63.511505 22.367815 1.086942
53.134833 20.458264 1.087214
53.307705 17.433141 1.097333
60.049223 31.889510 1.097521
59.591684 24.404181 1.099048
38.979947 20.549057 1.090164
61.789648 29.486652 1.099085
61.363288 18.454915 1.099739
59.698095 26.579128 1.087417
37.196229 18.781793 1.094247
50.730708 21.933256 1.099688
53.469806 17.526912 1.095634
74.915628 24.165832 1.094324
43.230565 26.169827 1.088418
64.088638 17.982477 1.091494
43.866783 18.255215 1.095232
51.329213 22.763969 1.090986
43.934282 26.191514 1.096660
69.476903 27.569750 1.089508
57.552194 29.689585 1.087722
45.782339 20.500322 1.084290
75.842781 29.202066 1.090075
62.446918 22.725916 1.095665
62.101182 29.973801 1.094299
56.142082 17.747058 1.098272
44.926262 24.329862 1.089427
46.958669 30.943068 1.092389
63.644535 32.370687 1.098540
36.377923 21.059526 1.094589
60.711071 20.464188 1.095274
67.627552 27.587461 1.090233
72.089677 28.780729 1.098524
37.409281 23.103079 1.091421
61.739044 22.509978 1.089574
61.490907 22.846090 1.098675
39.536298 21.720245 1.087023
57.513457 28.548985 1.097483
71.561734 26.113833 1.083393
48.795340 21.131576 1.086437
41.736744 17.233652 1.098402
65.265761 15.539946 1.096203
63.286791 23.567867 1.097142
60.554969 17.695571 1.094711
42.624575 26.715390 1.087023
65.280311 29.621811 1.099419
57.195091 18.507433 1.092118
50.609962 21.342499 1.089208
57.175972 17.919732 1.087949
63.222410 20.725811 1.086819
64.768461 21.235879 1.084448
67.740867 30.398718 1.094910
47.316443 24.130941 1.091969
55.024430 20.517784 1.097630
55.733323 21.022280 1.093581
63.559169 26.173461 1.096786
43.958518 24.111150 1.094839
66.823847 17.988228 1.095553
75.541554 30.356433 1.099588
37.347782 27.175180 1.093754
39.382292 23.845929 1.093013
50.698345 18.397994 1.089646
51.569295 22.367679 1.092587
56.973335 24.617379 1.093759
72.962958 31.717724 1.095607
72.127337 29.751904 1.094901
48.030150 18.954762 1.095348
62.815080 17.407243 1.091536
54.884674 30.535013 1.083684
74.986443 30.889601 1.093557
64.237290 21.276612 1.089140
42.501229 22.718192 1.093759
60.593026 23.556626 1.084933
71.587037 27.127045 1.087044
68.011164 25.483299 1.086538
55.771951 31.626268 1.086934
58.489895 28.340311 1.088475
46.787979 22.224281 1.083902
62.391494 22.522818 1.089158
58.676452 24.253541 1.094066
45.602598 22.806104 1.089442
60.882139 20.428110 1.093735
57.158123 17.379603 1.084846
64.028777 29.897387 1.099333
60.447810 22.078279 1.089055
60.528475 32.116352 1.093513
51.273754 17.398614 1.096877
39.756607 26.766338 1.087488
69.018420 26.463249 1.087891
75.907866 28.409529 1.085253
57.323802 28.580855 1.092290
56.902720 20.236459 1.095329
70.325159 23.654255 1.085352
62.482009 26.597719 1.084826
47.825195 30.219509 1.095352
